meanRSSI,varRSSI,meanSNR,varSNR,CFO,PLR,CRC,SF,CR,meanToA,label
-108.0,0.4875,-2.4,0.1275,286.4709,0.0909,0,10,5,289000.0,1.0
-107.6361,0.6392,9.0153,0.1107,421.8321,0.1328,0,12,8,1450000.0,0.0
-126.4523,0.2363,-3.0597,0.207,-545.21,0.0,0,8,5,83000.0,2.0
-113.5472,0.7945,-7.7717,0.5038,-426.7705,0.0,0,8,5,83000.0,2.0
-109.075,0.1756,-2.875,0.0156,285.8418,0.0909,0,10,5,289000.0,1.0
-127.2201,0.1432,-3.7536,0.1188,-404.6646,0.0,0,10,5,289000.0,2.0
-108.6,0.24,3.825,0.9006,310.7979,0.913,0,10,5,289000.0,1.0
-134.5094,14.9483,-11.0593,12.3466,403.1716,0.0,0,12,8,1450000.0,2.0
-131.7952,0.3869,-9.4998,0.2254,104.3275,0.0,0,12,8,1450000.0,2.0
-106.0834,0.646,11.7998,0.2609,385.7601,0.0,0,12,8,1450000.0,0.0
-127.9983,0.9513,-3.7699,0.5111,-80.7056,0.0,0,10,5,289000.0,2.0
-111.1,0.49,9.9,0.09,259.4177,0.0,0,10,5,289000.0,0.0
-110.1875,0.0,9.9531,0.0,2464.4153,1.0,1722,8,5,0.0,1.0
-117.2579,0.1818,9.1506,0.138,348.2801,0.0936,1,12,8,1450000.0,0.0
-104.45,1.5975,-2.45,1.0475,294.2304,0.0909,0,10,5,289000.0,1.0
-122.9155,0.6172,0.485,0.257,-623.0234,0.0,0,10,5,289000.0,2.0
-118.1,0.49,4.875,0.1781,-622.4346,0.0,0,8,5,83000.0,0.0
-118.3,0.21,4.725,0.0306,-515.0605,0.0,0,8,5,83000.0,0.0
-109.625,0.1719,-4.375,0.5469,-517.9966,0.0,0,8,5,83000.0,1.0
-114.1,0.09,8.475,0.0556,-165.2556,0.0,0,8,5,83000.0,0.0
-104.3336,0.5763,13.3565,0.0898,178.7653,0.1818,0,12,8,1450000.0,0.0
-110.3125,0.3242,-5.0625,0.043,-528.4823,0.0,0,8,5,83000.0,1.0
-125.1679,0.3089,-2.0126,0.3134,243.2065,0.0,0,8,5,83000.0,2.0
-102.4969,2.2507,-2.4373,2.2092,-43.4734,0.0,0,12,8,1450000.0,1.0
-122.8283,1.7336,0.1424,1.9099,29.7542,0.0,0,10,5,289000.0,2.0
-128.6111,3.3764,-5.9888,1.9294,168.1752,0.0123,0,8,5,83000.0,2.0
-110.7004,1.3885,-9.0916,0.9664,464.0338,0.1443,0,8,5,83000.0,2.0
-111.1199,2.7041,-3.1464,2.3325,331.0656,0.1673,0,12,8,1450000.0,1.0
-115.9,0.29,6.775,0.1556,-515.0605,0.0,0,8,5,83000.0,0.0
-116.561,0.7824,6.5169,0.3167,218.8586,0.1853,2,12,8,1450000.0,0.0
-131.8905,20.1605,-6.9408,18.4896,-476.1071,0.2958,0,10,5,289000.0,2.0
-113.1875,1.7305,-7.6875,1.168,-503.3165,0.0,0,8,5,83000.0,1.0
-110.0829,0.4688,6.9566,0.2276,233.9243,0.003,0,12,8,1450000.0,0.0
-103.1655,0.0,4.9996,0.0,3560.112,1.0,30,12,8,0.0,1.0
-117.2,0.16,5.325,0.0256,-121.6348,0.0,0,8,5,83000.0,0.0
-109.1,7.89,10.1,3.265,241.8016,0.0,0,10,5,289000.0,0.0
-112.2,0.16,10.2,0.01,114.9239,0.0,0,10,5,289000.0,0.0
-115.0,0.0417,-3.0,0.0417,-535.4728,0.0,0,8,5,83000.0,1.0
-102.0,0.2,11.925,0.0506,-492.4113,0.0,0,8,5,83000.0,0.0
-118.6554,0.2989,4.3481,0.8177,-547.5621,0.2889,32,8,5,83000.0,1.0
-114.125,0.2656,-3.125,0.6406,-543.1624,0.0,0,8,5,83000.0,1.0
-126.6757,0.0752,-3.5649,0.064,-481.4823,0.0,0,10,5,289000.0,2.0
-111.5,0.25,10.25,0.0125,258.9983,0.0909,0,10,5,289000.0,0.0
-127.085,1.134,-3.0647,1.1087,-91.5761,0.0,0,10,5,289000.0,2.0
-112.75,0.2917,0.1667,0.0972,-546.6577,0.0,0,8,5,83000.0,1.0
-130.2761,0.5524,-7.0545,0.4717,-19.9105,0.0,0,12,8,1450000.0,2.0
-109.4167,0.0139,-4.4167,0.0139,-524.288,0.0,0,8,5,83000.0,1.0
-116.025,2.6931,-3.125,0.3281,-523.4492,0.0,0,8,5,83000.0,1.0
-115.1,0.09,7.875,0.0156,-176.9996,0.0,0,8,5,83000.0,0.0
-113.6,0.44,8.7,0.0475,90.3873,0.0,0,10,5,289000.0,0.0
-116.2484,1.1767,5.6549,0.3194,2767.3808,0.3972,1685,8,5,0.0,1.0
-104.7,1.085,-2.7,0.635,301.5705,0.0909,0,10,5,289000.0,1.0
-115.4,0.24,7.575,0.0256,-480.6673,0.0,0,8,5,83000.0,0.0
-100.2,0.16,11.725,0.0431,-442.0797,0.0,0,8,5,83000.0,0.0
-124.3505,8.5885,-2.0119,7.9394,-451.0938,0.0745,0,8,5,83000.0,2.0
-101.475,0.3931,-2.075,0.0631,117.5454,0.0,0,12,8,1450000.0,1.0
-113.4,0.44,9.075,0.0381,53.6871,0.0,0,10,5,289000.0,0.0
-118.3,0.41,4.275,0.2181,-615.7238,0.0,0,8,5,83000.0,0.0
-106.125,0.0,-0.625,0.0,2797.6008,1.0,5,10,5,0.0,1.0
-113.3,0.21,8.875,0.0281,76.546,0.0,0,10,5,289000.0,0.0
-132.7095,0.104,-10.4041,0.0974,61.1435,0.0,0,12,8,1450000.0,2.0
-116.4,0.44,6.425,0.2756,-494.9278,0.0,0,8,5,83000.0,0.0
-120.682,16.553,0.7431,17.6307,-131.2067,0.2139,0,8,5,83000.0,2.0
-130.5462,4.3635,-7.8645,3.6971,-28.4548,0.0,0,12,8,1450000.0,2.0
-113.8,0.36,8.425,0.2506,150.5755,0.0,0,10,5,289000.0,0.0
-109.325,0.4881,-1.8,0.51,298.0053,0.0909,0,10,5,289000.0,1.0
-105.4,0.24,0.25,0.075,328.414,0.2308,0,10,5,289000.0,1.0
-128.6739,4.4369,-5.8374,3.1368,221.3198,0.0506,0,8,5,83000.0,2.0
-122.823,0.2755,0.2672,0.3494,-395.1646,0.0,0,10,5,289000.0,2.0
-117.2071,0.283,8.2896,0.4614,292.4003,0.1354,0,12,8,1450000.0,0.0
-103.9528,0.6202,12.027,0.1801,421.6038,0.0,0,12,8,1450000.0,0.0
-112.3,0.81,9.85,0.4025,-23.9075,0.0,0,10,5,289000.0,0.0
-105.075,0.0131,0.025,0.0431,294.8596,0.0909,0,10,5,289000.0,1.0
-112.9,0.49,9.625,0.0656,255.8525,0.0,0,10,5,289000.0,0.0
-117.3548,0.0,6.9274,0.0,2563.531,1.0,2418,8,5,0.0,1.0
-116.8,0.96,6.15,0.64,-146.8006,0.0,0,8,5,83000.0,0.0
-999.0,0.0,-999.0,0.0,0.0,1.0,0,10,5,0.0,1.0
-125.1679,0.3089,-2.0126,0.3134,243.2065,0.0,0,8,5,83000.0,2.0
-103.3464,0.3225,12.7926,0.0676,377.3715,0.0,0,12,8,1450000.0,0.0
-115.6,1.04,7.275,0.6181,-481.506,0.0,0,8,5,83000.0,0.0
-114.25,0.0417,-3.25,0.0417,-538.269,0.0,0,8,5,83000.0,1.0
-131.6724,1.8173,-7.1243,1.5821,-480.9486,0.0,0,10,5,289000.0,2.0
-999.0,0.0,-999.0,0.0,0.0,1.0,0,8,5,0.0,1.0
-116.4,2.04,6.475,2.0181,-494.089,0.0,0,8,5,83000.0,0.0
-110.3,0.41,10.375,0.1156,-116.6016,0.0,0,8,5,83000.0,0.0
-116.5,0.45,6.625,0.0531,-476.4729,0.0,0,8,5,83000.0,0.0
-130.6932,1.3527,-8.2449,1.2012,396.1631,0.0,0,12,8,1450000.0,2.0
-120.0142,1.1718,-6.7395,1.6452,2202.941,0.5186,85,8,5,0.0,1.0
-121.7703,0.5474,-2.3288,0.3453,-408.7196,0.0,0,10,5,289000.0,2.0
-127.4005,3.021,-4.8234,1.5887,-112.5607,0.1133,0,8,5,83000.0,2.0
-103.7433,0.2666,12.565,0.0881,172.4715,0.0,0,12,8,1450000.0,0.0
-102.4,0.24,11.725,0.0431,-491.5724,0.0,0,8,5,83000.0,0.0
-108.6667,0.8472,-4.3333,0.1806,-513.1032,0.0,0,8,5,83000.0,1.0
-117.8253,1.7839,6.0791,0.3747,-632.8305,0.8198,15,8,5,83000.0,1.0
-103.2,0.3225,-0.15,0.3025,335.5443,0.0909,0,10,5,289000.0,1.0
-106.8,0.0,4.05,0.0,2834.301,1.0,274,10,5,0.0,1.0
-112.6,0.24,9.275,0.1056,-240.7531,0.0,0,8,5,83000.0,0.0
-111.2,0.56,9.825,0.9131,150.7852,0.0,0,10,5,289000.0,0.0
-119.6106,2.2984,0.7879,1.9013,42.2336,0.16,0,12,8,1450000.0,1.0
-125.334,1.6193,-3.4154,0.7404,226.987,0.0556,0,8,5,83000.0,2.0
-118.6,0.24,4.15,0.14,-623.2735,0.0,0,8,5,83000.0,0.0
-122.4131,0.5618,-1.1014,0.2235,-525.6869,0.0,0,8,5,83000.0,2.0
-101.2,0.16,11.775,0.1056,-438.7242,0.0,0,8,5,83000.0,0.0
-116.345,1.7482,-5.6686,4.4063,269.6238,0.1582,0,12,8,1450000.0,1.0
-105.5,0.0,2.8125,0.0,2872.0496,1.0,19,10,5,0.0,1.0
-114.4,0.24,8.35,0.0525,-492.4113,0.0,0,8,5,83000.0,0.0
-102.4886,1.3296,-0.4176,1.7839,290.8337,0.0,0,12,8,1450000.0,1.0
-116.4,0.24,6.55,0.0225,-149.3172,0.0,0,8,5,83000.0,0.0
-110.75,1.6563,-5.0,0.2187,-520.0937,0.0,0,8,5,83000.0,1.0
-123.4383,0.6872,-0.4918,0.5444,-73.0809,0.0,0,10,5,289000.0,2.0
-101.775,0.5806,-5.175,2.7006,-146.6958,0.0,0,12,8,1450000.0,1.0
-102.3,0.6225,-9.2,0.1225,105.3819,0.0,0,12,8,1450000.0,1.0
-103.925,0.8756,-0.625,0.0406,337.222,0.0909,0,10,5,289000.0,1.0
-104.0,0.0,1.25,0.0,349.1758,0.6667,0,10,5,289000.0,1.0
-117.0791,0.4797,8.2991,0.3488,358.1918,0.0994,1,12,8,1450000.0,0.0
-124.3909,0.3006,-1.6022,0.2481,-390.7004,0.0,0,10,5,289000.0,2.0
-132.8081,8.0424,-9.4856,6.1384,289.5261,0.0,0,12,8,1450000.0,2.0
-116.2,0.16,6.5,0.025,-514.2217,0.0,0,8,5,83000.0,0.0
-126.171,0.6356,-13.9826,5.7325,-687.8647,0.9855,1400,8,5,0.0,1.0
-112.4365,0.4686,7.5253,0.4147,447.9242,0.091,0,12,8,1450000.0,0.0
-113.1,0.09,9.05,0.035,-258.3691,0.0,0,8,5,83000.0,0.0
-118.0,0.4,4.775,0.2431,-624.9513,0.0,0,8,5,83000.0,0.0
-114.0651,0.3509,5.9639,0.2873,209.1436,0.0442,0,12,8,1450000.0,0.0
-115.8,2.76,7.05,2.335,-493.2502,0.0,0,8,5,83000.0,0.0
-119.0,27.2106,4.7549,39.7738,-595.8635,0.2747,0,10,5,289000.0,2.0
-111.7,0.41,10.275,0.0306,197.7614,0.0,0,10,5,289000.0,0.0
-113.1279,1.8236,8.6008,0.4319,2725.0825,0.9898,1820,8,5,0.0,1.0
-104.9083,0.2834,10.6281,0.3149,390.5491,0.1,0,12,8,1450000.0,0.0
-122.9317,0.8402,-1.4515,0.4739,157.2515,0.0,0,8,5,83000.0,2.0
-119.0414,2.4557,-5.8155,4.4486,117.2225,0.1378,0,12,8,1450000.0,1.0
-112.7,0.41,9.5,0.45,254.1748,0.0,0,10,5,289000.0,0.0
-103.5687,0.1259,10.4927,0.2741,360.6442,0.0,0,12,8,1450000.0,0.0
-108.9375,0.4805,-4.4375,0.043,-511.7051,0.0,0,8,5,83000.0,1.0
-112.9,0.09,9.375,0.0156,255.0137,0.0,0,10,5,289000.0,0.0
-109.05,0.035,-2.05,0.035,296.3276,0.0909,0,10,5,289000.0,1.0
-119.8759,13.0954,1.1974,6.7667,-133.8143,0.0736,0,8,5,83000.0,2.0
-112.4,0.64,9.975,0.0306,135.2663,0.0,0,10,5,289000.0,0.0
-108.9167,0.0972,-5.9167,0.0972,-521.4919,0.0,0,8,5,83000.0,1.0
-116.2,0.16,6.675,0.0381,-478.1507,0.0,0,8,5,83000.0,0.0
-107.125,0.0,-0.625,0.0,2787.6392,1.0,5,10,5,0.0,1.0
-121.4084,0.4363,-1.8176,0.3487,-413.8597,0.0,0,10,5,289000.0,2.0
-108.5,34.18,11.0,28.166,-459.7731,0.4525,0,10,5,289000.0,2.0
-114.9489,1.7308,-5.524,0.9629,-113.2931,0.0,0,8,5,83000.0,2.0
-119.0165,2.1284,7.5313,0.1425,2427.1843,0.8325,831,8,5,0.0,1.0
-111.2,0.16,8.775,0.0306,-114.0851,0.0,0,8,5,83000.0,0.0
-114.9489,1.7308,-5.524,0.9629,-113.2931,0.0,0,8,5,83000.0,2.0
-133.9069,0.4878,-11.4267,0.3582,-21.1341,0.0,0,12,8,1450000.0,2.0
-133.6705,2.5848,-10.2876,2.0446,97.3675,0.0,0,12,8,1450000.0,2.0
-113.9,0.29,8.525,0.0306,109.681,0.0,0,10,5,289000.0,0.0
-104.825,0.1756,-5.025,0.1556,320.4448,0.0909,0,10,5,289000.0,1.0
-114.875,0.0469,-1.875,0.0469,-545.2595,0.0,0,8,5,83000.0,1.0
-117.7721,0.2113,-4.0009,0.1774,469.1507,0.0,0,8,5,83000.0,2.0
-113.5833,0.5139,-8.25,0.125,-499.1222,0.0,0,8,5,83000.0,1.0
-116.1001,0.3891,5.3981,0.4262,374.1655,0.0762,2,12,8,1450000.0,0.0
-113.8,0.16,8.525,0.6181,88.0804,0.0,0,10,5,289000.0,0.0
-103.0,0.0,0.0,0.0,321.9128,0.75,0,10,5,289000.0,1.0
-109.2,0.16,9.05,0.1725,257.1108,0.0,0,10,5,289000.0,0.0
-114.5268,0.3303,8.3301,0.514,344.4749,0.0397,1,12,8,1450000.0,0.0
-114.3001,4.134,7.7718,3.7036,-609.52,0.08,0,10,5,289000.0,2.0
-101.4,0.24,11.1,0.165,-442.0797,0.0,0,8,5,83000.0,0.0
-130.6309,45.0,-8.2092,36.6717,439.5822,0.0,0,12,8,1450000.0,2.0
-121.7007,0.6679,0.7828,1.2774,-603.9749,0.0,0,10,5,289000.0,2.0
-999.0,0.0,-999.0,0.0,0.0,1.0,0,10,5,0.0,1.0
-132.1861,16.191,-8.0174,12.9497,520.0586,0.2,0,12,8,1450000.0,2.0
-122.0738,0.6219,-2.9955,1.0669,20.7589,0.0,0,10,5,289000.0,2.0
-110.0645,0.0,10.1935,0.0,2470.1746,1.0,1753,8,5,0.0,1.0
-112.75,0.125,0.1667,0.1806,-535.4728,0.0,0,8,5,83000.0,1.0
-132.4118,1.5108,-9.6961,1.522,394.1615,0.0,0,12,8,1450000.0,2.0
-113.2669,0.3826,8.7666,0.4945,280.833,0.048,1,12,8,1450000.0,0.0
-104.0,0.375,-4.3,0.135,292.343,0.0909,0,10,5,289000.0,1.0
-112.6,0.24,9.825,0.1006,250.8194,0.0,0,10,5,289000.0,0.0
-123.6713,1.7407,-0.5078,1.4404,-399.2161,0.0,0,10,5,289000.0,2.0
-113.7428,1.5388,9.1112,0.4563,2619.1749,0.1003,592,8,5,0.0,1.0
-105.971,0.1866,11.1994,0.2676,451.4388,0.0,1,12,8,1450000.0,0.0
-108.7304,0.583,9.3662,0.3075,182.7371,0.0463,1,12,8,1450000.0,0.0
-130.6965,0.481,-8.0021,0.4096,238.0593,0.0,0,8,5,83000.0,2.0
-105.1377,0.0974,12.223,0.2484,280.5459,0.0,0,12,8,1450000.0,0.0
-105.0721,0.3794,10.7374,0.1309,268.5483,0.0,0,12,8,1450000.0,0.0
-113.1144,1.1039,8.1872,0.5558,265.288,0.1468,0,12,8,1450000.0,0.0
-118.7,0.81,4.275,1.1681,-494.089,0.0,0,8,5,83000.0,0.0
-104.975,0.3806,-4.975,0.2306,319.1865,0.0909,0,10,5,289000.0,1.0
-121.7289,1.9882,-0.1278,1.4494,-614.4593,0.0,0,10,5,289000.0,2.0
-104.675,0.3381,-4.775,0.0431,292.5527,0.0909,0,10,5,289000.0,1.0
-113.4645,0.5026,-0.6448,3.7272,221.9017,0.1494,0,12,8,1450000.0,1.0
-102.0906,0.191,2.3105,1.7715,197.0263,0.2,0,12,8,1450000.0,1.0
-126.2763,0.1544,-4.0862,0.0897,-447.6536,0.0,0,8,5,83000.0,2.0
-101.25,1.1875,-2.05,0.0975,119.8522,0.0,0,12,8,1450000.0,1.0
-108.35,0.3025,-1.55,0.0225,298.4247,0.0909,0,10,5,289000.0,1.0
-113.7,0.21,8.675,0.0506,210.9735,0.2308,0,10,5,289000.0,0.0
-127.4535,4.0634,-4.2513,3.1084,-483.7869,0.071,0,10,5,289000.0,2.0
-112.2,0.76,9.325,0.5756,64.5923,0.0,0,10,5,289000.0,0.0
-113.5067,0.7859,8.7332,0.1201,407.8722,0.106,1,12,8,1450000.0,0.0
-112.8,0.36,9.525,0.1181,249.7708,0.0,0,10,5,289000.0,0.0
-124.7319,2.0967,-1.7914,1.3623,440.5687,0.0,0,8,5,83000.0,2.0
-111.7,0.21,10.35,0.04,43.6208,0.0,0,10,5,289000.0,0.0
-125.4988,1.6616,-2.6519,1.6548,-544.0462,0.1017,0,8,5,83000.0,2.0
-108.25,0.225,-1.65,0.015,298.215,0.0909,0,10,5,289000.0,1.0
-113.3,0.21,9.1,0.0275,49.9122,0.0,0,10,5,289000.0,0.0
-110.3,0.21,8.575,0.0631,192.938,0.0,0,10,5,289000.0,0.0
-117.7,0.41,5.125,0.1781,-623.2736,0.0,0,8,5,83000.0,0.0
-120.2229,0.6408,-0.3541,0.8762,-610.7296,0.0,0,10,5,289000.0,2.0
-109.7465,0.186,-11.1344,0.1546,-546.4776,0.0,0,8,5,83000.0,2.0
-121.6995,0.5067,-3.9983,0.4416,-403.5722,0.0,0,10,5,289000.0,2.0
-109.5,0.85,9.075,0.1631,239.9142,0.0,0,10,5,289000.0,0.0
-116.3,0.21,6.475,0.0306,-478.1507,0.0,0,8,5,83000.0,0.0
-116.0,0.0,7.6371,0.0,2644.9829,1.0,3210,8,5,0.0,1.0
-109.675,0.3241,10.2322,0.1362,359.1542,0.1571,1,12,8,1450000.0,0.0
-113.6,0.44,8.8,0.0475,81.7889,0.0,0,10,5,289000.0,0.0
-128.656,0.8183,-4.977,0.6399,27.9711,0.0,0,10,5,289000.0,2.0
-123.4561,0.1637,0.2057,0.1771,-407.1004,0.0,0,10,5,289000.0,2.0
-102.9,0.9525,-4.2,0.0225,112.0403,0.0,0,12,8,1450000.0,1.0
-126.0517,0.7492,-2.1693,1.1701,-582.5684,0.0,0,10,5,289000.0,2.0
-105.369,0.5051,9.782,0.4335,379.0748,0.1361,1,12,8,1450000.0,0.0
-113.8966,0.7906,6.8121,0.5591,405.5754,0.0987,2,12,8,1450000.0,0.0
-109.5,0.25,9.2,0.0725,258.7885,0.0,0,10,5,289000.0,0.0
-103.025,0.6431,-0.7,0.21,325.8974,0.0909,0,10,5,289000.0,1.0
-114.0,0.2,8.75,0.0125,-495.7667,0.0,0,8,5,83000.0,0.0
-115.3,0.21,7.625,0.2156,-514.2217,0.0,0,8,5,83000.0,0.0
-118.3159,1.3092,3.5804,0.3889,133.8638,0.0,0,8,5,83000.0,2.0
-124.8325,5.207,-0.7384,4.1896,-494.0956,0.0552,0,10,5,289000.0,2.0
-125.3468,0.2105,-2.8606,0.2474,-134.0012,0.0384,0,8,5,83000.0,2.0
-125.1937,1.1848,-1.4055,1.0241,-387.7225,0.0,0,10,5,289000.0,2.0
-130.1319,2.4083,-8.3237,2.2056,238.8195,0.0,0,12,8,1450000.0,2.0
-117.1329,1.3481,7.4417,1.0265,2752.9532,0.5898,502,8,5,83000.0,1.0
-103.125,0.5781,-0.525,0.0181,339.1094,0.0909,0,10,5,289000.0,1.0
-104.2579,3.4176,-12.0817,2.1889,36.7915,0.0,0,12,8,1450000.0,1.0
-107.85,0.215,-1.25,0.025,296.3276,0.0909,0,10,5,289000.0,1.0
-122.6887,0.1855,0.9731,0.1549,-610.0147,0.0,0,10,5,289000.0,2.0
-105.3723,0.6145,10.7913,0.1323,156.5271,0.0,0,12,8,1450000.0,0.0
-108.4356,0.9057,10.1772,0.5201,401.6857,0.1356,1,12,8,1450000.0,0.0
-112.9,1.69,8.975,0.2431,-249.1416,0.0,0,8,5,83000.0,0.0
-125.2058,0.1565,-3.3821,0.0802,453.1431,0.0,0,8,5,83000.0,2.0
-114.9702,0.7854,9.2216,0.8783,2456.5554,0.5889,1460,8,5,0.0,1.0
-109.65,0.3525,-2.55,0.3725,299.2636,0.0909,0,10,5,289000.0,1.0
-114.6691,1.5506,-6.1181,1.1616,219.7323,0.0,0,8,5,83000.0,2.0
-105.1217,0.3942,13.3118,0.2496,350.9577,0.0,0,12,8,1450000.0,0.0
-106.0,0.0,3.6875,0.0,2857.3696,1.0,107,10,5,0.0,1.0
-102.1208,0.0,7.3031,0.0,2633.4033,1.0,394,12,8,0.0,1.0
-102.7,1.21,11.625,0.0781,-471.4398,0.0,0,8,5,83000.0,0.0
-117.1452,0.8125,6.4601,0.7467,-629.035,0.3438,40,8,5,83000.0,1.0
-128.0327,0.8823,-5.6626,0.6749,456.3025,0.0,0,8,5,83000.0,2.0
-132.0182,0.8675,-8.8437,0.6784,267.9438,0.0,0,12,8,1450000.0,2.0
-103.5979,0.4987,11.7473,0.0911,324.7678,0.1,1,12,8,1450000.0,0.0
-102.0,0.2,11.775,0.0306,-482.3449,0.0,0,8,5,83000.0,0.0
-103.8267,0.4641,13.094,0.0629,204.5328,0.0,0,12,8,1450000.0,0.0
-112.1667,0.0139,-0.1667,0.0139,-543.8614,0.0,0,8,5,83000.0,1.0
-125.4118,0.4881,-2.9609,0.2581,-125.088,0.0313,0,8,5,83000.0,2.0
-123.4124,11.5872,-1.0605,13.9583,231.3741,0.2003,0,8,5,83000.0,2.0
-103.5921,0.0,2.9279,0.0,2715.716,1.0,1251,12,8,0.0,1.0
-116.075,0.6381,-7.075,0.1381,-529.3212,0.0,0,8,5,83000.0,1.0
-112.4,0.24,9.725,0.0056,256.9011,0.0,0,10,5,289000.0,0.0
-115.6,0.615,-6.6,0.515,-524.288,0.0,0,8,5,83000.0,1.0
-129.9912,4.7267,-7.726,4.6053,335.6133,0.0,0,12,8,1450000.0,2.0
-130.9636,0.5529,-8.8722,0.3626,306.5704,0.0,0,12,8,1450000.0,2.0
-128.0987,1.8746,-5.4838,1.1251,-442.8463,0.0,0,8,5,83000.0,2.0
-121.4992,1.3509,-0.1682,0.6242,-98.5748,0.0,0,10,5,289000.0,2.0
-113.7,1.5225,-4.6,13.015,-550.2927,0.0,0,8,5,83000.0,1.0
-102.8972,0.938,7.7522,2.0582,199.6537,0.5766,0,12,8,1450000.0,1.0
-109.2148,0.5237,5.8914,0.5162,328.3988,0.1531,0,12,8,1450000.0,0.0
-116.6,1.44,6.025,0.7306,-482.3449,0.0,0,8,5,83000.0,0.0
-101.6,0.24,11.825,0.0756,-490.7336,0.0,0,8,5,83000.0,0.0
-101.7,0.41,11.5,0.3625,-417.7526,0.0,0,8,5,83000.0,0.0
-113.059,14.7718,8.812,9.9592,-472.3706,0.2219,0,10,5,289000.0,2.0
-109.8662,1.1334,-10.3611,0.4567,-440.1752,0.0,0,8,5,83000.0,2.0
-127.4751,1.6983,-6.0592,3.1362,2682.3676,0.3988,12,8,5,0.0,1.0
-128.6186,0.2567,-5.8944,0.1151,-450.492,0.0,0,8,5,83000.0,2.0
-130.3044,1.7708,-7.3921,1.6171,461.0324,0.0,0,12,8,1450000.0,2.0
-104.773,0.4866,12.607,0.3211,423.1213,0.0,0,12,8,1450000.0,0.0
-119.2,0.56,3.15,0.7275,-147.6395,0.0,0,8,5,83000.0,0.0
-120.1718,0.3146,-0.8651,0.2441,-408.1406,0.0,0,10,5,289000.0,2.0
-127.0752,2.9207,-4.1776,1.695,227.2806,0.0,0,8,5,83000.0,2.0
-120.9841,0.0567,-2.9397,0.0605,-401.8141,0.0,0,10,5,289000.0,2.0
-112.3,1.01,10.275,0.4556,263.1926,0.0909,0,10,5,289000.0,0.0
-124.6382,1.9,-4.0721,0.8017,-419.9732,0.0,0,8,5,83000.0,2.0
-110.1,0.09,10.6,0.04,-71.3032,0.0909,0,8,5,83000.0,0.0
-113.1063,0.9243,10.5267,0.564,313.3204,0.0269,0,12,8,1450000.0,0.0
-110.7,0.21,9.4,0.09,250.3999,0.0,0,10,5,289000.0,0.0
-104.2075,0.0,4.136,0.0,2756.0548,1.0,1132,12,8,0.0,1.0
-131.73,4.7694,-9.4553,4.1244,43.0185,0.0,0,12,8,1450000.0,2.0
-125.0505,1.1059,-1.7812,0.7161,-575.8388,0.0,0,10,5,289000.0,2.0
-102.7,0.41,11.7,0.085,-489.0558,0.0,0,8,5,83000.0,0.0
-106.4447,0.0,2.5205,0.0,2659.6391,1.0,30,12,8,0.0,1.0
-131.572,7.3329,-9.0982,4.8463,543.8712,0.0,0,12,8,1450000.0,2.0
-110.8333,0.0139,-5.5,0.125,-521.4918,0.0,0,8,5,83000.0,1.0
-999.0,0.0,-999.0,0.0,0.0,1.0,0,10,5,0.0,1.0
-110.7,0.21,9.625,0.0906,243.2696,0.0,0,10,5,289000.0,0.0
-113.0,0.6,9.35,0.04,259.208,0.0,0,10,5,289000.0,0.0
-121.0299,0.3629,-1.4885,0.5383,18.3517,0.0,0,10,5,289000.0,2.0
-105.4,0.24,2.125,0.0656,295.0693,0.2308,0,10,5,289000.0,1.0
-101.0803,1.3643,-6.2063,0.6626,-6.7412,0.0,0,12,8,1450000.0,1.0
-129.6836,0.634,-6.672,0.4964,501.2238,0.0,0,12,8,1450000.0,2.0
-113.0,0.2,9.125,0.0656,-218.9427,0.0,0,8,5,83000.0,0.0
-103.9378,0.3732,11.9536,0.2974,388.1966,0.1818,1,12,8,1450000.0,0.0
-115.95,0.2975,-5.95,0.5975,-524.288,0.0,0,8,5,83000.0,1.0
-116.1,0.09,6.75,0.025,-478.1506,0.0,0,8,5,83000.0,0.0
-112.5,0.25,9.675,0.0131,250.6096,0.0,0,10,5,289000.0,0.0
-108.4,0.24,10.125,0.0531,-127.9263,0.0,0,10,5,289000.0,0.0
-103.633,0.5685,11.2168,0.2401,448.7799,0.0,0,12,8,1450000.0,0.0
-122.1849,1.9265,0.1802,1.6441,-407.1882,0.0,0,10,5,289000.0,2.0
-121.1002,0.2419,-0.0063,0.2376,25.9322,0.0,0,10,5,289000.0,2.0
-104.6,0.24,0.075,0.0131,293.811,0.0909,0,10,5,289000.0,1.0
-134.1313,0.2343,-11.3342,0.1375,-45.109,0.0,0,12,8,1450000.0,2.0
-118.1,0.09,4.675,0.0381,-513.3828,0.0,0,8,5,83000.0,0.0
-113.2852,0.4963,8.0935,0.2403,343.7691,0.0352,1,12,8,1450000.0,0.0
-115.55,0.235,-6.85,0.065,-527.6434,0.0,0,8,5,83000.0,1.0
-126.2119,1.8932,-3.8198,0.7298,439.7042,0.0,0,8,5,83000.0,2.0
-103.2,0.26,-0.7,0.01,336.1735,0.0909,0,10,5,289000.0,1.0
-116.4,0.84,6.375,0.5656,-515.8994,0.0,0,8,5,83000.0,0.0
-116.6756,2.4617,-5.3207,0.2811,292.4704,0.1258,0,12,8,1450000.0,1.0
-115.025,1.6431,-6.025,1.7431,-526.8046,0.0,0,8,5,83000.0,1.0
-107.875,0.4406,-1.175,0.0256,294.6499,0.0909,0,10,5,289000.0,1.0
-110.6699,0.0921,-9.6657,0.0423,154.6468,0.0,0,8,5,83000.0,2.0
-127.3765,0.1838,-4.4318,0.0649,-137.1559,0.0,0,8,5,83000.0,2.0
-112.9,0.29,9.1,0.065,-253.336,0.0,0,8,5,83000.0,0.0
-123.4246,0.2584,0.2051,0.2071,-433.2673,0.0,0,10,5,289000.0,2.0
-122.2705,0.0307,-0.432,0.0292,24.585,0.0,0,10,5,289000.0,2.0
-133.7513,2.7376,-11.5869,2.1822,21.3036,0.0,0,12,8,1450000.0,2.0
-104.075,0.2881,-2.175,0.1631,307.6522,0.0909,0,10,5,289000.0,1.0
-111.3518,0.7912,7.5218,0.0741,434.4019,0.1735,1,12,8,1450000.0,0.0
-131.4242,11.5151,-8.9353,9.2982,492.5018,0.0,0,12,8,1450000.0,2.0
-125.883,0.3035,-2.2679,0.3491,-613.2094,0.0,0,10,5,289000.0,2.0
-114.1,0.29,8.675,0.0256,-491.5724,0.0,0,8,5,83000.0,0.0
-107.8984,0.0845,-12.3158,0.0946,231.578,0.0248,0,8,5,83000.0,2.0
-126.4124,0.3521,-2.8697,0.2782,22.0951,0.0,0,10,5,289000.0,2.0
-103.933,0.3394,10.6901,0.3037,243.9099,0.0,0,12,8,1450000.0,0.0
-116.9,0.09,5.8,0.0475,-122.4737,0.0,0,8,5,83000.0,0.0
-131.0893,12.6221,-8.4667,7.9694,618.1178,0.1667,0,12,8,1450000.0,2.0
-105.5,3.0312,-0.125,0.1719,304.6113,0.9385,49,10,5,289000.0,1.0
-117.525,0.5931,-9.925,0.2131,-536.032,0.0,0,8,5,83000.0,1.0
-110.1,0.09,8.65,0.0775,119.9571,0.0,0,10,5,289000.0,0.0
-110.0904,3.9572,-9.5429,1.7631,-468.5751,0.0739,0,8,5,83000.0,2.0
-129.0918,0.0751,-5.229,0.0542,-566.9291,0.0,0,8,5,83000.0,2.0
-123.6556,0.1975,-0.097,0.2042,-599.3545,0.0,0,10,5,289000.0,2.0
-104.4262,1.2844,9.2671,0.1945,216.7541,0.1452,1,12,8,1450000.0,0.0
-104.5455,0.3154,7.5918,0.5398,214.064,0.0493,1,12,8,1450000.0,0.0
-112.8497,1.6748,7.1469,1.0423,2499.2669,0.2353,1441,8,5,0.0,1.0
-131.3965,2.5269,-8.5372,1.9229,387.906,0.0,0,12,8,1450000.0,2.0
-98.6111,1.6543,-0.25,0.5139,103.3721,0.1,1,12,8,1450000.0,1.0
-105.3775,0.6062,11.4846,0.2157,403.5517,0.0,1,12,8,1450000.0,0.0
-126.4706,0.2337,-4.1702,0.1621,-574.2597,0.0,0,8,5,83000.0,2.0
-132.8412,0.5724,-10.2021,0.5079,-61.5068,0.0,0,12,8,1450000.0,2.0
-106.2995,0.2997,11.4635,0.2558,466.7642,0.1818,0,12,8,1450000.0,0.0
-105.79,2.2257,5.2298,1.501,242.7063,0.8424,4,12,8,1450000.0,1.0
-103.0019,0.1198,4.0174,0.8172,-298.1883,0.1839,5,12,8,1450000.0,1.0
-113.9,0.29,8.775,0.2681,257.9497,0.0909,0,10,5,289000.0,0.0
-109.8333,2.3889,-4.8333,0.0556,-529.8804,0.0,0,8,5,83000.0,1.0
-101.1,1.29,-5.7,1.36,56.3085,0.0,0,12,8,1450000.0,1.0
-109.3,0.21,8.975,0.1306,257.9497,0.0,0,10,5,289000.0,0.0
-115.1549,0.6599,6.0304,0.4046,215.1742,0.0838,1,12,8,1450000.0,0.0
-113.0,0.4,9.375,0.0156,256.6914,0.0,0,10,5,289000.0,0.0
-127.3435,2.2465,-3.7304,1.7189,466.1431,0.0,0,8,5,83000.0,2.0
-106.3456,0.2642,10.5153,0.0564,294.989,0.0,0,12,8,1450000.0,0.0
-125.6684,1.5844,-1.5957,1.0392,-486.6332,0.0,0,10,5,289000.0,2.0
-113.0,0.2,9.25,0.025,-95.001,0.0,0,10,5,289000.0,0.0
-105.0,3.2,11.1,0.7025,-483.1838,0.0,0,8,5,83000.0,0.0
-104.8321,0.4911,12.4509,0.2962,252.5108,0.1,0,12,8,1450000.0,0.0
-110.3,0.21,10.45,0.0475,-71.3032,0.0909,0,8,5,83000.0,0.0
-122.9905,5.3206,-2.806,5.4962,-620.7229,0.1434,0,10,5,289000.0,2.0
-134.9155,19.311,-12.3583,16.0615,511.8247,0.0,0,12,8,1450000.0,2.0
-119.6169,0.5541,-0.3434,0.3323,-597.3274,0.0,0,10,5,289000.0,2.0
-114.3,0.21,8.425,0.0256,-168.611,0.0,0,8,5,83000.0,0.0
-105.4,0.24,1.9,0.29,294.8596,0.0909,0,10,5,289000.0,1.0
-112.1301,0.4429,-1.6752,0.4116,-471.9275,0.0,0,10,5,289000.0,2.0
-109.45,0.26,-2.95,0.31,275.7755,0.0909,0,10,5,289000.0,1.0
-128.0342,2.8628,-4.7381,1.8156,478.7514,0.0712,0,8,5,83000.0,2.0
-114.3,0.21,8.275,0.0181,-170.2887,0.0,0,8,5,83000.0,0.0
-113.0,0.2,9.375,0.0281,252.7068,0.0,0,10,5,289000.0,0.0
-133.3252,16.2444,-10.8797,12.2464,569.2092,0.0,0,12,8,1450000.0,2.0
-132.0788,2.3211,-9.7069,1.705,-9.7631,0.0,0,12,8,1450000.0,2.0
-120.5698,0.2391,-1.6587,0.1461,10.175,0.0,0,10,5,289000.0,2.0
-110.7,0.61,9.55,0.9225,188.534,0.0,0,10,5,289000.0,0.0
-100.6855,2.3232,-0.9298,2.0626,-19.5327,0.0,0,12,8,1450000.0,1.0
-115.325,0.7381,-6.525,0.1681,-530.9989,0.0,0,8,5,83000.0,1.0
-114.3333,0.8472,-1.3333,0.0139,-546.6576,0.0,0,8,5,83000.0,1.0
-125.8432,3.2882,-3.2102,2.2056,-123.4695,0.1102,0,8,5,83000.0,2.0
-127.3039,0.2904,-4.6407,0.1095,-463.5092,0.0,0,8,5,83000.0,2.0
-105.1463,0.3743,10.5234,0.672,163.9224,0.1672,0,12,8,1450000.0,0.0
-112.3,0.21,9.55,0.0225,216.2164,0.0,0,10,5,289000.0,0.0
-106.0874,0.4383,13.1733,0.3216,150.8508,0.1,0,12,8,1450000.0,0.0
-104.525,0.8931,-3.9,2.965,312.0562,0.0909,0,10,5,289000.0,1.0
-101.6,0.24,11.975,0.0556,-497.4444,0.0,0,8,5,83000.0,0.0
-113.5062,0.3873,8.574,0.1436,288.8972,0.1162,0,12,8,1450000.0,0.0
-103.8051,0.5206,12.9816,0.1611,409.1606,0.0,0,12,8,1450000.0,0.0
-101.475,0.8556,-1.475,0.0556,108.1606,0.0,0,12,8,1450000.0,1.0
-113.3,0.41,9.4,0.09,255.2234,0.0,0,10,5,289000.0,0.0
-133.8224,1.3524,-11.1531,1.2825,622.3473,0.0,0,12,8,1450000.0,2.0
-109.7,0.21,10.6,0.04,-114.9239,0.0,0,8,5,83000.0,0.0
-130.0139,0.0307,-7.3254,0.0268,147.8174,0.0,0,12,8,1450000.0,2.0
-101.55,0.7975,-7.65,0.0275,89.7581,0.0,0,12,8,1450000.0,1.0
-110.9167,0.0556,-6.5833,0.3889,-521.4918,0.0,0,8,5,83000.0,1.0
-129.8694,2.2931,-6.7402,2.027,357.5002,0.0,0,12,8,1450000.0,2.0
-112.0,0.2,10.05,0.0225,135.6857,0.0,0,10,5,289000.0,0.0
-104.2454,0.2669,10.4887,0.3021,205.0034,0.0,0,12,8,1450000.0,0.0
-113.9167,0.1806,-1.5833,0.0139,-549.4538,0.0,0,8,5,83000.0,1.0
-112.7,0.21,9.425,0.0131,254.804,0.0,0,10,5,289000.0,0.0
-115.75,0.0417,-3.75,0.0417,-543.8614,0.0,0,8,5,83000.0,1.0
-132.9642,0.359,-9.6314,0.2336,-28.5243,0.0,0,12,8,1450000.0,2.0
-110.6,0.64,9.45,0.0725,251.2388,0.0,0,10,5,289000.0,0.0
-120.5244,2.7696,0.6218,2.285,-622.3495,0.1942,0,10,5,289000.0,2.0
-106.7372,1.0333,8.0289,0.5476,236.1629,0.1949,1,12,8,1450000.0,0.0
-110.6,0.24,9.05,0.335,247.0445,0.0,0,10,5,289000.0,0.0
-124.2448,98.3872,-0.3794,67.4693,-600.6912,0.4497,0,10,5,289000.0,2.0
-126.1516,1.6376,-3.602,1.178,235.6673,0.0,0,8,5,83000.0,2.0
-100.625,0.5281,-1.15,1.1025,61.3417,0.0,0,12,8,1450000.0,1.0
-101.55,0.6225,-8.25,0.0125,99.2477,0.0,0,12,8,1450000.0,1.0
-133.9192,0.9624,-10.3135,0.702,279.8974,0.0,0,12,8,1450000.0,2.0
-116.7,0.21,5.675,0.0381,-156.0281,0.0,0,8,5,83000.0,0.0
-109.6667,0.0972,-5.3333,0.0972,-501.9184,0.0,0,8,5,83000.0,1.0
-120.3717,0.7813,0.1389,0.4626,148.3888,0.0,0,8,5,83000.0,2.0
-100.275,0.3181,-4.975,0.2431,56.8328,0.0,0,12,8,1450000.0,1.0
-133.5383,0.0252,-9.9849,0.0176,232.9106,0.0,0,12,8,1450000.0,2.0
-111.4,1.04,9.5,0.5125,242.221,0.0,0,10,5,289000.0,0.0
-104.3965,0.103,-3.2227,1.7777,-20.9628,0.0,0,12,8,1450000.0,1.0
-112.8,0.56,9.7,0.01,252.4971,0.0,0,10,5,289000.0,0.0
-128.1289,5.7544,-4.7369,5.9687,-525.0154,0.0406,0,8,5,83000.0,2.0
-117.9746,1.0631,9.4806,0.1413,429.077,0.0735,0,12,8,1450000.0,0.0
-133.2332,2.2168,-10.7783,1.7104,246.4906,0.1,0,12,8,1450000.0,2.0
-105.3827,0.0,5.2893,0.0,2774.6609,1.0,855,12,8,0.0,1.0
-120.2974,0.2102,-0.2504,0.1254,-592.9157,0.0,0,10,5,289000.0,2.0
-131.6653,1.9215,-9.0211,1.2695,537.1798,0.2,0,12,8,1450000.0,2.0
-114.1,0.29,8.75,0.025,-497.4444,0.0,0,8,5,83000.0,0.0
-104.0,0.6875,-3.0,0.0375,291.9236,0.0909,0,10,5,289000.0,1.0
-99.175,1.6256,-1.275,0.1806,77.9092,0.0,0,12,8,1450000.0,1.0
-131.1457,11.09,-8.2349,7.177,430.5108,0.1,0,12,8,1450000.0,2.0
-109.3125,0.043,-5.5625,0.9492,-459.2763,0.0,0,8,5,83000.0,1.0
-116.8015,2.2808,-11.5641,3.2901,293.9622,0.0152,2,12,8,1450000.0,1.0
-109.9,0.29,10.55,0.0225,-77.1752,0.0909,0,8,5,83000.0,0.0
-132.3683,0.3405,-9.5864,0.2929,363.6383,0.0,0,12,8,1450000.0,2.0
-105.5999,0.1376,10.3147,0.2326,468.6213,0.0,1,12,8,1450000.0,0.0
-110.3,0.21,8.525,0.0306,254.804,0.0,0,10,5,289000.0,0.0
-100.8333,0.5139,-1.9722,45.3395,94.8087,0.1,0,12,8,1450000.0,1.0
-113.0,0.8,9.25,0.55,251.0291,0.0,0,10,5,289000.0,0.0
-102.9499,0.0,5.8003,0.0,2607.4271,1.0,304,12,8,0.0,1.0
-130.0036,1.7216,-6.9517,1.1113,405.1762,0.0,0,12,8,1450000.0,2.0
-133.4985,0.4458,-10.2397,0.4134,-81.2926,0.0,0,12,8,1450000.0,2.0
-110.7,0.41,10.3,0.1225,-77.1752,0.0909,0,8,5,83000.0,0.0
-110.7011,0.2745,-5.2918,1.3602,-14.8291,0.0347,0,12,8,1450000.0,1.0
-114.2145,0.3801,9.777,0.4048,177.2504,0.1636,1,12,8,1450000.0,0.0
-113.9129,0.344,12.4736,0.4657,403.9478,0.0178,0,12,8,1450000.0,0.0
-103.85,0.7775,-1.35,0.0275,293.6013,0.0909,0,10,5,289000.0,1.0
-113.8,0.16,8.8,0.035,179.3065,0.0,0,10,5,289000.0,0.0
-113.2,0.16,9.0,0.0125,145.7521,0.0,0,10,5,289000.0,0.0
-102.95,2.26,-5.05,17.41,-42.4149,0.0,0,12,8,1450000.0,1.0
-114.1388,0.9707,7.9386,0.5793,223.2428,0.0827,0,12,8,1450000.0,0.0
-110.9,0.29,9.15,0.09,-116.6016,0.0,0,8,5,83000.0,0.0
-101.425,0.4881,-4.925,0.7631,-164.0497,0.0,0,12,8,1450000.0,1.0
-118.2,0.36,4.75,0.475,-511.7051,0.0,0,8,5,83000.0,0.0
-110.4,0.24,9.075,0.0881,248.5125,0.0,0,10,5,289000.0,0.0
-117.2,0.36,5.425,0.4006,-493.2502,0.0,0,8,5,83000.0,0.0
-101.45,0.585,-7.85,0.265,98.4089,0.0,0,12,8,1450000.0,1.0
-113.2,0.36,9.375,0.0156,256.6914,0.0,0,10,5,289000.0,0.0
-103.8111,1.8588,-13.5492,2.0415,354.0105,0.0,0,12,8,1450000.0,1.0
-107.8476,1.2315,13.1755,0.8213,376.4496,0.1658,0,12,8,1450000.0,0.0
-105.9595,0.6418,11.9284,0.2716,187.2826,0.0,0,12,8,1450000.0,0.0
-106.4286,0.0,2.1944,0.0,2774.2815,1.0,176,10,5,0.0,1.0
-115.7,0.21,7.075,0.4756,-476.473,0.0,0,8,5,83000.0,0.0
-107.0,0.0,3.75,0.0,2832.2039,1.0,297,10,5,0.0,1.0
-98.8889,0.8765,-2.4444,0.2469,98.071,0.1818,0,12,8,1450000.0,1.0
-109.75,0.375,-4.0833,1.2639,-510.307,0.0,0,8,5,83000.0,1.0
-111.1415,2.4047,-4.449,4.1991,27.4389,0.1013,0,12,8,1450000.0,1.0
-122.9543,1.3461,0.3667,1.4136,-601.7679,0.0,0,10,5,289000.0,2.0
-104.3043,0.0,3.1571,0.0,2676.5892,1.0,1307,12,8,0.0,1.0
-105.825,0.3756,0.325,0.3131,308.7007,0.8305,0,10,5,289000.0,1.0
-113.1,0.49,9.475,0.0056,258.3691,0.0,0,10,5,289000.0,0.0
-113.7,0.41,8.775,0.1931,-523.4492,0.0,0,8,5,83000.0,0.0
-116.5922,2.0474,-6.3057,4.385,327.622,0.0599,1,12,8,1450000.0,1.0
-134.0019,2.0865,-10.2978,1.7832,340.2233,0.0,0,12,8,1450000.0,2.0
-127.519,0.2261,-4.7239,0.0894,223.6847,0.0,0,8,5,83000.0,2.0
-100.75,1.45,-2.85,0.14,110.4151,0.0,0,12,8,1450000.0,1.0
-127.9872,2.8849,-5.7977,3.0314,-439.4179,0.1074,0,8,5,83000.0,2.0
-117.9,0.29,4.8,0.0225,-516.7383,0.0,0,8,5,83000.0,0.0
-102.7724,1.174,2.4723,0.1467,14.2169,0.8885,5,12,8,1450000.0,1.0
-129.4753,0.3111,-7.7086,0.265,208.1493,0.0,0,12,8,1450000.0,2.0
-132.3854,1.7503,-10.0136,1.5866,3.7292,0.0,0,12,8,1450000.0,2.0
-113.2265,0.0,9.1887,0.0,2271.0244,1.0,974,8,5,0.0,1.0
-999.0,0.0,-999.0,0.0,0.0,1.0,0,10,5,0.0,1.0
-100.4244,1.501,-1.792,1.7991,-68.9637,0.0,0,12,8,1450000.0,1.0
-115.4389,0.3041,-9.6699,0.6291,34.0575,0.0133,0,12,8,1450000.0,1.0
-112.0186,0.0,7.695,0.0,2233.5973,1.0,818,8,5,0.0,1.0
-128.931,0.2126,-5.3795,0.0773,-120.7042,0.0,0,8,5,83000.0,2.0
-112.4,0.44,9.575,0.0256,253.7554,0.0,0,10,5,289000.0,0.0
-118.1,0.29,4.375,0.0406,-142.6063,0.0,0,8,5,83000.0,0.0
-129.9517,0.0404,-7.3363,0.0404,43.1992,0.0,0,12,8,1450000.0,2.0
-111.8125,0.6992,-7.0625,0.2305,-517.9966,0.0,0,8,5,83000.0,1.0
-103.375,0.7281,-1.375,0.4781,304.5064,0.0909,0,10,5,289000.0,1.0
-101.575,1.0631,-8.275,0.0681,98.0419,0.0,0,12,8,1450000.0,1.0
-135.8346,3.3067,-12.5194,3.0591,218.487,0.0909,0,12,8,1450000.0,2.0
-112.0,0.0,10.225,0.0181,261.0954,0.0909,0,10,5,289000.0,0.0
-133.1911,9.4424,-10.7629,6.9033,259.6442,0.2727,0,12,8,1450000.0,2.0
-130.0,0.1541,-6.5922,0.1985,-466.4953,0.0,0,10,5,289000.0,2.0
-104.0184,1.0663,1.5374,0.1883,201.0252,0.5162,13,12,8,1450000.0,1.0
-132.3643,23.1937,-9.7336,19.9779,251.5174,0.09,0,12,8,1450000.0,2.0
-104.4656,0.5098,13.2998,0.3344,363.3404,0.0,1,12,8,1450000.0,0.0
-107.9798,2.0665,2.3075,1.5135,-15.4052,0.8036,6,12,8,1450000.0,1.0
-132.43,5.2811,-9.488,3.9427,593.171,0.0,0,12,8,1450000.0,2.0
-132.088,34.0635,-6.6687,22.4544,-614.6019,0.3409,0,10,5,289000.0,2.0
-115.8,0.76,6.9,0.6025,-513.3828,0.0,0,8,5,83000.0,0.0
-106.8376,1.064,-0.1803,1.0155,-109.9601,0.8282,4,12,8,1450000.0,1.0
-127.6404,0.2286,-3.0733,0.1537,-97.4882,0.0,0,10,5,289000.0,2.0
-107.0,0.0,3.5,0.0,2848.981,1.0,166,10,5,0.0,1.0
-113.4,0.44,8.9,0.0525,61.866,0.0,0,10,5,289000.0,0.0
-103.6667,0.2222,0.1667,0.0139,316.3204,0.25,0,10,5,289000.0,1.0
-127.4337,1.4521,-2.9014,2.2045,-506.8661,0.6974,0,8,5,83000.0,1.0
-133.9839,3.338,-10.8839,2.5024,58.7648,0.0,0,12,8,1450000.0,2.0
-127.9939,1.3877,-4.221,1.362,-608.6053,0.0,0,10,5,289000.0,2.0
-116.776,2.8503,-4.6151,1.4881,458.0527,0.0,0,8,5,83000.0,2.0
-109.6417,0.3471,1.2517,0.7689,-131.2511,0.5346,14,12,8,1450000.0,1.0
-114.6691,1.5506,-6.1181,1.1616,219.7323,0.0,0,8,5,83000.0,2.0
-127.9534,25.0475,-4.8619,16.2995,431.0885,0.074,0,8,5,83000.0,2.0
-102.65,1.09,-8.65,0.09,110.4151,0.0,0,12,8,1450000.0,1.0
-117.2,0.16,5.575,0.0381,-624.1124,0.0,0,8,5,83000.0,0.0
-130.6716,1.8197,-7.737,1.7063,-57.833,0.0,0,12,8,1450000.0,2.0
-122.0674,0.5018,0.7227,0.3909,-506.2531,0.0,0,10,5,289000.0,2.0
-114.2762,1.081,-9.9686,4.459,145.2373,0.1521,2,12,8,1450000.0,1.0
-112.9,0.09,9.275,0.0056,-208.8763,0.0,0,8,5,83000.0,0.0
-113.8819,1.9981,-8.2395,0.2277,107.1635,0.171,2,12,8,1450000.0,1.0
-113.3476,0.353,9.6135,0.4011,414.281,0.1253,1,12,8,1450000.0,0.0
-102.9499,0.0,8.6106,0.0,2749.636,1.0,452,12,8,0.0,1.0
-103.9768,1.2002,-2.6491,0.2481,85.7656,0.0,0,12,8,1450000.0,1.0
-109.1667,0.2639,-4.5,0.0417,-496.326,0.0,0,8,5,83000.0,1.0
-119.5953,3.0888,3.2919,3.0049,-625.8138,0.1997,0,10,5,289000.0,2.0
-126.1973,1.18,-2.8512,1.9823,22.6163,0.0,0,10,5,289000.0,2.0
-109.4167,0.1806,-5.4167,0.1806,-471.1602,0.0,0,8,5,83000.0,1.0
-122.1888,1.7747,-1.6083,1.1334,-98.9524,0.0,0,8,5,83000.0,2.0
-126.9761,1.266,-3.2866,1.6387,-462.5797,0.0,0,8,5,83000.0,2.0
-111.1,0.69,9.8,0.035,243.6891,0.0,0,10,5,289000.0,0.0
-133.1554,0.0853,-10.2198,0.0648,50.0603,0.0,0,12,8,1450000.0,2.0
-130.4256,1.8546,-6.9205,1.9763,-597.9368,0.0,0,10,5,289000.0,2.0
-100.8,1.035,-1.4,0.065,102.6556,0.0,0,12,8,1450000.0,1.0
-107.9,0.29,10.175,0.0381,225.4438,0.0,0,10,5,289000.0,0.0
-127.1535,45.0,-4.7388,22.7118,442.9101,0.3513,0,8,5,83000.0,2.0
-100.0021,2.0961,0.0842,2.4599,87.0775,0.01,0,12,8,1450000.0,1.0
-100.7,0.61,11.425,0.0256,-447.9517,0.0,0,8,5,83000.0,0.0
-131.3579,0.1877,-8.9814,0.134,275.9613,0.0,0,12,8,1450000.0,2.0
-117.0,0.2917,-5.6667,0.1806,-541.0652,0.0,0,8,5,83000.0,1.0
-106.3721,0.1687,10.5379,0.237,388.9236,0.1818,0,12,8,1450000.0,0.0
-115.8097,1.0305,-1.2787,0.9534,-603.2756,0.0,0,10,5,289000.0,2.0
-130.9009,0.0537,-9.1232,0.0446,-5.2077,0.0,0,12,8,1450000.0,2.0
-113.5,0.65,9.275,0.2056,256.9011,0.0909,0,10,5,289000.0,0.0
-110.4595,1.0957,10.0837,0.855,280.5396,0.0245,1,12,8,1450000.0,0.0
-103.565,0.1339,11.2899,0.072,469.0906,0.0,0,12,8,1450000.0,0.0
-102.4,0.24,11.85,0.0275,-482.3449,0.0,0,8,5,83000.0,0.0
-105.6618,0.0,3.3506,0.0,2634.3874,1.0,1090,12,8,0.0,1.0
-103.275,0.5181,-0.875,0.0781,343.5135,0.0909,0,10,5,289000.0,1.0
-127.3996,17.4312,-4.9291,17.0992,-462.0979,0.1431,0,8,5,83000.0,2.0
-121.892,0.2195,-2.0667,0.1504,-85.4044,0.0,0,10,5,289000.0,2.0
-124.2025,6.1692,-0.741,4.7634,-483.1184,0.2341,0,10,5,289000.0,2.0
-127.1211,2.4491,-5.0043,2.0827,152.5795,0.0,0,8,5,83000.0,2.0
-103.875,0.7031,0.025,0.0431,287.939,0.0909,0,10,5,289000.0,1.0
-129.8025,0.7696,-7.1671,0.5105,59.2454,0.0,0,12,8,1450000.0,2.0
-114.1,0.29,8.65,0.0275,-152.6727,0.0,0,8,5,83000.0,0.0
-111.4,0.24,9.25,0.1,-80.5306,0.0909,0,8,5,83000.0,0.0
-123.2539,1.4336,-0.6329,1.3805,-134.6038,0.0,0,8,5,83000.0,2.0
-106.8,0.0,3.85,0.0,2838.4951,1.0,243,10,5,0.0,1.0
-113.5,0.375,-6.8333,0.0972,-521.4919,0.0,0,8,5,83000.0,1.0
-130.2708,0.606,-6.5101,0.4911,146.374,0.0,0,12,8,1450000.0,2.0
-112.1,0.09,9.875,0.0656,242.6405,0.0,0,10,5,289000.0,0.0
-123.2909,2.1223,-0.567,1.3055,-449.8889,0.0,0,10,5,289000.0,2.0
-105.9306,0.0938,13.1394,0.197,404.9655,0.1818,1,12,8,1450000.0,0.0
-127.0815,0.138,-4.9457,0.0864,234.0283,0.0,0,8,5,83000.0,2.0
-102.8488,0.0,7.8896,0.0,2651.0751,1.0,1384,12,8,0.0,1.0
-113.8,0.36,8.5,0.1625,258.5788,0.0,0,10,5,289000.0,0.0
-130.2379,1.9983,-8.0939,2.0336,87.9237,0.0,0,12,8,1450000.0,2.0
-131.8287,0.4845,-8.858,0.4432,199.2594,0.0,0,12,8,1450000.0,2.0
-129.308,14.3072,-6.382,15.4341,146.513,0.2051,0,8,5,83000.0,2.0
-106.0,2.6016,-13.5981,1.7276,-144.1433,0.0,0,8,5,83000.0,2.0
-127.1699,6.9443,-2.9978,5.5644,-412.7414,0.1489,0,10,5,289000.0,2.0
-101.8,1.96,11.325,0.1756,-458.018,0.0,0,8,5,83000.0,0.0
-123.048,0.3243,-3.1021,0.3726,22.8766,0.0,0,10,5,289000.0,2.0
-125.5464,40.1586,-2.1179,30.8395,-609.1882,0.4727,0,10,5,289000.0,2.0
-108.45,0.0975,-2.35,0.0275,300.7316,0.0909,0,10,5,289000.0,1.0
-109.6667,0.0972,-5.6667,1.4306,-524.288,0.0,0,8,5,83000.0,1.0
-107.699,1.1405,5.4294,2.2066,381.3104,0.0453,11,12,8,1450000.0,1.0
-113.1,0.09,9.6,0.015,249.7708,0.0,0,10,5,289000.0,0.0
-105.3,0.41,1.25,0.15,292.9721,0.0909,0,10,5,289000.0,1.0
-111.6056,0.3143,8.4785,0.2428,-454.7072,0.0,0,8,5,83000.0,2.0
-120.2702,9.8564,4.5322,6.8391,-494.1254,0.1575,0,10,5,289000.0,2.0
-124.9782,0.3978,-2.15,0.1624,-450.4251,0.0,0,8,5,83000.0,2.0
-101.8,0.16,11.7,0.0725,-473.9564,0.0,0,8,5,83000.0,0.0
-103.85,0.3525,-1.25,0.0625,292.7624,0.0909,0,10,5,289000.0,1.0
-116.2385,2.0822,3.4359,0.6025,-546.0408,0.8595,7,8,5,83000.0,1.0
-131.5689,0.2997,-7.9859,0.2653,29.5292,0.0,0,12,8,1450000.0,2.0
-101.475,0.3931,-2.075,0.0631,117.5454,0.0,0,12,8,1450000.0,1.0
-109.1178,0.6152,5.0969,0.3667,437.47,0.1371,1,12,8,1450000.0,0.0
-99.975,0.5681,-1.675,0.0131,88.8144,0.0,0,12,8,1450000.0,1.0
-112.2,0.16,9.975,0.0181,27.4727,0.2308,0,10,5,289000.0,0.0
-105.769,1.3898,-0.4288,2.4358,405.331,0.9861,14,12,8,1450000.0,1.0
-101.25,1.475,-2.05,0.035,114.7666,0.0,0,12,8,1450000.0,1.0
-132.7121,2.8469,-10.2111,2.0386,92.5382,0.0,0,12,8,1450000.0,2.0
-103.725,0.4681,-0.925,0.0381,337.8512,0.0909,0,10,5,289000.0,1.0
-111.3216,0.8064,6.9064,0.4021,181.0409,0.0228,0,12,8,1450000.0,0.0
-115.2968,0.696,-5.1057,0.4113,471.5721,0.0392,0,8,5,83000.0,2.0
-103.0,0.0,0.25,0.0,317.7185,0.9375,2,10,5,289000.0,1.0
-104.4,0.4275,-0.3,0.0475,285.6321,0.0909,0,10,5,289000.0,1.0
-131.2111,3.7811,-7.9888,4.1591,663.5942,0.0,0,12,8,1450000.0,2.0
-117.05,1.685,-9.55,0.585,-531.8377,0.2857,0,8,5,83000.0,1.0
-100.3,0.46,-3.3,0.01,109.681,0.0,0,12,8,1450000.0,1.0
-109.75,0.1667,-3.75,0.5,-496.326,0.0,0,8,5,83000.0,1.0
-113.3,0.41,9.375,0.0156,256.4817,0.0,0,10,5,289000.0,0.0
-114.4,0.24,8.3,0.0475,-496.6056,0.0,0,8,5,83000.0,0.0
-109.7,0.41,8.6,0.165,214.9581,0.0,0,10,5,289000.0,0.0
-113.6221,1.3188,-5.252,26.7146,-528.873,0.9375,66,8,5,83000.0,1.0
-113.6849,2.2041,3.6066,0.3885,-607.0583,0.6077,53,8,5,83000.0,1.0
-105.4381,1.034,6.765,0.7055,227.4077,0.1164,0,12,8,1450000.0,0.0
-104.4538,0.5493,11.6591,0.1491,312.0758,0.0,0,12,8,1450000.0,0.0
-129.8242,3.1149,-3.0171,2.274,-399.1057,0.0927,0,10,5,289000.0,2.0
-120.2679,0.3081,1.4973,0.0955,235.5655,0.0,0,8,5,83000.0,2.0
-134.5549,28.849,-11.8664,22.7321,4.161,0.0,0,12,8,1450000.0,2.0
-110.9073,0.7503,-9.3414,0.4668,-150.8099,0.0,0,8,5,83000.0,2.0
-105.9946,0.0,3.2768,0.0,2769.1308,1.0,650,12,8,0.0,1.0
-132.1636,0.5676,-9.152,0.4836,58.4556,0.0,0,12,8,1450000.0,2.0
-128.8587,13.7506,-6.0743,4.6112,-469.5817,0.0,0,8,5,83000.0,2.0
-125.5546,0.7085,-2.8647,0.3283,-424.5534,0.0,0,8,5,83000.0,2.0
-115.675,0.7631,-4.375,0.1781,-534.3544,0.0,0,8,5,83000.0,1.0
-122.0143,1.1817,0.9411,1.1897,-615.1645,0.0,0,10,5,289000.0,2.0
-116.2041,0.3713,-4.1172,0.2206,-560.9545,0.0,0,8,5,83000.0,2.0
-124.455,1.7529,-2.6859,1.5354,450.7053,0.0,0,8,5,83000.0,2.0
-102.5,0.25,0.125,0.0156,317.7185,0.6,0,10,5,289000.0,1.0
-113.8,0.16,8.275,0.0431,163.7876,0.0,0,10,5,289000.0,0.0
-126.1254,0.3331,-3.9806,0.3687,-460.8762,0.0,0,8,5,83000.0,2.0
-110.7,0.21,8.95,0.0725,168.8208,0.0,0,10,5,289000.0,0.0
-113.9,0.29,8.75,0.025,-222.2981,0.0,0,8,5,83000.0,0.0
-999.0,0.0,-999.0,0.0,0.0,1.0,0,8,5,0.0,1.0
-130.6435,0.5366,-8.1278,0.472,367.2076,0.1,0,12,8,1450000.0,2.0
-115.9531,0.9002,9.4166,0.5524,288.555,0.0158,1,12,8,1450000.0,0.0
-133.4979,0.3186,-10.4963,0.2342,13.2715,0.0,0,12,8,1450000.0,2.0
-102.6,0.24,11.75,0.0875,-486.5392,0.0,0,8,5,83000.0,0.0
-110.2,0.36,10.65,0.0275,-75.4975,0.0909,0,8,5,83000.0,0.0
-131.0475,0.1029,-7.8652,0.0755,516.2895,0.0,0,12,8,1450000.0,2.0
-113.6,0.24,8.75,0.025,-225.6536,0.0,0,8,5,83000.0,0.0
-119.4,0.24,3.475,0.1181,-619.9181,0.0,0,8,5,83000.0,0.0
-100.5,0.25,11.075,0.1756,-448.7905,0.0,0,8,5,83000.0,0.0
-108.0141,0.6793,8.7993,0.5343,275.611,0.0494,1,12,8,1450000.0,0.0
-112.8,0.36,9.575,0.0256,249.3513,0.0,0,10,5,289000.0,0.0
-106.8931,0.0,3.6554,0.0,4889.8708,1.0,24,12,8,0.0,1.0
-132.4678,1.3375,-9.74,1.0348,25.272,0.0,0,12,8,1450000.0,2.0
-107.0732,0.0,1.536,0.0,3857.2368,1.0,29,12,8,0.0,1.0
-103.4244,0.4736,10.3122,0.1336,415.8415,0.1,0,12,8,1450000.0,0.0
-109.55,0.2475,-3.75,0.0375,301.9899,0.0909,0,10,5,289000.0,1.0
-105.025,0.3431,-4.625,0.0531,312.6853,0.0909,0,10,5,289000.0,1.0
-125.2331,0.1793,-1.7537,0.1641,-602.2905,0.0,0,10,5,289000.0,2.0
-129.7982,0.438,-6.4639,0.3512,144.3574,0.0725,0,8,5,83000.0,2.0
-130.2852,0.4751,-7.2661,0.3852,9.7682,0.0,0,12,8,1450000.0,2.0
-130.6628,1.523,-6.823,1.3676,161.0578,0.0,0,12,8,1450000.0,2.0
-128.5966,0.1047,-5.3035,0.1024,-443.1474,0.0,0,8,5,83000.0,2.0
-113.1,0.29,9.35,0.015,257.1108,0.0,0,10,5,289000.0,0.0
-126.9192,2.4479,-4.2626,1.8176,156.9231,0.0,0,8,5,83000.0,2.0
-127.7927,0.6377,-5.1408,0.6292,-140.6106,0.0,0,8,5,83000.0,2.0
-113.9,0.09,8.775,0.0056,-234.8811,0.0,0,8,5,83000.0,0.0
-116.25,0.6125,-9.35,0.3525,-541.9041,0.0,0,8,5,83000.0,1.0
-131.2497,2.3414,-9.0288,2.0966,105.3859,0.0,0,12,8,1450000.0,2.0
-110.0,0.375,-5.0,0.0417,-490.7336,0.0,0,8,5,83000.0,1.0
-126.0707,0.0608,-2.2735,0.0459,-83.5824,0.0,0,10,5,289000.0,2.0
-122.1585,0.1244,-0.157,0.1051,1.6726,0.0,0,10,5,289000.0,2.0
-101.4,0.24,11.075,0.0756,-414.3973,0.0,0,8,5,83000.0,0.0
-125.4063,1.2148,-2.1431,1.1407,-457.4454,0.0,0,8,5,83000.0,2.0
-128.0078,0.3714,-4.4712,0.328,-68.5131,0.0,0,10,5,289000.0,2.0
-99.95,1.5725,-1.25,0.0625,74.8159,0.0,0,12,8,1450000.0,1.0
-130.8809,0.5658,-8.6554,0.3733,17.5209,0.0,0,12,8,1450000.0,2.0
-122.5083,4.7371,0.1296,1.8538,-587.7671,0.2413,0,10,5,289000.0,2.0
-126.9302,0.162,-2.777,0.1116,-84.3063,0.0,0,10,5,289000.0,2.0
-105.3147,0.0,3.8416,0.0,2693.6607,1.0,211,12,8,0.0,1.0
-114.5833,0.4306,-0.1667,0.0972,-541.0652,0.0,0,8,5,83000.0,1.0
-130.717,1.93,-7.6698,1.9893,10.1874,0.0,0,12,8,1450000.0,2.0
-114.0,0.0,0.6875,0.0117,-547.3566,0.0,0,8,5,83000.0,1.0
-132.1997,0.5162,-9.4543,0.4262,130.8928,0.0,0,12,8,1450000.0,2.0
-131.1977,0.0419,-8.252,0.0279,-51.7044,0.0,0,12,8,1450000.0,2.0
-116.9,0.6588,-3.9653,0.3662,-453.2877,0.0,0,8,5,83000.0,2.0
-117.3,0.21,5.425,0.0131,-490.7336,0.0,0,8,5,83000.0,0.0
-110.9715,0.6777,9.9892,0.2795,392.6626,0.0104,0,12,8,1450000.0,0.0
-103.0,0.0,0.25,0.0,315.6214,0.875,4,10,5,289000.0,1.0
-113.4,0.24,8.9,0.0775,79.2724,0.0,0,10,5,289000.0,0.0
-129.9484,0.1231,-6.4149,0.0978,704.936,0.2,0,12,8,1450000.0,2.0
-112.9,0.09,9.525,0.0431,-104.8576,0.0,0,8,5,83000.0,0.0
-128.0401,1.0469,-4.4585,1.2096,31.7094,0.0,0,10,5,289000.0,2.0
-133.1596,4.7195,-9.7445,3.9522,475.9475,0.0,0,12,8,1450000.0,2.0
-123.6542,0.0633,-2.2473,0.0291,-443.3673,0.0,0,8,5,83000.0,2.0
-103.2227,0.4978,13.1153,0.1421,290.9672,0.1,0,12,8,1450000.0,0.0
-112.6,0.44,9.75,0.0125,255.8525,0.0909,0,10,5,289000.0,0.0
-103.65,0.39,0.1,0.0775,288.3584,0.0909,0,10,5,289000.0,1.0
-999.0,0.0,-999.0,0.0,0.0,1.0,0,8,5,0.0,2.0
-106.0,0.071,-13.3357,0.0942,234.6171,0.0,0,8,5,83000.0,2.0
-131.6727,0.0843,-9.1394,0.0692,74.7886,0.0,0,12,8,1450000.0,2.0
-108.6,0.2525,-1.5,0.2125,299.683,0.0909,0,10,5,289000.0,1.0
-113.7,0.41,9.3,0.0225,257.1108,0.0909,0,10,5,289000.0,0.0
-111.0833,1.0139,-5.75,0.2917,-527.0842,0.0,0,8,5,83000.0,1.0
-130.9,5.5682,-6.9008,2.7225,457.3235,0.0,0,8,5,83000.0,2.0
-115.6875,0.8555,-4.4375,0.2617,-534.7738,0.0,0,8,5,83000.0,1.0
-111.8,0.36,9.95,0.1225,215.3775,0.0,0,10,5,289000.0,0.0
-109.0,0.0937,-6.25,0.7812,-526.3852,0.0,0,8,5,83000.0,1.0
-102.625,0.5656,-0.725,0.0306,335.5444,0.0909,0,10,5,289000.0,1.0
-106.75,0.0,2.9878,0.0,2102.6118,1.0,26,12,8,0.0,1.0
-126.9653,9.7304,-4.154,7.5401,-438.2513,0.1441,0,8,5,83000.0,2.0
-112.3,0.21,9.6,0.015,251.6582,0.0,0,10,5,289000.0,0.0
-103.35,0.665,-0.65,0.015,337.8512,0.0909,0,10,5,289000.0,1.0
-122.5294,0.115,0.0069,0.0963,16.5239,0.0,0,10,5,289000.0,2.0
-111.3,0.6975,-3.2,0.3475,293.3916,0.0909,0,10,5,289000.0,1.0
-113.1,0.29,9.35,0.015,258.9983,0.0,0,10,5,289000.0,0.0
-120.2679,0.3081,-1.4973,0.0955,235.5655,0.0,0,8,5,83000.0,2.0
-129.7588,0.1616,-5.7993,0.1928,-393.8352,0.0,0,10,5,289000.0,2.0
-104.2506,0.3917,10.5109,0.1507,228.8088,0.0,0,12,8,1450000.0,0.0
-106.2209,0.0,6.0871,0.0,2644.5967,1.0,1158,12,8,0.0,1.0
-108.7407,0.629,-10.7574,0.5017,-452.5385,0.0,0,8,5,83000.0,2.0
-117.1375,0.2675,4.2643,0.2179,446.5842,0.0051,0,8,5,83000.0,2.0
-106.47,0.2965,0.395,0.0775,-202.2913,0.7692,7,12,8,1450000.0,1.0
-127.1382,0.0969,-4.158,0.073,258.9069,0.0,0,8,5,83000.0,2.0
-110.5625,0.6992,-6.5625,0.1992,-522.1909,0.0,0,8,5,83000.0,1.0
-100.375,0.6531,-1.575,0.0131,86.4027,0.0,0,12,8,1450000.0,1.0
-133.4573,3.8202,-11.8769,2.492,467.9175,0.0,0,12,8,1450000.0,2.0
-109.8,2.76,10.1,0.5275,-262.5634,0.0,0,8,5,83000.0,0.0
-123.1042,0.7144,-1.3071,0.5263,148.8743,0.0772,0,8,5,83000.0,2.0
-117.0,0.2917,-5.0,0.2917,-546.6576,0.0,0,8,5,83000.0,1.0
-106.0,0.0,-2.0,0.0,321.9128,0.9976,5,10,5,289000.0,1.0
-123.1173,0.8008,0.3533,0.711,-632.3822,0.0,0,10,5,289000.0,2.0
-112.9091,0.2557,7.5616,0.4799,330.4847,0.0603,1,12,8,1450000.0,0.0
-112.2,0.36,10.1,0.015,-42.7819,0.0,0,10,5,289000.0,0.0
-128.3267,0.1933,-3.8687,0.1469,-74.4167,0.0,0,10,5,289000.0,2.0
-112.0541,0.6405,11.6921,0.2433,248.3424,0.0126,0,12,8,1450000.0,0.0
-118.4,0.24,4.55,0.0225,-513.3828,0.0,0,8,5,83000.0,0.0
-113.1244,1.2191,13.508,0.7601,412.4635,0.0274,0,12,8,1450000.0,0.0
-113.7341,1.7475,7.6991,0.3661,2676.6277,0.2877,1640,8,5,0.0,1.0
-115.2,0.16,7.5,0.025,-480.6672,0.0,0,8,5,83000.0,0.0
-110.3953,0.9157,9.4766,0.2041,354.4122,0.0959,0,12,8,1450000.0,0.0
-102.2236,0.0,4.7448,0.0,2928.4425,1.0,22,12,8,0.0,1.0
-112.0,0.4,9.875,0.4281,256.6914,0.0909,0,10,5,289000.0,0.0
-114.9,0.89,7.45,0.5975,-190.4214,0.0,0,8,5,83000.0,0.0
-109.35,0.265,-3.75,0.125,277.2435,0.0909,0,10,5,289000.0,1.0
-110.6946,1.0425,2.2682,2.9691,372.1893,0.6098,5,12,8,1450000.0,1.0
-101.0,0.2,11.225,0.1056,-447.9517,0.0,0,8,5,83000.0,0.0
-105.8,0.36,8.275,3.3431,295.279,0.0909,0,10,5,289000.0,1.0
-105.875,0.6031,-3.475,0.0931,301.5705,0.0909,0,10,5,289000.0,1.0
-123.3596,0.0904,0.4623,0.0503,-102.7087,0.0,0,10,5,289000.0,2.0
-117.4,0.24,5.25,0.0375,-620.757,0.0,0,8,5,83000.0,0.0
-131.8325,15.2267,-10.1438,12.2422,273.4284,0.0,0,12,8,1450000.0,2.0
-111.4,0.24,9.15,0.0775,-114.9239,0.0,0,8,5,83000.0,0.0
-101.7,0.21,11.925,0.0631,-498.2833,0.0,0,8,5,83000.0,0.0
-108.1614,1.4169,-5.8578,2.1793,13.294,0.093,0,12,8,1450000.0,1.0
-113.6,0.44,8.475,0.5931,200.9072,0.0,0,10,5,289000.0,0.0
-110.2,0.56,9.0,0.1125,242.4308,0.0,0,10,5,289000.0,0.0
-111.2,0.16,9.5,0.0875,257.5303,0.0909,0,10,5,289000.0,0.0
-113.7,0.61,8.525,1.6931,251.0291,0.0,0,10,5,289000.0,0.0
-132.25,10.6227,-9.5,22.1303,-625.3367,0.1327,0,10,5,289000.0,2.0
-113.3333,0.0139,-1.3333,0.0139,-535.4728,0.0,0,8,5,83000.0,1.0
-105.654,0.2826,11.1275,0.2218,152.573,0.0,0,12,8,1450000.0,0.0
-129.8847,8.7674,-6.5752,7.5038,306.7864,0.0,0,12,8,1450000.0,2.0
-129.7822,1.7892,-6.5901,1.5151,188.9121,0.0,0,12,8,1450000.0,2.0
-121.2069,3.6034,0.4656,2.2253,-105.2396,0.1774,0,10,5,289000.0,2.0
-100.7,1.9475,-1.1,0.3275,109.4189,0.0,0,12,8,1450000.0,1.0
-105.275,1.1306,-3.475,0.1306,299.8928,0.0909,0,10,5,289000.0,1.0
-105.5593,0.6284,12.9166,0.1031,257.179,0.0,0,12,8,1450000.0,0.0
-127.4286,0.3614,-4.0057,0.266,240.4161,0.089,0,8,5,83000.0,2.0
-131.2195,0.0361,-8.3097,0.0298,50.3021,0.0,0,12,8,1450000.0,2.0
-127.4614,0.8188,-5.7988,0.3636,468.9638,0.0,0,8,5,83000.0,2.0
-133.6015,0.1662,-10.0166,0.1354,-30.7025,0.0,0,12,8,1450000.0,2.0
-112.1,0.49,10.175,0.0131,-29.1504,0.0,0,10,5,289000.0,0.0
-103.275,1.1556,-8.075,0.1756,52.9007,0.0,0,12,8,1450000.0,1.0
-130.0,1.2837,-5.5311,1.5925,-593.8245,0.0,0,10,5,289000.0,2.0
-101.4,0.64,10.65,0.4525,-421.947,0.0,0,8,5,83000.0,0.0
-134.809,4.1052,-11.1182,3.3983,603.6675,0.0,0,12,8,1450000.0,2.0
-129.1874,0.1658,-5.3335,0.1613,-637.7285,0.0,0,10,5,289000.0,2.0
-999.0,0.0,-999.0,0.0,0.0,1.0,0,8,5,0.0,1.0
-130.7716,0.2048,-7.166,0.1671,285.0976,0.0,0,12,8,1450000.0,2.0
-102.4296,0.0,1.6984,0.0,4706.3977,1.0,20,12,8,0.0,1.0
-127.4738,1.2686,-3.0981,1.5865,-89.6937,0.0,0,10,5,289000.0,2.0
-114.8,0.36,8.0,0.2,-523.4492,0.0,0,8,5,83000.0,0.0
-126.9714,6.6716,-5.1528,2.7836,-570.808,0.092,0,8,5,83000.0,2.0
-116.2,0.16,6.85,0.04,-478.9896,0.0,0,8,5,83000.0,0.0
-115.8,0.785,-6.7,0.135,-525.9658,0.0,0,8,5,83000.0,1.0
-116.2,0.96,6.95,1.11,-477.3118,0.0,0,8,5,83000.0,0.0
-126.7757,0.214,-4.2149,0.2046,441.8094,0.0059,0,8,5,83000.0,2.0
-111.9,0.49,9.95,0.0225,138.2023,0.0,0,10,5,289000.0,0.0
-122.626,0.0343,0.7095,0.0381,3.5484,0.0,0,10,5,289000.0,2.0
-104.825,0.3506,-4.625,0.2906,312.2659,0.0909,0,10,5,289000.0,1.0
-103.8004,0.0,7.6394,0.0,2597.3605,1.0,1372,12,8,0.0,1.0
-106.25,0.0,3.8125,0.0,2856.8455,1.0,103,10,5,0.0,1.0
-107.9532,0.3875,8.765,0.4032,166.2023,0.162,0,12,8,1450000.0,0.0
-126.2055,6.839,-3.2502,6.7289,457.4077,0.1067,0,8,5,83000.0,2.0
-114.375,0.1406,0.0625,0.1055,-538.968,0.0,0,8,5,83000.0,1.0
-119.5,0.25,3.225,0.1181,-516.7383,0.0,0,8,5,83000.0,0.0
-115.3229,0.7208,-6.013,12.8389,-512.4535,0.99,0,8,5,83000.0,1.0
-134.1539,0.0243,-11.4611,0.0152,470.4923,0.0,0,12,8,1450000.0,2.0
-107.0,0.0,3.85,0.0,2839.7534,1.0,234,10,5,0.0,1.0
-108.5833,0.0972,-3.5833,0.0972,-529.8804,0.0,0,8,5,83000.0,1.0
-123.304,0.6824,-0.2226,0.6433,-57.1416,0.0,0,10,5,289000.0,2.0
-113.0,0.4,9.675,0.0256,162.5293,0.0,0,10,5,289000.0,0.0
-115.575,1.1756,-6.875,1.1906,-525.9657,0.0,0,8,5,83000.0,1.0
-113.6,0.44,9.175,0.0131,245.9959,0.0,0,10,5,289000.0,0.0
-113.1,0.49,9.55,0.01,249.3513,0.0,0,10,5,289000.0,0.0
-110.5625,3.3867,-5.3125,0.6055,-520.0937,0.0,0,8,5,83000.0,1.0
-109.425,0.4131,-4.025,0.0931,286.0515,0.0909,0,10,5,289000.0,1.0
-131.9967,0.8422,-9.1632,0.5493,185.4983,0.0,0,12,8,1450000.0,2.0
-102.3,0.81,11.65,0.0275,-494.9278,0.0,0,8,5,83000.0,0.0
-109.6125,1.7536,7.7888,1.7919,-243.9946,0.1314,9,12,8,1450000.0,1.0
-112.8,0.36,9.3,0.2225,254.5943,0.0,0,10,5,289000.0,0.0
-123.709,9.1129,-1.2757,11.9945,455.1598,0.2572,0,8,5,83000.0,2.0
-109.0128,2.0963,-8.785,1.9243,64.7184,0.0134,0,12,8,1450000.0,1.0
-128.2197,0.1421,-3.6817,0.1488,-621.5994,0.0,0,10,5,289000.0,2.0
-105.7209,0.2809,11.1822,0.1938,331.7531,0.0,1,12,8,1450000.0,0.0
-110.5,0.25,9.475,0.0681,250.1902,0.0,0,10,5,289000.0,0.0
-123.7726,0.1815,-0.2238,0.1488,24.5208,0.0,0,10,5,289000.0,2.0
-121.5172,0.3978,1.5225,0.4055,13.5901,0.1577,0,10,5,289000.0,2.0
-999.0,0.0,-999.0,0.0,0.0,1.0,0,8,5,0.0,1.0
-111.3125,0.0,9.8281,0.0,2241.3315,1.0,772,8,5,0.0,1.0
-102.4778,0.977,-5.7297,2.4389,-6.4979,0.0,0,12,8,1450000.0,1.0
-130.0,4.5922,-3.4494,4.0275,-466.831,0.2322,0,10,5,289000.0,2.0
-100.625,1.2656,-1.625,0.0156,74.6586,0.0,0,12,8,1450000.0,1.0
-114.125,2.4156,-3.825,0.7506,-537.7098,0.0,0,8,5,83000.0,1.0
-110.3116,0.7189,9.5309,0.3581,224.0742,0.0,0,8,5,83000.0,2.0
-122.7984,5.6509,-0.6518,4.8471,449.4297,0.0755,0,8,5,83000.0,2.0
-118.1,0.09,4.6,0.015,-119.1182,0.0,0,8,5,83000.0,0.0
-115.875,0.8906,-6.675,0.1506,-525.9657,0.0,0,8,5,83000.0,1.0
-103.2004,0.4827,12.3552,0.269,186.726,0.1,0,12,8,1450000.0,0.0
-102.5195,0.3349,-2.6812,0.4331,324.6568,0.0,0,12,8,1450000.0,1.0
-116.55,2.135,-5.15,0.315,-550.2927,0.0,0,8,5,83000.0,1.0
-115.2,0.8725,6.0298,0.1429,2497.7138,0.3422,902,8,5,0.0,1.0
-108.2741,0.0,4.4662,0.0,2449.0597,1.0,18,12,8,0.0,1.0
-101.3475,0.645,-2.9977,1.8046,266.7924,0.0,0,12,8,1450000.0,1.0
-128.6976,3.8415,-5.6574,1.5273,151.0077,0.0817,0,8,5,83000.0,2.0
-105.9,0.09,1.775,0.0556,297.7956,0.0909,0,10,5,289000.0,1.0
-117.15,0.69,-9.85,0.14,-557.0036,0.0,0,8,5,83000.0,1.0
-111.5,0.2917,-6.5,0.2917,-465.5677,0.0,0,8,5,83000.0,1.0
-120.7222,0.1679,-3.3556,0.2207,-69.315,0.0,0,10,5,289000.0,2.0
-121.0419,1.1305,-1.0607,0.9385,34.1646,0.0,0,10,5,289000.0,2.0
-102.5,0.25,0.625,0.0156,326.1071,0.8,0,10,5,289000.0,1.0
-127.928,0.512,-3.7061,0.4402,-408.5935,0.0,0,10,5,289000.0,2.0
-102.675,1.4506,-1.125,7.5781,285.6321,0.0909,0,10,5,289000.0,1.0
-132.2795,0.1027,-9.1157,0.1051,211.45,0.0,0,12,8,1450000.0,2.0
-115.3,0.21,7.525,0.1056,-515.8994,0.0,0,8,5,83000.0,0.0
-109.65,0.365,-4.15,0.065,278.7115,0.0909,0,10,5,289000.0,1.0
-105.1672,0.2142,12.8768,0.2639,439.0926,0.1,0,12,8,1450000.0,0.0
-110.6,0.24,10.175,0.0256,-76.3363,0.0909,0,8,5,83000.0,0.0
-999.0,0.0,-999.0,0.0,0.0,1.0,0,10,5,0.0,1.0
-121.8786,0.142,-2.0636,0.096,-55.8223,0.0,0,10,5,289000.0,2.0
-101.5,0.25,11.875,0.0531,-359.0324,0.0,0,8,5,83000.0,0.0
-135.5118,0.8676,-11.9918,0.7772,567.5841,0.0,0,12,8,1450000.0,2.0
-115.3,1.01,7.825,0.6881,-523.4492,0.0,0,8,5,83000.0,0.0
-116.75,0.5417,-4.75,0.0417,-543.8614,0.0,0,8,5,83000.0,1.0
-116.9,0.29,5.95,0.21,-480.6672,0.0,0,8,5,83000.0,0.0
-118.0,0.5417,-7.6667,0.0972,-538.269,0.0,0,8,5,83000.0,1.0
-103.9434,0.2846,10.9893,0.0724,303.6602,0.0909,0,12,8,1450000.0,0.0
-131.3817,4.4114,-8.9362,4.5384,663.0453,0.0,0,12,8,1450000.0,2.0
-114.1,0.29,8.65,0.0275,-162.739,0.0,0,8,5,83000.0,0.0
-130.7235,0.1178,-7.6949,0.1001,-3.994,0.0,0,12,8,1450000.0,2.0
-109.6667,0.7222,-3.6667,1.7222,-510.307,0.0,0,8,5,83000.0,1.0
-100.325,0.8631,-3.325,0.0131,103.8615,0.0,0,12,8,1450000.0,1.0
-116.3,0.21,6.35,0.04,-478.9896,0.0,0,8,5,83000.0,0.0
-113.6,0.44,8.75,0.0375,104.0187,0.0,0,10,5,289000.0,0.0
-102.65,1.0525,-4.15,0.0525,123.8368,0.0,0,12,8,1450000.0,1.0
-104.1968,0.4077,13.2949,0.0191,398.5166,0.1818,0,12,8,1450000.0,0.0
-101.1,0.29,11.15,0.165,-482.3449,0.0,0,8,5,83000.0,0.0
-130.1005,0.4862,-6.7053,0.3687,259.4131,0.0,0,8,5,83000.0,2.0
-101.4,0.24,12.05,0.06,-372.4542,0.0,0,8,5,83000.0,0.0
-118.679,0.0,7.5934,0.0,2362.5225,1.0,1226,8,5,0.0,1.0
-111.9,0.09,10.1,0.015,252.7068,0.0,0,10,5,289000.0,0.0
-104.7359,0.3702,11.4282,0.0582,469.4753,0.0,1,12,8,1450000.0,0.0
-115.1856,1.0523,8.4752,0.4038,218.0648,0.1338,1,12,8,1450000.0,0.0
-107.0968,1.6258,3.8866,2.0333,65.6583,0.6761,1,12,8,1450000.0,1.0
-115.1838,0.0,10.3841,0.0,2481.7165,1.0,1476,8,5,0.0,1.0
-123.748,0.4431,-1.0031,0.3484,-479.8302,0.0,0,10,5,289000.0,2.0
-124.6286,13.0493,-1.2804,19.9544,-461.9254,0.1674,0,10,5,289000.0,2.0
-102.6924,2.4145,-13.5705,2.416,232.5246,0.0,0,12,8,1450000.0,1.0
-101.4,0.24,11.05,0.36,-415.236,0.0,0,8,5,83000.0,0.0
-100.8,1.635,2.375,31.2906,71.3032,0.0,0,12,8,1450000.0,1.0
-131.5769,0.1503,-8.2091,0.1118,313.9778,0.0,0,12,8,1450000.0,2.0
-109.725,0.6306,-3.725,0.2306,285.6321,0.0909,0,10,5,289000.0,1.0
-100.8,0.36,11.125,0.0656,-454.6625,0.0,0,8,5,83000.0,0.0
-103.95,0.435,-0.2,0.0725,290.6653,0.0909,0,10,5,289000.0,1.0
-114.0,0.4,8.625,0.0281,-165.2556,0.0,0,8,5,83000.0,0.0
-102.6,0.64,11.8,0.035,-473.9564,0.0,0,8,5,83000.0,0.0
-109.3125,0.2617,-4.5625,0.668,-507.5108,0.0,0,8,5,83000.0,1.0
-123.1726,1.6644,-0.4605,1.2111,-480.1579,0.0,0,10,5,289000.0,2.0
-103.3333,0.2222,0.1667,0.0139,317.7185,0.625,0,10,5,289000.0,1.0
-108.4,0.4025,-2.7,0.0725,296.3276,0.0909,0,10,5,289000.0,1.0
-108.3802,1.1883,13.5134,0.5346,332.1433,0.1239,1,12,8,1450000.0,0.0
-132.0,105.0,-9.0564,143.2868,-602.8352,0.6301,0,10,5,289000.0,2.0
-128.2824,38.9425,-5.4068,40.3839,-439.4704,0.2597,0,8,5,83000.0,2.0
-133.9193,0.5191,-10.8094,0.5125,169.0812,0.0,0,12,8,1450000.0,2.0
-118.9699,3.6388,-2.6713,3.0727,445.3231,0.0446,0,8,5,83000.0,2.0
-999.0,0.0,-999.0,0.0,0.0,1.0,0,8,5,0.0,1.0
-102.0387,0.0,0.7211,0.0,2585.2273,1.0,23,12,8,0.0,1.0
-109.8,0.16,8.875,0.0406,-105.4867,0.0,0,10,5,289000.0,0.0
-115.6,0.24,7.3,0.4975,-491.5724,0.0,0,8,5,83000.0,0.0
-113.2896,1.551,-7.8047,1.562,-446.558,0.0329,0,8,5,83000.0,2.0
-114.3333,0.0139,-0.3333,0.0139,-541.0652,0.0,0,8,5,83000.0,1.0
-111.6919,1.1889,8.5389,0.3471,215.5522,0.1542,0,12,8,1450000.0,0.0
-122.16,8.3129,0.7745,9.7432,-466.5479,0.1983,0,10,5,289000.0,2.0
-133.3145,1.7751,-10.9208,1.509,441.197,0.0,0,12,8,1450000.0,2.0
-114.1649,0.275,7.7076,0.475,335.2079,0.0124,2,12,8,1450000.0,0.0
-111.9,0.89,9.85,0.14,254.804,0.0,0,10,5,289000.0,0.0
-102.2882,0.0,7.8196,0.0,2641.0653,1.0,253,12,8,0.0,1.0
-109.5625,0.418,-4.0625,0.2305,-511.7051,0.0,0,8,5,83000.0,1.0
-101.525,0.5681,-7.525,0.0681,89.496,0.0,0,12,8,1450000.0,1.0
-129.0431,0.6491,-5.4363,0.5427,-435.8835,0.0,0,8,5,83000.0,2.0
-116.9526,1.0679,6.4436,0.3965,274.7247,0.1695,0,12,8,1450000.0,0.0
-114.0,0.0,1.3333,0.8889,-543.8614,0.0,0,8,5,83000.0,1.0
-105.1312,0.0,4.5397,0.0,2668.8671,1.0,1228,12,8,0.0,1.0
-119.3203,1.6934,5.1837,1.4385,-620.6691,0.6863,14,8,5,83000.0,1.0
-116.1,3.09,6.85,2.765,-483.1838,0.0,0,8,5,83000.0,0.0
-114.2,0.36,8.475,0.0306,-493.2502,0.0,0,8,5,83000.0,0.0
-121.6674,1.4287,-0.4291,1.2275,17.9958,0.0,0,10,5,289000.0,2.0
-102.0,0.2,11.75,0.025,-499.1221,0.0,0,8,5,83000.0,0.0
-104.6174,0.1663,11.3128,0.1788,454.0,0.0,0,12,8,1450000.0,0.0
-108.4,0.3775,-2.6,0.0775,287.1001,0.0909,0,10,5,289000.0,1.0
-126.4727,0.2476,-3.6735,0.1669,136.1916,0.0,0,8,5,83000.0,2.0
-117.1,0.09,5.9,0.04,-129.1846,0.0,0,8,5,83000.0,0.0
-100.4,0.7275,-2.0,0.2375,109.2092,0.0,0,12,8,1450000.0,1.0
-125.7747,0.1652,-2.7851,0.097,-121.4694,0.0,0,8,5,83000.0,2.0
-111.3173,0.4702,8.3566,0.5307,374.4092,0.0437,1,12,8,1450000.0,0.0
-121.237,6.2333,1.9451,5.1195,-581.993,0.0717,0,10,5,289000.0,2.0
-103.266,1.028,10.2533,0.5274,232.6077,0.0525,0,12,8,1450000.0,0.0
-132.3739,1.1352,-8.6068,0.9861,86.9456,0.0,0,12,8,1450000.0,2.0
-113.5552,1.9114,6.6568,0.8595,2600.9295,0.7886,2180,8,5,0.0,1.0
-100.1404,1.5194,-6.1415,0.6865,280.1428,0.0625,0,12,8,1450000.0,1.0
-103.4087,0.6332,11.5349,0.3009,340.8999,0.0909,1,12,8,1450000.0,0.0
-111.7,0.41,10.3,0.01,196.2934,0.0,0,10,5,289000.0,0.0
-124.8531,5.5607,-1.9948,4.4909,-445.5394,0.0743,0,8,5,83000.0,2.0
-110.7,0.21,9.5,0.0625,250.8194,0.0,0,10,5,289000.0,0.0
-111.5,1.5417,-5.1667,0.0972,-527.0842,0.0,0,8,5,83000.0,1.0
-104.225,0.3556,-2.525,1.1306,305.1356,0.2308,0,10,5,289000.0,1.0
-113.7,0.61,8.975,0.0806,-236.5588,0.0,0,8,5,83000.0,0.0
-129.072,2.5454,-6.483,1.3482,-445.0716,0.0,0,8,5,83000.0,2.0
-131.3729,4.886,-8.4477,3.9224,143.2372,0.0,0,12,8,1450000.0,2.0
-108.325,0.1756,-2.525,0.1056,289.407,0.0909,0,10,5,289000.0,1.0
-130.8024,5.6541,-7.1072,5.0127,-461.0963,0.0982,0,8,5,83000.0,2.0
-129.2499,0.1024,-5.882,0.0843,-436.8446,0.0,0,8,5,83000.0,2.0
-106.3633,0.0,7.0658,0.0,2749.9876,1.0,169,12,8,0.0,1.0
-119.0293,8.1037,3.6681,8.4578,-456.0393,0.2743,0,10,5,289000.0,2.0
-104.4167,1.6316,-0.2582,2.3508,45.4848,0.0,0,12,8,1450000.0,1.0
-126.0551,0.6579,-1.9843,0.622,35.8354,0.0,0,10,5,289000.0,2.0
-113.3333,0.1806,-0.6667,0.0139,-541.0652,0.0,0,8,5,83000.0,1.0
-105.7,0.41,4.625,1.8906,295.4887,0.0909,0,10,5,289000.0,1.0
-109.3559,0.4029,5.7527,0.3372,368.2524,0.0719,0,12,8,1450000.0,0.0
-132.7092,0.504,-9.7294,0.4601,114.175,0.0,0,12,8,1450000.0,2.0
-131.916,0.0366,-9.4191,0.035,153.8346,0.0,0,12,8,1450000.0,2.0
-121.1036,1.5944,-2.4024,1.0157,-479.7414,0.0,0,10,5,289000.0,2.0
-108.6987,0.1665,-10.0843,0.1466,-449.8432,0.0,0,8,5,83000.0,2.0
-112.0,0.4,10.05,0.0225,-9.0178,0.0,0,10,5,289000.0,0.0
-131.0636,5.6786,-9.5604,4.0103,48.6177,0.0,0,12,8,1450000.0,2.0
-111.7,0.21,10.4,0.015,46.1373,0.0,0,10,5,289000.0,0.0
-129.1987,2.6811,-6.1976,1.975,141.823,0.0,0,8,5,83000.0,2.0
-113.3,0.21,8.65,0.0525,98.3564,0.0,0,10,5,289000.0,0.0
-131.2486,1.6953,-8.0174,1.4304,88.8555,0.0,0,12,8,1450000.0,2.0
-131.759,3.357,-8.9206,3.1978,436.7774,0.0,0,12,8,1450000.0,2.0
-111.1667,0.4306,-6.5,0.0417,-529.8804,0.0,0,8,5,83000.0,1.0
-136.9392,4.9654,-13.4766,3.8308,109.3535,0.0,0,12,8,1450000.0,2.0
-123.8198,8.7303,0.3989,6.7114,-497.8664,0.0945,0,10,5,289000.0,2.0
-125.5016,0.2878,-2.3655,0.1414,239.4109,0.0,0,8,5,83000.0,2.0
-131.901,1.1304,-8.9919,0.9737,26.9565,0.0,0,12,8,1450000.0,2.0
-130.0243,1.0312,-7.1281,0.9145,20.6331,0.0,0,12,8,1450000.0,2.0
-113.8712,1.1614,7.8714,0.8494,-516.506,0.241,22,8,5,83000.0,1.0
-105.1741,0.2188,11.5309,0.2142,314.8742,0.1,0,12,8,1450000.0,0.0
-127.7537,2.1411,-5.4003,1.0656,-562.6782,0.0707,0,8,5,83000.0,2.0
-123.7248,1.2601,-2.0882,0.7001,459.8409,0.0,0,8,5,83000.0,2.0
-108.5,0.275,-0.025,0.0556,270.5326,0.0909,0,10,5,289000.0,1.0
-129.6919,0.1518,-6.5089,0.1231,146.6351,0.0,0,12,8,1450000.0,2.0
-105.9677,1.2658,6.742,2.0186,117.8645,0.201,1,12,8,1450000.0,1.0
-103.875,0.5781,-1.875,0.1781,306.1842,0.0909,0,10,5,289000.0,1.0
-114.4889,1.0851,-11.9124,3.9059,79.1849,0.0886,0,12,8,1450000.0,1.0
-100.9,0.49,11.4,0.065,-461.3735,0.0,0,8,5,83000.0,0.0
-113.4,0.24,9.05,0.035,256.9011,0.0,0,10,5,289000.0,0.0
-123.546,0.5136,-0.3125,0.4169,445.2385,0.0,0,8,5,83000.0,2.0
-106.8125,0.0,-1.0625,0.0,2820.6694,1.0,4,10,5,0.0,1.0
-112.6076,0.7351,8.7516,0.1002,381.5316,0.197,0,12,8,1450000.0,0.0
-123.3231,0.335,-0.0748,0.227,-602.164,0.0,0,10,5,289000.0,2.0
-128.205,0.0697,-4.8667,0.0698,-140.2426,0.0,0,8,5,83000.0,2.0
-113.5,0.25,8.925,0.0381,61.6563,0.0,0,10,5,289000.0,0.0
-106.625,0.0,-0.625,0.0,2812.8049,1.0,4,10,5,0.0,1.0
-101.2,0.16,10.5,0.075,-423.6247,0.0,0,8,5,83000.0,0.0
-130.2508,3.6101,-6.8469,1.2749,150.3512,0.1163,0,8,5,83000.0,2.0
-130.9,3.3664,-6.3378,2.7796,-424.9265,0.0734,0,8,5,83000.0,2.0
-104.4229,0.3042,11.7299,0.0446,192.0606,0.1,0,12,8,1450000.0,0.0
-121.8162,0.3197,-1.089,0.3851,-97.836,0.0,0,10,5,289000.0,2.0
-103.3389,0.4118,11.8479,0.3046,249.4596,0.0,0,12,8,1450000.0,0.0
-113.5,0.25,8.75,0.0375,81.9986,0.0,0,10,5,289000.0,0.0
-111.8728,0.9148,9.7253,0.5437,353.2393,0.1484,0,12,8,1450000.0,0.0
-109.75,0.0417,-4.4167,0.2639,-510.307,0.0,0,8,5,83000.0,1.0
-129.4918,0.0871,-5.4014,0.0577,60.1725,0.0,0,12,8,1450000.0,2.0
-102.775,0.3306,0.55,0.9225,325.0586,0.0909,0,10,5,289000.0,1.0
-126.1455,2.8134,-2.8816,1.6469,134.1012,0.0,0,8,5,83000.0,2.0
-108.75,0.3375,-0.2,0.0725,297.1664,0.0909,0,10,5,289000.0,1.0
-115.0,0.2,8.0,0.025,-510.0273,0.0,0,8,5,83000.0,0.0
-121.5372,0.3136,-3.1871,0.2921,-80.6853,0.0,0,10,5,289000.0,2.0
-110.9253,6.0961,-8.7508,5.8141,439.2424,0.024,0,8,5,83000.0,2.0
-109.0728,1.153,-0.4984,3.3194,197.0692,0.1458,0,12,8,1450000.0,1.0
-110.3333,0.0139,-5.6667,0.1806,-521.4919,0.0,0,8,5,83000.0,1.0
-106.0,0.0,-0.5,0.0,2811.7566,1.0,5,10,5,0.0,1.0
-111.9,0.09,9.9,0.015,24.9561,0.0,0,10,5,289000.0,0.0
-124.9476,4.2466,-2.7361,1.4687,-448.0732,0.0929,0,8,5,83000.0,2.0
-112.3,0.41,10.025,0.0181,-51.5899,0.0,0,10,5,289000.0,0.0
-114.875,0.3031,-3.875,0.1031,-541.0652,0.0,0,8,5,83000.0,1.0
-114.5736,0.6864,6.5763,0.7603,-432.8331,0.0,0,8,5,83000.0,2.0
-103.325,0.4631,-0.3,0.085,336.3832,0.0909,0,10,5,289000.0,1.0
-130.9886,0.5427,-8.1817,0.4734,123.053,0.0,0,12,8,1450000.0,2.0
-131.3773,0.9344,-8.8727,0.6818,456.9014,0.2,0,12,8,1450000.0,2.0
-104.9915,0.0,6.9083,0.0,2747.2769,1.0,334,12,8,0.0,1.0
-106.25,0.0,3.1875,0.0,2860.5154,1.0,85,10,5,0.0,1.0
-131.4457,7.9451,-8.8619,7.2963,338.303,0.0,0,12,8,1450000.0,2.0
-120.0587,0.0319,-1.5601,0.0245,35.727,0.0,0,10,5,289000.0,2.0
-110.75,0.3437,-6.5,0.6562,-524.288,0.0,0,8,5,83000.0,1.0
-105.175,0.3881,-0.025,0.0306,295.279,0.0909,0,10,5,289000.0,1.0
-130.0718,1.5084,-7.5396,1.231,482.1564,0.0,0,12,8,1450000.0,2.0
-112.5,0.25,0.125,0.0156,-532.6766,0.0,0,8,5,83000.0,1.0
-105.225,0.7931,-3.825,0.0631,299.2636,0.0909,0,10,5,289000.0,1.0
-999.0,0.0,-999.0,0.0,0.0,1.0,0,10,5,0.0,1.0
-113.3,0.81,9.225,0.7181,250.1902,0.0,0,10,5,289000.0,0.0
-105.0,0.0,0.35,0.0525,294.4401,0.0909,0,10,5,289000.0,1.0
-103.0,0.0,0.5,0.0,315.6214,0.75,3,10,5,289000.0,1.0
-114.0,0.6,8.625,0.1031,-475.6341,0.0,0,8,5,83000.0,0.0
-112.1,0.29,9.875,0.0281,29.1504,0.0,0,10,5,289000.0,0.0
-131.5283,0.4003,-9.1125,0.287,79.255,0.0,0,12,8,1450000.0,2.0
-132.7574,0.6735,-9.379,0.6309,448.0047,0.0,0,12,8,1450000.0,2.0
-116.1616,2.2043,1.1322,3.7231,223.3059,0.1516,0,12,8,1450000.0,1.0
-117.5625,0.293,-5.3125,0.1367,-534.7738,0.0,0,8,5,83000.0,1.0
-126.8546,3.5202,-4.011,2.1004,-437.7477,0.1774,0,8,5,83000.0,2.0
-103.4148,1.6842,6.9653,2.6017,100.3093,0.0968,5,12,8,1450000.0,1.0
-105.0619,0.6076,12.0913,0.1683,210.7687,0.0909,1,12,8,1450000.0,0.0
-106.0,0.0,-1.0,0.0,2825.9124,1.0,4,10,5,0.0,1.0
-131.3663,4.4215,-7.8663,3.7399,382.7826,0.0,0,12,8,1450000.0,2.0
-103.0,0.0,0.0,0.0,317.7185,0.8,3,10,5,289000.0,1.0
-115.9,0.49,6.8,0.1975,-512.5439,0.0,0,8,5,83000.0,0.0
-117.6051,0.9962,8.1401,0.4261,2427.7683,0.7573,724,8,5,83000.0,1.0
-106.6246,0.0128,-12.581,0.01,-475.3907,0.0,0,8,5,83000.0,2.0
-109.5,1.125,-3.8333,0.0139,-532.6766,0.0,0,8,5,83000.0,1.0
-131.2265,1.913,-8.3475,1.5698,525.2368,0.0,0,12,8,1450000.0,2.0
-122.9352,0.1198,-2.1693,0.1002,-406.3978,0.0,0,10,5,289000.0,2.0
-117.0645,0.0,6.6935,0.0,2581.3911,1.0,2640,8,5,0.0,1.0
-106.5,0.0,-0.5,0.0,2809.9739,1.0,7,10,5,0.0,1.0
-116.9,0.09,5.65,0.065,-156.0281,0.0,0,8,5,83000.0,0.0
-103.701,0.2363,12.2306,0.0789,293.4815,0.0,1,12,8,1450000.0,0.0
-112.1,0.49,9.425,0.1006,-260.8857,0.0,0,8,5,83000.0,0.0
-112.6,0.84,9.675,0.4881,180.9842,0.0,0,10,5,289000.0,0.0
-131.4413,8.9534,-7.9689,9.198,-25.9515,0.0,0,12,8,1450000.0,2.0
-133.8624,10.7087,-10.643,10.6188,410.5599,0.0,0,12,8,1450000.0,2.0
-999.0,0.0,-999.0,0.0,0.0,1.0,0,8,5,0.0,2.0
-999.0,0.0,-999.0,0.0,0.0,1.0,0,8,5,0.0,1.0
-128.2585,45.0,-5.3953,34.2594,-434.963,0.2413,0,8,5,83000.0,2.0
-124.3457,0.6152,-2.0879,0.3974,465.8805,0.0,0,8,5,83000.0,2.0
-123.0946,0.6461,0.1,0.6214,-606.2708,0.0,0,10,5,289000.0,2.0
-122.3622,0.4507,-1.0298,0.3857,-399.8959,0.0,0,10,5,289000.0,2.0
-123.709,9.1129,-1.2757,11.9945,455.1598,0.2572,0,8,5,83000.0,2.0
-110.1,0.29,10.325,0.0256,-71.3032,0.0909,0,8,5,83000.0,0.0
-113.4953,0.4048,8.2268,0.3503,387.3296,0.0483,2,12,8,1450000.0,0.0
-122.6257,40.503,-0.8574,46.5155,-587.6481,0.3852,0,10,5,289000.0,2.0
-112.8054,0.157,7.9896,0.0894,2528.6467,0.1145,1280,8,5,0.0,1.0
-107.525,1.1681,-1.325,0.1381,287.5195,0.0909,0,10,5,289000.0,1.0
-124.0825,0.8661,-1.871,0.6351,242.658,0.0259,0,8,5,83000.0,2.0
-130.9,0.1529,-7.9085,0.0652,-541.4327,0.0,0,8,5,83000.0,2.0
-104.1952,0.1323,10.993,0.0262,346.1004,0.0909,0,12,8,1450000.0,0.0
-105.8533,0.4854,11.6063,0.0705,366.7089,0.0,0,12,8,1450000.0,0.0
-114.0,0.4,8.15,0.015,258.3691,0.0909,0,10,5,289000.0,0.0
-102.0,0.2,11.825,0.0256,-434.5298,0.0,0,8,5,83000.0,0.0
-130.1005,0.4862,-6.7053,0.3687,259.4131,0.0,0,8,5,83000.0,2.0
-101.85,0.5775,0.15,0.9025,284.1641,0.0909,0,10,5,289000.0,1.0
-114.6348,0.3376,7.3952,0.4319,211.7275,0.0835,1,12,8,1450000.0,0.0
-128.9678,0.042,-4.5913,0.044,-482.2831,0.0,0,10,5,289000.0,2.0
-108.5,0.25,9.975,0.0056,225.8633,0.0,0,10,5,289000.0,0.0
-130.0322,4.7545,-7.3416,3.5496,322.2483,0.0,0,12,8,1450000.0,2.0
-116.0191,0.5199,9.585,0.1827,234.0186,0.1336,0,12,8,1450000.0,0.0
-103.5859,1.1271,8.7275,0.5026,263.7847,0.0206,0,12,8,1450000.0,0.0
-117.6667,0.7222,-7.3333,0.0556,-535.4728,0.0,0,8,5,83000.0,1.0
-115.0625,0.1992,-0.8125,0.043,-545.2595,0.0,0,8,5,83000.0,1.0
-112.1988,7.7595,-8.7749,4.0577,468.6792,0.0583,0,8,5,83000.0,2.0
-108.75,0.4062,-3.75,1.0313,-501.2193,0.0,0,8,5,83000.0,1.0
-112.8,0.56,9.55,0.0475,255.6428,0.0,0,10,5,289000.0,0.0
-101.4,0.44,11.425,0.1006,-456.3403,0.0,0,8,5,83000.0,0.0
-114.2,0.96,8.4,0.865,171.7567,0.0,0,10,5,289000.0,0.0
-109.744,0.1729,9.5944,0.0482,343.5049,0.1659,2,12,8,1450000.0,0.0
-123.0406,0.3412,0.4995,0.3213,-593.5166,0.0,0,10,5,289000.0,2.0
-109.9355,0.0,10.1129,0.0,2447.9851,1.0,1626,8,5,0.0,1.0
-111.3,0.21,8.85,0.1025,-76.3363,0.0909,0,8,5,83000.0,0.0
-121.8023,0.6144,-1.8671,0.3961,-614.5108,0.0,0,10,5,289000.0,2.0
-130.8591,1.419,-8.0538,1.0767,36.5976,0.0,0,12,8,1450000.0,2.0
-101.8,0.56,11.4,0.0775,-380.0039,0.0,0,8,5,83000.0,0.0
-113.7,0.21,8.9,0.04,82.2084,0.0,0,10,5,289000.0,0.0
-104.325,0.8381,-3.725,0.1181,298.0053,0.2308,0,10,5,289000.0,1.0
-119.1748,0.8642,7.8863,1.1117,2574.5576,0.9366,241,8,5,83000.0,1.0
-105.779,0.2303,11.5952,0.2256,273.014,0.0,0,12,8,1450000.0,0.0
-103.8927,0.0,4.6452,0.0,2732.6579,1.0,723,12,8,0.0,1.0
-124.6886,16.5659,-1.8411,7.8841,446.5883,0.1387,0,8,5,83000.0,2.0
-101.1,0.49,11.975,0.0306,-499.1222,0.0,0,8,5,83000.0,0.0
-100.7,0.6225,-2.8,0.4225,114.3472,0.0,0,12,8,1450000.0,1.0
-122.3655,0.1444,0.356,0.0834,-465.0925,0.0,0,10,5,289000.0,2.0
-111.0625,2.4805,-6.3125,0.2617,-455.082,0.0,0,8,5,83000.0,1.0
-123.0671,1.528,0.149,1.1047,-624.8587,0.0,0,10,5,289000.0,2.0
-125.897,1.5877,-2.6284,1.0503,226.7878,0.0318,0,8,5,83000.0,2.0
-111.1,0.69,9.875,0.1406,261.7246,0.0909,0,10,5,289000.0,0.0
-122.9794,1.4262,-0.2134,0.8504,-613.8908,0.0,0,10,5,289000.0,2.0
-103.7823,0.4302,11.19,0.2406,263.3487,0.0,1,12,8,1450000.0,0.0
-122.276,3.1398,0.7666,2.1557,-601.6102,0.1299,0,10,5,289000.0,2.0
-105.6486,0.3154,10.8075,0.1716,362.8654,0.0,0,12,8,1450000.0,0.0
-102.6,1.315,-3.1,0.265,66.4273,0.0,0,12,8,1450000.0,1.0
-118.0313,2.5068,-7.5312,11.6631,-555.7452,0.9711,0,8,5,83000.0,1.0
-129.464,45.0,-6.8066,30.7594,218.0635,0.2406,0,8,5,83000.0,2.0
-115.1577,0.4312,6.5215,0.1979,356.6419,0.0157,1,12,8,1450000.0,0.0
-118.8394,5.5327,1.8235,5.4782,-512.066,0.1006,0,8,5,83000.0,2.0
-102.8,0.36,11.625,0.0281,-473.9564,0.0,0,8,5,83000.0,0.0
-112.0,0.4,10.125,0.0281,262.144,0.0909,0,10,5,289000.0,0.0
-129.8614,6.0032,-7.6231,5.7774,348.5331,0.0,0,12,8,1450000.0,2.0
-125.897,1.5877,-2.6284,1.0503,226.7878,0.0318,0,8,5,83000.0,2.0
-107.8005,0.7729,5.7332,2.2918,-149.2203,0.9369,6,12,8,1450000.0,1.0
-106.0,0.0,3.5,0.0,2857.7891,1.0,90,10,5,0.0,1.0
-103.1,0.69,1.45,0.735,324.6392,0.0909,0,10,5,289000.0,1.0
-120.2679,0.3081,-1.4973,0.0955,235.5655,0.0,0,8,5,83000.0,2.0
-111.125,0.1656,-3.125,0.4656,286.8904,0.0909,0,10,5,289000.0,1.0
-102.2,0.16,11.75,0.0375,-482.3449,0.0,0,8,5,83000.0,0.0
-132.5414,1.7076,-9.0569,1.2362,234.589,0.1667,0,12,8,1450000.0,2.0
-113.4,0.44,9.125,0.1906,257.74,0.0909,0,10,5,289000.0,0.0
-117.5,0.25,4.875,0.0156,-140.0898,0.0,0,8,5,83000.0,0.0
-101.6,0.24,10.825,0.0881,-418.5916,0.0,0,8,5,83000.0,0.0
-122.2105,4.3223,-0.9993,3.0255,-401.6728,0.2039,0,10,5,289000.0,2.0
-105.25,0.35,0.1,0.065,295.0693,0.0909,0,10,5,289000.0,1.0
-130.0776,1.6078,-7.386,1.5484,37.9721,0.0,0,12,8,1450000.0,2.0
-124.3973,0.1261,-0.4972,0.1195,-406.9168,0.0,0,10,5,289000.0,2.0
-102.5,0.65,11.7,0.21,-473.1175,0.0,0,8,5,83000.0,0.0
-129.8233,4.2457,-7.3448,3.8636,384.4576,0.0,0,12,8,1450000.0,2.0
-118.4666,2.4829,-1.1953,1.42,-605.7482,0.0,0,10,5,289000.0,2.0
-104.975,0.7431,-5.075,0.2881,323.8003,0.0909,0,10,5,289000.0,1.0
-109.1312,0.319,6.1987,0.0971,386.4788,0.0171,0,12,8,1450000.0,0.0
-111.5,0.25,9.125,0.1156,-77.1752,0.0909,0,8,5,83000.0,0.0
-124.1061,0.1409,-1.3063,0.1605,-93.5687,0.0,0,10,5,289000.0,2.0
-132.7006,0.0349,-9.7221,0.0293,98.928,0.0,0,12,8,1450000.0,2.0
-111.625,1.0156,-6.125,0.3906,-511.7051,0.0,0,8,5,83000.0,1.0
-110.281,0.3036,12.1264,0.5209,293.6585,0.1073,1,12,8,1450000.0,0.0
-127.8887,0.2387,-5.1693,0.2578,-623.2242,0.0,0,10,5,289000.0,2.0
-105.725,0.6431,0.075,1.3506,298.0053,0.2308,0,10,5,289000.0,1.0
-105.8367,0.0,7.1068,0.0,2710.8117,1.0,54,12,8,0.0,1.0
-101.525,0.5681,-7.525,0.0681,89.496,0.0,0,12,8,1450000.0,1.0
-113.5337,0.1185,-7.2926,18.2539,-543.9092,0.25,30,8,5,83000.0,1.0
-122.7618,9.5351,-0.1117,13.4999,-482.3454,0.2946,0,10,5,289000.0,2.0
-131.1883,0.7806,-8.2486,0.5283,34.6336,0.0,0,12,8,1450000.0,2.0
-104.6,0.44,7.6,1.2775,297.3762,0.0909,0,10,5,289000.0,1.0
-110.9688,0.0,9.9297,0.0,2209.6121,1.0,677,8,5,0.0,1.0
-104.1219,0.3828,12.3444,0.2968,249.7432,0.0909,0,12,8,1450000.0,0.0
-132.017,0.4432,-9.7766,0.2711,373.1434,0.0,0,12,8,1450000.0,2.0
-133.2576,2.7066,-10.3559,2.6981,310.4402,0.0,0,12,8,1450000.0,2.0
-131.4053,1.6851,-8.3783,1.3394,180.8233,0.0,0,12,8,1450000.0,2.0
-105.9491,0.6082,12.2773,0.054,212.1141,0.0,0,12,8,1450000.0,0.0
-115.5314,1.0398,5.2608,0.2367,303.9248,0.1575,0,12,8,1450000.0,0.0
-117.0,2.0,5.975,1.5306,-492.4113,0.0,0,8,5,83000.0,0.0
-113.9,0.09,8.9,0.04,-499.1221,0.0,0,8,5,83000.0,0.0
-130.7952,3.3987,-7.4796,2.8533,199.1511,0.0,0,12,8,1450000.0,2.0
-108.4,0.415,-2.7,0.085,284.5835,0.0909,0,10,5,289000.0,1.0
-108.4,1.04,9.725,0.1931,-200.9072,0.0,0,10,5,289000.0,0.0
-117.0019,3.1661,-12.9447,0.0642,357.0549,0.1719,0,12,8,1450000.0,1.0
-130.5129,1.0953,-7.3809,1.0146,321.4961,0.0,0,12,8,1450000.0,2.0
-105.4243,0.0,2.7399,0.0,2705.2081,1.0,738,12,8,0.0,1.0
-133.3039,0.1681,-9.5146,0.1389,-11.5186,0.0,0,12,8,1450000.0,2.0
-115.9,0.89,6.8,0.5975,-495.7667,0.0,0,8,5,83000.0,0.0
-101.65,2.2775,-11.15,0.1275,113.7705,0.0,0,12,8,1450000.0,1.0
-102.45,1.7475,-6.25,0.7875,65.3263,0.0,0,12,8,1450000.0,1.0
-117.7,0.21,5.075,0.0631,-494.089,0.0,0,8,5,83000.0,0.0
-101.2,0.36,10.15,0.09,-420.2693,0.0,0,8,5,83000.0,0.0
-116.6734,0.0,8.7683,0.0,2214.1024,1.0,723,8,5,0.0,1.0
-119.0666,6.6166,5.0545,7.0754,-595.2452,0.189,0,10,5,289000.0,2.0
-130.9,0.4377,-8.1198,0.213,-522.3437,0.0,0,8,5,83000.0,2.0
-127.8086,0.7234,-4.9763,0.3034,-525.8822,0.0857,0,8,5,83000.0,2.0
-102.3,0.21,11.7,0.0225,-487.3781,0.0,0,8,5,83000.0,0.0
-110.1521,0.0,9.3786,0.0,2545.7362,1.0,1539,8,5,0.0,1.0
-105.388,0.5389,12.0231,0.1476,423.7787,0.0,1,12,8,1450000.0,0.0
-120.7609,0.8567,-1.3156,0.9987,-603.6595,0.0,0,10,5,289000.0,2.0
-111.4328,0.0,0.6475,0.0,2684.8938,1.0,18,12,8,0.0,1.0
-106.4727,0.3783,12.0653,0.2034,209.0516,0.0,0,12,8,1450000.0,0.0
-106.5891,1.0618,-13.3461,0.5504,-460.4339,0.0,0,8,5,83000.0,2.0
-115.4,0.24,7.3,0.235,-477.3117,0.0,0,8,5,83000.0,0.0
-100.8182,0.0,4.0,0.0,2749.0803,1.0,24,10,5,0.0,1.0
-110.9167,1.0139,-5.9167,1.5139,-504.7146,0.0,0,8,5,83000.0,1.0
-120.5813,2.6544,2.0854,3.2198,-570.2107,0.1243,0,10,5,289000.0,2.0
-123.1208,0.3722,-0.2664,0.4337,-76.7381,0.0,0,10,5,289000.0,2.0
-115.5,0.45,7.775,0.2306,-478.1507,0.0,0,8,5,83000.0,0.0
-131.9807,5.7388,-8.8022,4.2492,382.3252,0.0,0,12,8,1450000.0,2.0
-131.6544,0.3119,-8.6419,0.2143,67.7071,0.0,0,12,8,1450000.0,2.0
-100.25,0.725,-1.65,0.015,83.0997,0.0,0,12,8,1450000.0,1.0
-105.6942,0.5362,12.7936,0.3446,184.8865,0.0,0,12,8,1450000.0,0.0
-101.45,0.8475,-2.35,0.0775,72.2469,0.0,0,12,8,1450000.0,1.0
-105.25,0.225,-3.25,0.025,301.151,0.0909,0,10,5,289000.0,1.0
-109.4167,0.0556,-5.75,0.5,-507.5108,0.0,0,8,5,83000.0,1.0
-110.9,0.29,9.675,0.1006,243.8988,0.0,0,10,5,289000.0,0.0
-101.7,0.41,11.925,0.0381,-493.2502,0.0,0,8,5,83000.0,0.0
-108.3489,2.258,-6.5959,2.0994,261.1731,0.01,0,12,8,1450000.0,1.0
-108.8125,0.0742,-4.0625,0.2305,-524.288,0.0,0,8,5,83000.0,1.0
-110.05,0.5725,-3.25,0.2625,299.8928,0.0909,0,10,5,289000.0,1.0
-101.2,0.16,11.95,0.0475,-359.8713,0.0,0,8,5,83000.0,0.0
-113.0625,0.418,-0.8125,0.5117,-545.2595,0.0,0,8,5,83000.0,1.0
-112.7,0.21,9.7,0.0225,256.9011,0.0909,0,10,5,289000.0,0.0
-100.825,0.8256,-3.725,0.0806,-120.7435,0.0,0,12,8,1450000.0,1.0
-111.1,0.49,10.075,0.0756,258.3691,0.0,0,10,5,289000.0,0.0
-103.3426,0.7726,11.588,0.6848,394.21,0.1535,1,12,8,1450000.0,0.0
-113.2,0.56,9.25,0.175,42.1528,0.0,0,10,5,289000.0,0.0
-110.8673,1.0902,7.1488,0.5407,339.4058,0.1183,1,12,8,1450000.0,0.0
-133.9218,1.6229,-10.6312,1.3336,14.5366,0.0,0,12,8,1450000.0,2.0
-114.5,0.45,8.275,0.1556,-490.7336,0.0,0,8,5,83000.0,0.0
-112.0,0.4,10.375,0.0281,191.8894,0.0,0,10,5,289000.0,0.0
-109.675,0.1506,-3.975,0.1556,280.3892,0.0909,0,10,5,289000.0,1.0
-111.8372,0.261,6.6026,0.2074,318.9193,0.1062,0,12,8,1450000.0,0.0
-111.0,0.4,10.1,0.365,246.6251,0.0,0,10,5,289000.0,0.0
-105.8,0.36,0.75,0.1,297.5859,0.0909,0,10,5,289000.0,1.0
-105.2,0.1475,-5.1,0.0775,322.7517,0.0909,0,10,5,289000.0,1.0
-127.4139,2.159,-5.2503,1.8249,159.7755,0.0,0,8,5,83000.0,2.0
-112.3,0.21,10.125,0.0281,-55.7842,0.0,0,10,5,289000.0,0.0
-131.1383,0.1179,-7.4333,0.0993,149.074,0.0,0,12,8,1450000.0,2.0
-108.9657,0.6505,7.4954,0.4479,459.2164,0.0747,1,12,8,1450000.0,0.0
-124.1801,4.22,-1.031,4.7904,-429.1614,0.1816,0,10,5,289000.0,2.0
-129.508,0.5449,-4.7723,0.4725,-480.09,0.0,0,10,5,289000.0,2.0
-129.8398,1.0383,-7.1089,0.7769,-12.219,0.0,0,12,8,1450000.0,2.0
-103.3,0.61,0.475,0.2056,293.1819,0.0909,0,10,5,289000.0,1.0
-131.9197,4.4967,-8.5023,4.1995,503.6113,0.0,0,12,8,1450000.0,2.0
-131.3903,2.3034,-8.1458,1.903,456.7938,0.0,0,12,8,1450000.0,2.0
-115.3,1.61,7.65,1.1025,-504.1553,0.0,0,8,5,83000.0,0.0
-112.7,1.01,9.475,0.4306,150.5755,0.0,0,10,5,289000.0,0.0
-108.723,0.3288,5.8831,0.484,168.3099,0.0448,0,12,8,1450000.0,0.0
-101.2,0.36,11.575,0.1006,-461.3735,0.0,0,8,5,83000.0,0.0
-130.4623,0.1674,-6.9448,0.069,233.3047,0.0295,0,8,5,83000.0,2.0
-106.0,0.2,0.825,0.1006,299.2636,0.0909,0,10,5,289000.0,1.0
-100.3481,0.9908,-0.0344,2.9642,146.0621,0.0,0,12,8,1450000.0,1.0
-126.1121,1.5044,-4.4072,0.6383,-546.0022,0.0944,0,8,5,83000.0,2.0
-123.4045,2.1528,-1.8864,1.5811,234.2581,0.0,0,8,5,83000.0,2.0
-99.7,0.66,-1.6,0.04,67.5807,0.0,0,12,8,1450000.0,1.0
-108.275,1.1556,-1.575,0.2006,299.683,0.0909,0,10,5,289000.0,1.0
-116.6,0.24,6.45,0.06,-478.9894,0.0,0,8,5,83000.0,0.0
-103.0,0.5,0.625,0.0156,326.6314,0.0,0,10,5,289000.0,1.0
-134.7155,18.9059,-11.4695,12.5165,543.9146,0.3,0,12,8,1450000.0,2.0
-107.0465,0.4871,12.7949,0.4689,251.4616,0.1459,0,12,8,1450000.0,0.0
-103.7,0.735,-0.7,0.085,281.2281,0.0909,0,10,5,289000.0,1.0
-108.9167,4.0556,-4.9167,1.7222,-541.0652,0.0,0,8,5,83000.0,1.0
-125.9997,0.1686,-4.3615,0.107,-113.0922,0.0,0,8,5,83000.0,2.0
-118.1,0.49,4.55,0.1975,-621.5958,0.0,0,8,5,83000.0,0.0
-106.025,0.2556,2.175,2.5631,299.2636,0.0909,0,10,5,289000.0,1.0
-118.7155,0.6917,7.1943,0.0548,2708.4477,0.6415,541,8,5,0.0,1.0
-117.0,1.0,6.1,1.2025,-515.8994,0.0,0,8,5,83000.0,0.0
-113.2,0.56,9.25,0.025,142.6063,0.0,0,10,5,289000.0,0.0
-108.4097,0.0,2.3587,0.0,4210.4838,1.0,30,12,8,0.0,1.0
-104.7684,0.4453,13.1492,0.2124,359.2552,0.0,0,12,8,1450000.0,0.0
-107.4723,0.0,1.2146,0.0,3871.8324,1.0,22,12,8,0.0,1.0
-121.9815,0.6328,-0.4158,0.7984,35.3846,0.1779,0,10,5,289000.0,2.0
-105.7,0.61,1.875,0.0531,294.4402,0.0909,0,10,5,289000.0,1.0
-123.8874,0.327,-16.497,2.2271,2298.5677,0.6131,5,8,5,83000.0,1.0
-125.6979,0.5392,-2.4248,0.3241,230.8103,0.0,0,8,5,83000.0,2.0
-114.4167,0.3472,-2.0833,0.0139,-543.8614,0.0,0,8,5,83000.0,1.0
-133.0223,0.9672,-9.431,0.7067,185.2315,0.0,0,12,8,1450000.0,2.0
-101.5,0.9625,-2.0,0.0625,119.2755,0.0,0,12,8,1450000.0,1.0
-105.8172,0.3685,12.5347,0.2189,436.8539,0.0,0,12,8,1450000.0,0.0
-109.5085,0.0,2.7442,0.0,4289.2229,1.0,16,12,8,0.0,1.0
-118.5,0.65,3.9,0.3525,-135.8954,0.0,0,8,5,83000.0,0.0
-121.0794,0.2861,-2.486,0.237,23.5848,0.0,0,10,5,289000.0,2.0
-130.1005,0.4862,-6.7053,0.3687,259.4131,0.0,0,8,5,83000.0,2.0
-112.8,0.36,9.4,0.015,257.3206,0.0,0,10,5,289000.0,0.0
-999.0,0.0,-999.0,0.0,0.0,1.0,0,10,5,0.0,1.0
-121.25,0.3653,0.7723,0.1907,-87.4503,0.0,0,10,5,289000.0,2.0
-128.4222,1.4151,-4.7771,1.7542,-126.4488,0.0228,0,8,5,83000.0,2.0
-108.8931,2.4469,-7.6357,0.2686,144.2809,0.0454,1,12,8,1450000.0,1.0
-125.9611,0.9251,-2.4077,0.8346,-595.904,0.0,0,10,5,289000.0,2.0
-106.75,0.0,3.4375,0.0,2842.6895,1.0,206,10,5,0.0,1.0
-114.5833,0.0139,-1.5833,0.0139,-541.0652,0.0,0,8,5,83000.0,1.0
-112.5,0.25,9.675,0.0256,256.272,0.0909,0,10,5,289000.0,0.0
-113.5029,0.951,8.3592,0.0387,-629.6482,0.7151,114,8,5,83000.0,1.0
-122.4604,0.3737,1.7896,0.2265,-419.3827,0.0703,0,10,5,289000.0,2.0
-105.3,0.185,-0.025,0.0556,294.4402,0.0909,0,10,5,289000.0,1.0
-116.3,0.61,6.575,0.5131,-523.4492,0.0,0,8,5,83000.0,0.0
-128.3314,15.9502,-6.0418,7.9614,-543.8186,0.1593,0,8,5,83000.0,2.0
-112.5,0.25,9.75,0.0875,252.9165,0.0,0,10,5,289000.0,0.0
-117.8892,0.5325,2.6552,0.372,-445.6089,0.05005,0,8,5,83000.0,2.0
-108.8,0.585,-2.7,0.235,299.2636,0.2308,0,10,5,289000.0,1.0
-131.8209,3.9991,-7.2067,2.747,-586.7104,0.2637,0,10,5,289000.0,2.0
-131.5932,0.3709,-8.7356,0.3579,210.2872,0.0,0,12,8,1450000.0,2.0
-101.5,0.25,11.875,0.0156,-497.4444,0.0,0,8,5,83000.0,0.0
-125.8496,0.9246,-3.6023,0.6303,-569.4063,0.0,0,8,5,83000.0,2.0
-112.7,0.21,9.775,0.0181,250.3999,0.0,0,10,5,289000.0,0.0
-109.2698,0.2106,-10.814,0.1872,-123.118,0.0,0,8,5,83000.0,2.0
-113.4375,0.6367,-1.4375,0.0117,-532.6766,0.0,0,8,5,83000.0,1.0
-126.8006,8.9602,-3.9133,7.1853,-467.3349,0.1141,0,10,5,289000.0,2.0
-112.8333,2.7639,-8.1667,0.2639,-507.5108,0.0,0,8,5,83000.0,1.0
-125.9072,0.0709,-2.5311,0.0755,-487.1384,0.0,0,10,5,289000.0,2.0
-129.1196,1.0916,-4.4184,1.4622,-627.4453,0.0591,0,10,5,289000.0,2.0
-104.95,0.285,-4.65,0.065,312.0562,0.0909,0,10,5,289000.0,1.0
-111.4,0.24,9.25,0.1,-80.5306,0.0909,0,8,5,83000.0,0.0
-103.3269,0.4846,11.0629,0.0974,243.8993,0.1,0,12,8,1450000.0,0.0
-105.45,0.2725,-5.05,0.1725,286.471,0.0909,0,10,5,289000.0,1.0
-112.6,0.44,9.725,0.0181,-85.9832,0.0,0,10,5,289000.0,0.0
-101.5,0.85,11.1,0.9025,-481.506,0.0,0,8,5,83000.0,0.0
-134.0949,2.2728,-9.79,1.7552,167.8131,0.0,0,12,8,1450000.0,2.0
-115.675,1.2006,-5.775,1.3056,-530.9989,0.0,0,8,5,83000.0,1.0
-105.3,0.41,0.2,0.0225,327.9946,0.2308,0,10,5,289000.0,1.0
-101.45,0.51,-8.35,0.04,109.8383,0.0,0,12,8,1450000.0,1.0
-103.9575,2.171,-5.1076,0.3124,73.0471,0.0,0,12,8,1450000.0,1.0
-114.8,0.36,7.875,0.0281,-180.3551,0.0,0,8,5,83000.0,0.0
-108.15,0.44,-2.15,0.44,292.7624,0.0909,0,10,5,289000.0,1.0
-131.4493,0.821,-9.1034,0.7062,135.053,0.0,0,12,8,1450000.0,2.0
-99.8474,2.0257,-0.5469,1.5719,294.7845,0.0,0,12,8,1450000.0,1.0
-110.0,0.4,10.625,0.0406,-72.9809,0.0909,0,8,5,83000.0,0.0
-107.0625,0.0,-0.5625,0.0,2805.4653,1.0,14,10,5,0.0,1.0
-110.6,7.84,9.875,0.8531,-192.938,0.0,0,8,5,83000.0,0.0
-999.0,0.0,-999.0,0.0,0.0,1.0,0,10,5,0.0,1.0
-119.6833,0.0461,-2.0101,0.0439,-87.6805,0.0,0,10,5,289000.0,2.0
-104.957,0.6105,11.1632,0.2356,154.484,0.0,0,12,8,1450000.0,0.0
-116.5222,2.7534,-9.1158,3.3002,151.117,0.1706,1,12,8,1450000.0,1.0
-99.6667,1.9722,-1.0,0.1944,117.7027,0.0,0,12,8,1450000.0,1.0
-122.4954,0.1221,-4.027,0.0688,-614.4442,0.0,0,10,5,289000.0,2.0
-106.75,0.0,3.8125,0.0,2839.0193,1.0,238,10,5,0.0,1.0
-115.6,0.3525,-6.7,0.0725,-527.6434,0.0,0,8,5,83000.0,1.0
-111.5,0.85,9.325,1.3506,220.6204,0.0,0,10,5,289000.0,0.0
-107.4,5.04,10.9,0.5025,-192.938,0.0,0,8,5,83000.0,0.0
-119.9714,1.793,-7.9998,2.082,-4.8426,0.1378,0,12,8,1450000.0,1.0
-128.0784,0.263,-4.1149,0.2157,-613.8468,0.0,0,10,5,289000.0,2.0
-106.1988,0.1466,11.0884,0.0304,368.2648,0.0,0,12,8,1450000.0,0.0
-106.113,0.5249,12.7853,0.3088,424.8821,0.0,0,12,8,1450000.0,0.0
-112.9,0.29,9.325,0.0131,257.9497,0.0909,0,10,5,289000.0,0.0
-999.0,0.0,-999.0,0.0,0.0,1.0,0,8,5,0.0,2.0
-133.6484,3.8937,-10.6863,3.2978,477.758,0.0,0,12,8,1450000.0,2.0
-113.375,0.0781,-0.6875,0.8867,-549.4538,0.0,0,8,5,83000.0,1.0
-113.6,0.64,8.925,0.0506,60.398,0.0,0,10,5,289000.0,0.0
-111.7,0.21,10.475,0.0431,254.804,0.0,0,10,5,289000.0,0.0
-102.5,0.25,11.725,0.0181,-494.089,0.0,0,8,5,83000.0,0.0
-131.3545,6.8104,-7.6438,5.5436,-42.8605,0.0,0,12,8,1450000.0,2.0
-130.1503,7.5089,-7.4016,6.0314,-28.8201,0.0,0,12,8,1450000.0,2.0
-100.3637,5.5752,-14.8327,2.0821,296.0345,0.0,0,12,8,1450000.0,1.0
-111.2,0.36,10.125,0.1031,258.5789,0.0909,0,10,5,289000.0,0.0
-133.2605,3.9155,-9.7461,2.7552,410.387,0.0,0,12,8,1450000.0,2.0
-100.4,0.3025,-0.975,1.6181,57.829,0.0,0,12,8,1450000.0,1.0
-111.8,0.56,10.1,0.2025,255.2234,0.0909,0,10,5,289000.0,0.0
-106.075,0.1131,-6.475,0.3431,293.811,0.0909,0,10,5,289000.0,1.0
-113.0,0.4,9.475,0.0181,248.9319,0.0,0,10,5,289000.0,0.0
-102.25,0.6375,-4.25,0.0375,120.5338,0.0,0,12,8,1450000.0,1.0
-126.9965,17.9903,-5.7078,7.2292,-468.6104,0.1303,0,8,5,83000.0,2.0
-105.1458,0.1237,11.5558,0.1403,309.0765,0.0,0,12,8,1450000.0,0.0
-107.7465,1.3284,-8.5583,1.8951,280.0496,0.0424,0,12,8,1450000.0,1.0
-113.6,0.24,9.325,0.0256,252.9165,0.0,0,10,5,289000.0,0.0
-131.1036,0.2204,-9.31,0.1889,-79.161,0.0,0,12,8,1450000.0,2.0
-130.0,0.1179,-5.9424,0.1116,-603.3915,0.0,0,10,5,289000.0,2.0
-115.0,0.6,7.675,0.6131,-478.1507,0.0,0,8,5,83000.0,0.0
-103.575,0.6006,-0.975,0.0306,346.6592,0.0909,0,10,5,289000.0,1.0
-109.2,0.36,9.35,0.0525,230.477,0.0,0,10,5,289000.0,0.0
-120.2679,0.3081,-1.4973,0.0955,235.5655,0.0,0,8,5,83000.0,2.0
-105.425,0.7506,-3.725,0.2056,299.2636,0.0909,0,10,5,289000.0,1.0
-133.2854,0.9285,-10.7568,0.8133,358.3556,0.0,0,12,8,1450000.0,2.0
-102.4,0.24,11.725,0.0806,-498.2833,0.0,0,8,5,83000.0,0.0
-110.8,0.56,9.75,0.325,128.9749,0.0,0,10,5,289000.0,0.0
-103.1,5.69,11.625,0.0531,-473.9564,0.0,0,8,5,83000.0,0.0
-113.3,0.21,9.25,0.0375,4.6137,0.0,0,10,5,289000.0,0.0
-102.6997,4.8926,-1.1082,0.4961,225.4983,0.0,0,12,8,1450000.0,1.0
-125.5716,12.8871,-3.5482,12.2804,-467.9825,0.3705,0,10,5,289000.0,2.0
-129.1037,0.0555,-5.8006,0.0769,252.6862,0.0,0,8,5,83000.0,2.0
-100.2,0.685,-9.3,6.985,112.3025,0.0,0,12,8,1450000.0,1.0
-113.1,0.09,9.325,0.0131,254.804,0.0,0,10,5,289000.0,0.0
-132.1251,1.6889,-9.1136,1.5071,-32.423,0.0,0,12,8,1450000.0,2.0
-127.1839,1.6563,-4.0678,1.1448,441.9087,0.0,0,8,5,83000.0,2.0
-112.5645,0.4145,-0.9472,0.4674,-474.9706,0.0,0,10,5,289000.0,2.0
-114.2,0.36,8.625,0.0156,-165.2556,0.0,0,8,5,83000.0,0.0
-129.4543,13.5033,-6.0429,11.014,-531.3887,0.2692,0,8,5,83000.0,2.0
-105.6589,0.3424,10.8412,0.1036,272.4154,0.0,0,12,8,1450000.0,0.0
-114.4,0.24,8.3,0.01,-492.4113,0.0,0,8,5,83000.0,0.0
-117.7,0.61,4.975,0.0681,-137.5732,0.0,0,8,5,83000.0,0.0
-102.6,0.44,11.75,0.0375,-491.5724,0.0,0,8,5,83000.0,0.0
-121.8742,0.1203,-0.0314,0.1243,-580.3388,0.0,0,10,5,289000.0,2.0
-109.25,0.575,-1.95,1.435,297.7956,0.0909,0,10,5,289000.0,1.0
-117.1667,0.3472,-5.8333,0.0139,-541.0652,0.0,0,8,5,83000.0,1.0
-119.6697,5.0636,-1.948,2.6957,169.2376,0.0567,0,8,5,83000.0,2.0
-131.501,0.8257,-8.4741,0.6133,132.5092,0.0,0,12,8,1450000.0,2.0
-100.125,0.3406,-1.625,0.0156,68.3147,0.0,0,12,8,1450000.0,1.0
-131.2304,3.9669,-9.5329,2.8167,664.6355,0.1667,0,12,8,1450000.0,2.0
-132.1643,2.799,-8.955,2.3129,10.0255,0.0,0,12,8,1450000.0,2.0
-110.15,0.44,-4.25,0.1,279.5504,0.0909,0,10,5,289000.0,1.0
-105.175,0.2881,-0.05,0.0225,295.4887,0.0909,0,10,5,289000.0,1.0
-103.5,0.0,-0.5,0.0,315.6214,0.9333,1,10,5,289000.0,1.0
-104.4059,4.7215,-4.3258,2.1015,138.1965,0.1,0,12,8,1450000.0,1.0
-131.3183,0.3222,-9.1501,0.2237,174.6493,0.0,0,12,8,1450000.0,2.0
-103.9548,0.3172,12.9069,0.3148,395.5263,0.0909,0,12,8,1450000.0,0.0
-109.7,0.41,8.725,0.0306,257.9497,0.0,0,10,5,289000.0,0.0
-112.0,0.2,10.025,0.0056,263.1926,0.0909,0,10,5,289000.0,0.0
-105.8273,0.2704,12.4985,0.1308,183.5634,0.1,0,12,8,1450000.0,0.0
-102.6,0.84,11.675,0.0756,-490.7336,0.0,0,8,5,83000.0,0.0
-111.4,0.44,9.9,0.5025,246.6251,0.0,0,10,5,289000.0,0.0
-105.5454,0.3769,13.0167,0.2409,348.9052,0.0,0,12,8,1450000.0,0.0
-131.7896,5.0587,-8.3482,4.344,578.2172,0.0,0,12,8,1450000.0,2.0
-113.5,0.45,9.325,0.0131,258.7886,0.0909,0,10,5,289000.0,0.0
-111.8,0.36,9.85,0.3275,131.072,0.0,0,10,5,289000.0,0.0
-122.134,0.6336,-3.963,0.5489,-398.9552,0.0,0,10,5,289000.0,2.0
-109.4,1.04,9.125,0.2781,242.8502,0.0,0,10,5,289000.0,0.0
-131.3362,2.5444,-7.5886,1.8669,590.2344,0.0,0,12,8,1450000.0,2.0
-125.6799,4.2081,-3.4396,5.8352,-543.5421,0.0,0,8,5,83000.0,2.0
-132.3086,0.6714,-9.011,0.5067,-54.1147,0.0,0,12,8,1450000.0,2.0
-102.6218,0.0,6.8476,0.0,2755.9148,1.0,1462,12,8,0.0,1.0
-101.225,1.1681,-2.025,0.1181,96.4166,0.0,0,12,8,1450000.0,1.0
-117.8,0.16,4.975,0.0681,-624.9512,0.0,0,8,5,83000.0,0.0
-125.6363,0.1267,-2.8024,0.1716,153.887,0.0,0,8,5,83000.0,2.0
-110.4167,0.5972,-6.4167,0.5972,-538.269,0.0,0,8,5,83000.0,1.0
-112.4,0.24,9.9,0.0275,256.272,0.0909,0,10,5,289000.0,0.0
-999.0,0.0,-999.0,0.0,0.0,1.0,0,8,5,0.0,1.0
-108.5774,0.0,1.6719,0.0,2905.6147,1.0,30,12,8,0.0,1.0
-114.5,0.25,8.4,0.0275,-494.9278,0.0,0,8,5,83000.0,0.0
-104.4,0.89,-2.65,6.4025,323.3808,0.0909,0,10,5,289000.0,1.0
-135.5014,3.1532,-12.8174,2.5317,250.9107,0.0,0,12,8,1450000.0,2.0
-105.1987,0.3144,10.3494,0.248,319.5655,0.0,1,12,8,1450000.0,0.0
-106.0,0.0,3.8,0.0,2857.7891,1.0,99,10,5,0.0,1.0
-116.8,0.16,6.1,0.0525,-148.4784,0.0,0,8,5,83000.0,0.0
-106.0837,0.2413,13.1302,0.2034,237.6845,0.0,0,12,8,1450000.0,0.0
-116.6,3.04,6.15,2.74,-523.4492,0.0,0,8,5,83000.0,0.0
-115.9,0.6275,-8.8,1.1975,-536.871,0.0,0,8,5,83000.0,1.0
-122.5509,0.5146,-2.8103,0.3724,-464.0513,0.0,0,10,5,289000.0,2.0
-104.9761,0.2265,13.4141,0.1879,463.2227,0.0,0,12,8,1450000.0,0.0
-111.3029,1.8882,9.2157,0.9813,2685.1796,0.4391,1380,8,5,0.0,1.0
-114.8,0.16,8.2,0.135,-494.9278,0.0,0,8,5,83000.0,0.0
-111.8,0.16,10.5,0.025,69.4157,0.0,0,10,5,289000.0,0.0
-115.175,1.3131,-2.375,0.1031,-523.4492,0.0,0,8,5,83000.0,1.0
-104.619,0.0,8.5945,0.0,2714.9914,1.0,980,12,8,0.0,1.0
-130.4779,5.6303,-7.7039,4.8456,374.1444,0.0,0,12,8,1450000.0,2.0
-113.8333,0.0139,-2.8333,0.0139,-541.0652,0.0,0,8,5,83000.0,1.0
-109.5,0.0,-4.5,0.0,-493.5298,0.0,0,8,5,83000.0,1.0
-124.6549,4.8446,-2.1334,6.1615,-461.3989,0.1076,0,10,5,289000.0,2.0
-109.325,0.2756,-3.625,0.1406,283.3252,0.0909,0,10,5,289000.0,1.0
-115.9,0.29,6.625,0.0156,-523.4492,0.0,0,8,5,83000.0,0.0
-124.4482,0.2198,-1.072,0.1037,-445.3749,0.0,0,8,5,83000.0,2.0
-112.475,1.1056,-3.075,0.3256,-538.5486,0.0,0,8,5,83000.0,1.0
-100.325,0.6506,0.6,0.3275,101.7119,0.0,0,12,8,1450000.0,1.0
-117.6495,1.8393,5.7339,0.1323,2525.4419,0.1426,981,8,5,0.0,1.0
-102.875,0.9281,-1.475,0.3681,303.4579,0.0909,0,10,5,289000.0,1.0
-122.0798,0.1621,-3.548,0.1498,-604.6735,0.0,0,10,5,289000.0,2.0
-111.3,0.21,8.75,0.075,-88.9192,0.0909,0,8,5,83000.0,0.0
-127.1185,0.6815,-4.6123,0.9123,-463.4272,0.0,0,8,5,83000.0,2.0
-117.9328,1.0628,7.8481,0.2384,418.8262,0.1196,0,12,8,1450000.0,0.0
-999.0,0.0,-999.0,0.0,0.0,1.0,0,8,5,0.0,1.0
-101.6,0.24,11.825,0.0631,-499.1221,0.0,0,8,5,83000.0,0.0
-130.9789,4.8444,-7.8556,3.7412,27.7675,0.0,0,12,8,1450000.0,2.0
-122.6888,1.6171,-3.6352,1.1025,-85.1501,0.0,0,10,5,289000.0,2.0
-109.975,0.3181,-2.275,0.0431,298.4247,0.0909,0,10,5,289000.0,1.0
-102.075,2.2006,-0.65,0.94,62.0233,0.0,0,12,8,1450000.0,1.0
-113.8,0.16,8.75,0.025,-498.2833,0.0,0,8,5,83000.0,0.0
-112.4671,1.0251,-7.3198,0.4796,-439.2905,0.0852,0,8,5,83000.0,2.0
-123.73,0.3584,-0.6503,0.1968,-97.3827,0.0,0,10,5,289000.0,2.0
-109.539,9.4162,-10.5186,5.6222,157.271,0.092,0,8,5,83000.0,2.0
-111.9,0.49,10.425,0.0131,44.0402,0.0,0,10,5,289000.0,0.0
-112.8,0.36,8.7,2.4975,-212.2318,0.0,0,8,5,83000.0,0.0
-117.5,0.25,5.2,0.0225,-498.2833,0.0,0,8,5,83000.0,0.0
-115.6667,0.0556,-4.6667,0.0556,-538.269,0.0,0,8,5,83000.0,1.0
-117.4,0.44,5.75,0.0125,-119.9571,0.0,0,8,5,83000.0,0.0
-104.3489,0.2601,10.5615,0.2565,432.1474,0.0,0,12,8,1450000.0,0.0
-116.525,0.8681,-7.35,13.8775,-521.7714,0.0,0,8,5,83000.0,1.0
-103.1,0.09,11.65,0.0275,-499.1221,0.0,0,8,5,83000.0,0.0
-102.0,0.0,0.5,0.0,317.7185,0.9615,1,10,5,289000.0,1.0
-131.815,7.6433,-9.3995,5.3284,361.299,0.0,0,12,8,1450000.0,2.0
-110.8231,1.9873,-11.6456,0.4386,299.4441,0.1052,0,12,8,1450000.0,1.0
-121.7694,0.6891,-2.2139,0.5921,-88.4746,0.0,0,10,5,289000.0,2.0
-116.8125,0.1814,8.5075,0.6687,2799.3818,0.9467,155,8,5,0.0,1.0
-999.0,0.0,-999.0,0.0,0.0,1.0,0,10,5,0.0,1.0
-114.1,0.29,8.575,0.0381,-498.2833,0.0,0,8,5,83000.0,0.0
-119.7229,0.7582,-3.6461,1.5837,2.5294,0.0548,0,12,8,1450000.0,1.0
-100.7317,0.3058,4.4268,1.1395,4.9172,0.0,0,12,8,1450000.0,1.0
-104.0,0.0,0.25,0.0,321.9128,0.9167,2,10,5,289000.0,1.0
-102.6489,0.0,8.8197,0.0,2634.2084,1.0,1239,12,8,0.0,1.0
-102.1,0.49,11.75,0.025,-472.2787,0.0,0,8,5,83000.0,0.0
-115.825,0.5381,-6.625,0.1281,-520.0937,0.0,0,8,5,83000.0,1.0
-130.021,0.4961,-7.3221,0.2096,-545.2173,0.0,0,8,5,83000.0,2.0
-132.0196,8.372,-9.6808,7.4316,452.1132,0.0,0,12,8,1450000.0,2.0
-117.6,4.44,4.95,5.585,-517.5771,0.0,0,8,5,83000.0,0.0
-109.425,0.3381,-1.825,0.0881,295.4887,0.0909,0,10,5,289000.0,1.0
-116.625,0.0,7.4141,0.0,2567.7007,1.0,2450,8,5,0.0,1.0
-132.5417,1.6548,-9.0373,1.4166,-26.599,0.0,0,12,8,1450000.0,2.0
-107.4,0.4525,-1.6,0.2525,290.4556,0.0909,0,10,5,289000.0,1.0
-103.5708,0.4579,13.4376,0.245,338.7602,0.1,0,12,8,1450000.0,0.0
-104.05,0.435,-0.65,0.015,337.0123,0.0909,0,10,5,289000.0,1.0
-126.7152,2.5808,-2.1651,0.9501,-494.5296,0.3247,104,8,5,0.0,1.0
-113.4,0.44,9.25,0.0125,257.1108,0.0909,0,10,5,289000.0,0.0
-115.1,0.29,7.975,0.0181,-184.5494,0.0,0,8,5,83000.0,0.0
-130.4661,2.4864,-6.5271,1.8321,276.0017,0.0,0,12,8,1450000.0,2.0
-111.2,0.16,9.625,0.0781,-107.3742,0.0,0,8,5,83000.0,0.0
-127.1944,0.229,-4.5805,0.1547,-441.2282,0.0,0,8,5,83000.0,2.0
-113.3173,1.8978,-6.9528,0.9174,-460.2311,0.0,0,8,5,83000.0,2.0
-101.5453,0.7116,-5.5409,0.4074,-44.0175,0.0,0,12,8,1450000.0,1.0
-113.5,0.45,8.875,0.0906,-524.288,0.0,0,8,5,83000.0,0.0
-133.2637,0.5185,-10.3143,0.5577,-32.6654,0.0,0,12,8,1450000.0,2.0
-112.8,0.56,9.6,0.0275,251.6582,0.0,0,10,5,289000.0,0.0
-116.5,2.25,5.975,2.6181,-477.3118,0.0,0,8,5,83000.0,0.0
-121.8768,0.4153,0.8463,0.2625,-76.2683,0.0,0,10,5,289000.0,2.0
-108.8,0.285,-1.375,1.6906,272.0006,0.0909,0,10,5,289000.0,1.0
-134.8142,0.2222,-12.5783,0.2065,-41.6153,0.0,0,12,8,1450000.0,2.0
-112.7,0.41,9.65,0.04,254.804,0.0909,0,10,5,289000.0,0.0
-101.075,1.5256,1.875,28.7906,116.0774,0.0,0,12,8,1450000.0,1.0
-131.0609,0.0692,-7.26,0.0576,147.9873,0.0,0,12,8,1450000.0,2.0
-111.1187,0.724,6.6863,0.2164,2715.0811,0.6656,920,8,5,0.0,1.0
-102.5289,0.0,3.1952,0.0,2754.162,1.0,566,12,8,0.0,1.0
-999.0,0.0,-999.0,0.0,0.0,1.0,0,8,5,0.0,1.0
-106.25,0.0,3.3125,0.0,2851.0781,1.0,157,10,5,0.0,1.0
-100.2,0.31,-5.1,0.19,56.728,0.0,0,12,8,1450000.0,1.0
-120.7059,0.0289,-1.4235,0.019,-597.6569,0.0,0,10,5,289000.0,2.0
-121.5447,0.1921,-0.2878,0.1315,-459.4219,0.0,0,10,5,289000.0,2.0
-127.4598,1.789,-4.3854,1.7236,-549.8874,0.024,0,8,5,83000.0,2.0
-130.7825,14.3168,-6.8133,8.6498,156.1849,0.0119,0,8,5,83000.0,2.0
-112.7,0.21,9.375,0.0156,256.9011,0.0,0,10,5,289000.0,0.0
-109.7,3.81,9.175,1.3006,252.7068,0.0,0,10,5,289000.0,0.0
-114.3,0.21,8.35,0.015,-493.2502,0.0,0,8,5,83000.0,0.0
-113.0,0.2,9.4,0.015,257.1108,0.0,0,10,5,289000.0,0.0
-111.7816,1.9779,-8.7559,2.8055,-543.0278,0.0,0,8,5,83000.0,2.0
-129.7957,6.5699,-6.9556,5.2489,470.5986,0.1268,0,8,5,83000.0,2.0
-135.1377,3.4861,-12.5611,2.76,266.4764,0.0,0,12,8,1450000.0,2.0
-99.3,0.41,3.075,0.0506,-472.2786,0.0,0,8,5,83000.0,0.0
-110.375,0.4531,-5.625,0.0781,-522.1909,0.0,0,8,5,83000.0,1.0
-123.7323,0.4653,-0.2046,0.3874,-606.0906,0.0,0,10,5,289000.0,2.0
-103.3779,0.1927,11.3311,0.1314,383.6649,0.0,0,12,8,1450000.0,0.0
-115.825,0.4506,-5.725,0.0556,-541.9041,0.0,0,8,5,83000.0,1.0
-103.5904,0.0,4.11,0.0,4169.8371,1.0,20,12,8,0.0,1.0
-130.5894,4.683,-7.8592,3.7848,734.3458,0.0,0,12,8,1450000.0,2.0
-133.082,2.9317,-9.386,2.8877,370.3007,0.1,0,12,8,1450000.0,2.0
-117.2535,0.3822,8.6647,0.1542,268.6352,0.0829,0,12,8,1450000.0,0.0
-112.5,0.25,9.45,0.01,247.0445,0.0,0,10,5,289000.0,0.0
-109.6155,0.9496,8.4083,0.0536,255.0197,0.0935,0,12,8,1450000.0,0.0
-130.6314,40.4144,-7.9965,32.0016,125.1196,0.0,0,12,8,1450000.0,2.0
-101.325,2.0131,-2.025,0.0681,118.8561,0.0,0,12,8,1450000.0,1.0
-131.223,0.4315,-8.0645,0.3153,36.2301,0.0,0,12,8,1450000.0,2.0
-113.0,0.2,9.5,0.025,250.6096,0.0,0,10,5,289000.0,0.0
-114.5616,7.6233,-6.7888,4.9203,-134.3551,0.0802,0,8,5,83000.0,2.0
-117.3,0.21,5.425,0.0506,-489.8947,0.0,0,8,5,83000.0,0.0
-111.2581,0.0,9.8548,0.0,2230.6929,1.0,740,8,5,0.0,1.0
-114.1141,2.7662,-9.72,2.715,-8.296,0.1412,0,12,8,1450000.0,1.0
-110.1494,3.157,-0.5461,2.6115,141.0227,0.01,0,12,8,1450000.0,1.0
-103.5222,0.2281,11.7401,0.1533,200.2112,0.0,0,12,8,1450000.0,0.0
-100.4,0.7025,-4.7,1.8225,93.8475,0.0,0,12,8,1450000.0,1.0
-105.2524,0.0,3.6891,0.0,2639.0076,1.0,710,12,8,0.0,1.0
-108.225,0.0806,-0.1,0.0275,269.9035,0.0909,0,10,5,289000.0,1.0
-111.8,0.36,9.5,4.35,164.6264,0.0,0,10,5,289000.0,0.0
-105.3496,0.6143,10.4423,0.2606,262.5869,0.0,0,12,8,1450000.0,0.0
-119.2759,1.2803,-1.9397,1.1645,-603.1916,0.0,0,10,5,289000.0,2.0
-129.5338,2.5795,-6.6314,3.6788,-603.4277,0.1866,0,10,5,289000.0,2.0
-113.5,0.45,8.8,0.61,147.8492,0.0,0,10,5,289000.0,0.0
-105.3184,0.2194,12.442,0.0728,337.3685,0.0,0,12,8,1450000.0,0.0
-113.3,0.21,9.175,0.0381,55.7842,0.0,0,10,5,289000.0,0.0
-111.5,1.45,9.45,0.51,255.0137,0.0,0,10,5,289000.0,0.0
-106.0625,0.0,-0.3125,0.0,2805.9893,1.0,10,10,5,0.0,1.0
-127.841,0.5859,-10.2978,0.0256,-680.3603,0.6953,0,8,5,83000.0,1.0
-123.0875,0.5215,0.6833,0.2644,-461.4555,0.0,0,10,5,289000.0,2.0
-112.222,1.0829,8.9873,0.0929,321.9068,0.0716,0,12,8,1450000.0,0.0
-109.6,0.44,8.8,0.035,223.137,0.0,0,10,5,289000.0,0.0
-108.75,0.2917,-5.4167,0.3472,-527.0842,0.0,0,8,5,83000.0,1.0
-117.4493,1.0771,5.2916,0.5726,434.3033,0.0388,0,12,8,1450000.0,0.0
-105.5049,0.1366,11.5301,0.31,396.6284,0.0,0,12,8,1450000.0,0.0
-103.325,0.9006,-4.525,0.1306,120.429,0.0,0,12,8,1450000.0,1.0
-110.8,0.56,10.2,0.0725,253.3359,0.0,0,10,5,289000.0,0.0
-105.9726,0.2218,10.9956,0.2539,221.667,0.1,1,12,8,1450000.0,0.0
-102.0,0.2,11.65,0.04,-431.1744,0.0,0,8,5,83000.0,0.0
-113.3,1.81,8.775,0.3431,-252.4971,0.0,0,8,5,83000.0,0.0
-131.7678,0.8892,-8.3655,0.8437,265.2513,0.0,0,12,8,1450000.0,2.0
-108.975,0.3556,-4.175,0.0756,282.6961,0.0909,0,10,5,289000.0,1.0
-122.665,0.3054,0.5466,0.4282,-71.5479,0.0,0,10,5,289000.0,2.0
-100.8,0.16,10.225,0.3306,-447.1128,0.0,0,8,5,83000.0,0.0
-133.7157,2.243,-10.912,1.7327,-27.0742,0.0,0,12,8,1450000.0,2.0
-108.4232,1.3087,6.6142,2.3839,205.1331,0.499,10,12,8,1450000.0,1.0
-109.525,0.2931,-4.125,0.0531,280.8086,0.0909,0,10,5,289000.0,1.0
-111.9422,0.8302,5.3132,0.1625,298.137,0.0963,2,12,8,1450000.0,0.0
-105.7,0.21,0.55,0.0725,296.1179,0.0909,0,10,5,289000.0,1.0
-132.785,0.1379,-9.0884,0.1119,285.3617,0.0,0,12,8,1450000.0,2.0
-116.2,0.16,6.2,0.06,-153.5115,0.0,0,8,5,83000.0,0.0
-124.5021,0.0589,-3.3476,0.0428,-546.4407,0.0,0,8,5,83000.0,2.0
-103.7971,0.4381,10.8103,0.1768,268.2471,0.1,0,12,8,1450000.0,0.0
-102.25,0.0,-0.25,0.0,317.7185,0.8,3,10,5,289000.0,1.0
-106.9777,2.3463,-9.6364,0.4295,-7.4022,0.1229,1,12,8,1450000.0,1.0
-116.4,0.6775,-7.9,0.1275,-520.0937,0.0,0,8,5,83000.0,1.0
-104.9427,0.5431,10.3909,0.0318,320.599,0.0,0,12,8,1450000.0,0.0
-126.4199,4.3063,-4.4113,1.9739,-441.1094,0.052,0,8,5,83000.0,2.0
-110.8,0.16,9.15,0.015,256.6914,0.0,0,10,5,289000.0,0.0
-110.4,0.24,8.725,0.0556,149.9464,0.0,0,10,5,289000.0,0.0
-107.5,0.0,-0.5,0.0,2800.0476,1.0,13,10,5,0.0,1.0
-111.0,0.2,10.625,0.0156,252.4971,0.0,0,10,5,289000.0,0.0
-110.1613,0.0,9.9516,0.0,2436.3484,1.0,1531,8,5,0.0,1.0
-101.0,1.0375,-4.1,0.1275,103.3896,0.0,0,12,8,1450000.0,1.0
-116.4655,2.3111,-0.5273,1.6386,-465.5915,0.0,0,10,5,289000.0,2.0
-102.7,0.41,11.6,0.0775,-473.9564,0.0,0,8,5,83000.0,0.0
-121.4543,0.2722,0.6605,0.2217,-393.0803,0.0,0,10,5,289000.0,2.0
-108.7,0.41,9.65,0.015,233.8324,0.0,0,10,5,289000.0,0.0
-108.7065,0.4003,-10.8186,0.1026,449.9732,0.0,0,8,5,83000.0,2.0
-103.45,0.6725,-0.65,0.0525,338.4803,0.0909,0,10,5,289000.0,1.0
-999.0,0.0,-999.0,0.0,0.0,1.0,0,10,5,0.0,1.0
-105.2,0.16,0.15,0.015,328.6237,0.1667,0,10,5,289000.0,1.0
-117.4164,0.2145,8.1985,0.0469,461.7532,0.1142,2,12,8,1450000.0,0.0
-111.9167,1.0972,-6.25,0.5417,-515.8994,0.0,0,8,5,83000.0,1.0
-125.2679,17.0306,-2.5497,11.0121,-485.3092,0.2526,0,10,5,289000.0,2.0
-115.875,0.0781,-3.375,0.2031,-551.551,0.0,0,8,5,83000.0,1.0
-121.0593,0.7315,-0.8913,0.5842,24.0911,0.0,0,10,5,289000.0,2.0
-115.1,0.49,7.7,0.585,-480.6673,0.0,0,8,5,83000.0,0.0
-115.45,0.6975,-6.95,0.6975,-518.416,0.0,0,8,5,83000.0,1.0
-114.9215,0.8736,7.8488,0.3104,170.0479,0.1067,1,12,8,1450000.0,0.0
-110.6434,0.595,8.0376,0.0361,304.2655,0.0953,0,12,8,1450000.0,0.0
-106.0,0.3742,-13.4152,0.1775,-134.5597,0.06,0,8,5,83000.0,2.0
-123.6217,0.9598,-1.8573,0.5952,-122.7332,0.0,0,8,5,83000.0,2.0
-114.0,0.0,8.175,0.0756,208.6666,0.0,0,10,5,289000.0,0.0
-132.452,24.9418,-9.5339,19.9191,-18.8913,0.0,0,12,8,1450000.0,2.0
-115.6211,1.8331,-8.6155,0.3595,254.7018,0.1394,0,12,8,1450000.0,1.0
-111.2,0.16,9.775,0.0056,-74.6586,0.0909,0,8,5,83000.0,0.0
-105.2552,0.1283,11.0548,0.3198,427.2773,0.1818,0,12,8,1450000.0,0.0
-132.6489,4.3779,-9.8085,3.0539,344.7431,0.0,0,12,8,1450000.0,2.0
-124.5622,1.0449,-1.124,0.5802,-610.7253,0.0,0,10,5,289000.0,2.0
-130.5845,0.9119,-7.5697,0.7562,595.2829,0.0,0,12,8,1450000.0,2.0
-128.0772,1.8548,-4.1159,1.1952,-596.1103,0.0,0,10,5,289000.0,2.0
-116.2,0.16,6.65,0.015,-482.3449,0.0,0,8,5,83000.0,0.0
-106.3653,0.4919,10.9578,0.306,196.8067,0.0,0,12,8,1450000.0,0.0
-129.8848,3.5202,-4.9929,5.2052,-479.8734,0.0845,0,10,5,289000.0,2.0
-134.4015,0.1801,-10.0626,0.1392,64.3321,0.0,0,12,8,1450000.0,2.0
-126.8997,0.9134,-3.6664,0.4758,141.4756,0.0,0,8,5,83000.0,2.0
-105.0335,0.0,4.2298,0.0,5028.2269,1.0,29,12,8,0.0,1.0
-115.7857,0.3414,-5.9541,0.1242,-459.9037,0.0,0,8,5,83000.0,2.0
-103.3788,0.0,8.1842,0.0,2670.8666,1.0,670,12,8,0.0,1.0
-112.35,1.3275,-1.7,1.985,-542.7429,0.0,0,8,5,83000.0,1.0
-122.7984,5.6509,-0.6518,4.8471,449.4297,0.0755,0,8,5,83000.0,2.0
-100.15,0.6775,-4.95,0.0975,57.462,0.0,0,12,8,1450000.0,1.0
-116.977,0.4006,8.1347,0.1993,373.8288,0.0489,0,12,8,1450000.0,0.0
-112.7628,0.8337,6.3083,0.4443,163.2781,0.0639,2,12,8,1450000.0,0.0
-104.975,0.3681,-4.175,0.2881,317.2991,0.0909,0,10,5,289000.0,1.0
-117.7568,0.1783,6.1009,0.1221,261.4322,0.0128,1,12,8,1450000.0,0.0
-103.9731,0.3911,7.2117,0.8933,169.9658,0.1553,0,12,8,1450000.0,0.0
-112.4,0.24,9.55,0.035,-207.1986,0.0,0,8,5,83000.0,0.0
-110.0,0.3875,-4.0,0.1375,279.3406,0.0909,0,10,5,289000.0,1.0
-120.27,0.5038,-1.9402,0.3945,-438.0621,0.0,0,10,5,289000.0,2.0
-999.0,0.0,-999.0,0.0,0.0,1.0,0,10,5,0.0,1.0
-126.4837,3.4808,-4.0501,2.3483,-545.0649,0.0761,0,8,5,83000.0,2.0
-111.7,0.81,9.6,0.14,-192.0991,0.0,0,8,5,83000.0,0.0
-100.125,0.3406,-1.625,0.0156,68.3147,0.0,0,12,8,1450000.0,1.0
-132.1469,0.0632,-9.32,0.0491,200.9262,0.0,0,12,8,1450000.0,2.0
-99.55,0.3225,0.375,0.1031,90.9115,0.0,0,12,8,1450000.0,1.0
-115.7917,0.5791,-4.5453,0.5237,-44.5241,0.0105,0,12,8,1450000.0,1.0
-122.5919,0.2007,0.2566,0.2315,-615.8919,0.0,0,10,5,289000.0,2.0
-118.4,0.44,4.4,0.3025,-624.1124,0.0,0,8,5,83000.0,0.0
-101.9,0.49,-8.4,0.04,110.2578,0.0,0,12,8,1450000.0,1.0
-110.25,0.0417,-5.25,0.0417,-541.0652,0.0,0,8,5,83000.0,1.0
-111.2,0.76,9.5,0.25,123.9417,0.0,0,10,5,289000.0,0.0
-117.9,0.29,4.8,0.0225,-515.0605,0.0,0,8,5,83000.0,0.0
-131.6849,0.1739,-7.5103,0.1238,271.9554,0.0,0,12,8,1450000.0,2.0
-115.6,0.84,7.075,0.5506,-476.473,0.0,0,8,5,83000.0,0.0
-103.5656,1.682,4.5339,2.1208,-165.2682,0.382,6,12,8,1450000.0,1.0
-129.1971,1.4474,-7.1622,1.1911,132.818,0.0,0,12,8,1450000.0,2.0
-119.6,0.2615,-0.9142,0.2616,-95.6631,0.0,0,10,5,289000.0,2.0
-112.2107,0.8472,7.6102,0.3347,398.0673,0.132,1,12,8,1450000.0,0.0
-123.3413,0.0732,-0.1424,0.0504,-10.1004,0.0,0,10,5,289000.0,2.0
-112.9,0.69,9.45,0.0225,256.9011,0.0,0,10,5,289000.0,0.0
-105.8908,0.5192,10.9707,0.0683,163.2326,0.1,0,12,8,1450000.0,0.0
-108.3,0.3225,-2.7,0.1225,294.8596,0.0909,0,10,5,289000.0,1.0
-120.635,1.0428,1.1464,0.7324,463.9024,0.005,0,8,5,83000.0,2.0
-127.1382,0.0969,-4.158,0.073,258.9069,0.0,0,8,5,83000.0,2.0
-103.5737,0.31,10.753,0.1113,460.9251,0.0,0,12,8,1450000.0,0.0
-104.9237,0.5945,11.387,0.3281,251.5087,0.0,1,12,8,1450000.0,0.0
-132.2475,0.3149,-10.2392,0.2485,5.489,0.0,0,12,8,1450000.0,2.0
-122.6411,25.9786,-0.5839,25.0352,-593.8409,0.3184,0,10,5,289000.0,2.0
-116.3,0.21,6.575,0.0131,-151.8338,0.0,0,8,5,83000.0,0.0
-112.1558,0.1915,9.4896,0.351,230.7335,0.0766,2,12,8,1450000.0,0.0
-112.5,0.375,-8.1667,0.0972,-513.1032,0.0,0,8,5,83000.0,1.0
-113.8125,1.168,-0.5625,0.1367,-549.4538,0.0,0,8,5,83000.0,1.0
-105.7,0.21,7.2,2.6225,295.0693,0.0909,0,10,5,289000.0,1.0
-130.1054,0.2598,-7.9678,0.2214,-524.6483,0.0,0,8,5,83000.0,2.0
-115.1562,0.3954,8.5488,0.2397,273.0901,0.0859,1,12,8,1450000.0,0.0
-103.175,0.2881,0.475,0.8181,324.8488,0.0909,0,10,5,289000.0,1.0
-112.4,0.44,9.75,0.0125,243.4793,0.0,0,10,5,289000.0,0.0
-126.3245,8.5132,-3.8632,4.5849,-573.6641,0.1342,0,8,5,83000.0,2.0
-114.1072,0.8597,6.8152,0.0849,162.7219,0.0011,0,12,8,1450000.0,0.0
-118.9,0.29,3.8,0.06,-138.412,0.0,0,8,5,83000.0,0.0
-128.8051,0.3185,-5.3284,0.185,-544.8269,0.0,0,8,5,83000.0,2.0
-123.303,0.4806,-0.0008,0.4149,-468.3197,0.0,0,10,5,289000.0,2.0
-117.4,0.44,5.1,0.1525,-622.4347,0.0,0,8,5,83000.0,0.0
-113.5,0.25,8.875,0.0281,82.8375,0.0,0,10,5,289000.0,0.0
-123.1634,0.0483,-0.2571,0.0366,-76.1504,0.0,0,10,5,289000.0,2.0
-999.0,0.0,-999.0,0.0,0.0,1.0,0,8,5,0.0,2.0
-112.4,0.44,9.675,0.1006,256.9011,0.0,0,10,5,289000.0,0.0
-114.45,2.21,-4.05,0.61,-547.7761,0.0,0,8,5,83000.0,1.0
-129.6682,1.403,-7.5011,1.1429,171.0062,0.0,0,12,8,1450000.0,2.0
-128.4915,10.7299,-5.7612,10.4238,462.5783,0.0975,0,8,5,83000.0,2.0
-100.425,1.0006,-1.725,0.0556,105.9586,0.0,0,12,8,1450000.0,1.0
-113.9245,0.7166,11.4267,0.0925,421.7254,0.0241,1,12,8,1450000.0,0.0
-103.05,0.21,0.175,0.0631,283.5349,0.0909,0,10,5,289000.0,1.0
-130.0462,1.2471,-7.3619,0.9513,350.2471,0.0,0,12,8,1450000.0,2.0
-132.2636,0.4073,-9.7698,0.4193,161.9222,0.0,0,12,8,1450000.0,2.0
-112.9,0.29,8.925,0.0381,-233.2033,0.0,0,8,5,83000.0,0.0
-112.2,0.16,9.8,0.0475,262.7732,0.0909,0,10,5,289000.0,0.0
-106.7866,1.0842,12.1483,0.4505,298.4692,0.0282,1,12,8,1450000.0,0.0
-122.6573,0.7372,0.3987,0.7594,47.4642,0.0,0,10,5,289000.0,2.0
-105.0,0.2,0.1,0.015,307.8619,0.2857,0,10,5,289000.0,1.0
-116.0331,0.3445,8.1809,0.2781,281.5654,0.0422,0,12,8,1450000.0,0.0
-132.9346,45.0,-10.2935,40.3591,331.8228,0.1,0,12,8,1450000.0,2.0
-136.3557,0.4599,-12.5515,0.439,-20.7995,0.0,0,12,8,1450000.0,2.0
-107.0,0.0,3.875,0.0,2839.5437,1.0,247,10,5,0.0,1.0
-101.725,0.7681,-2.225,0.1931,115.7104,0.0,0,12,8,1450000.0,1.0
-122.2975,0.2182,0.5769,0.1465,-71.0879,0.0,0,10,5,289000.0,2.0
-114.825,3.2506,-4.325,0.4756,-536.0321,0.0,0,8,5,83000.0,1.0
-121.2425,0.2586,-1.7108,0.1548,14.8671,0.0,0,10,5,289000.0,2.0
-112.8,1.36,9.075,0.5881,116.1822,0.0,0,10,5,289000.0,0.0
-106.6,0.0,3.9,0.0,2834.301,1.0,283,10,5,0.0,1.0
-110.5188,0.1416,7.8739,0.0837,49.7984,0.2959,2,12,8,1450000.0,1.0
-102.1,0.49,11.775,0.0181,-490.7336,0.0,0,8,5,83000.0,0.0
-117.9691,0.2852,5.8103,0.1225,384.7883,0.0227,2,12,8,1450000.0,0.0
-101.7,0.61,11.625,0.0531,-498.2833,0.0,0,8,5,83000.0,0.0
-110.75,0.0,9.6797,0.0,2375.5496,1.0,1279,8,5,0.0,1.0
-116.0625,0.0,7.625,0.0,2646.3442,1.0,3242,8,5,0.0,1.0
-101.2,1.635,-3.8,0.035,113.9802,0.0,0,12,8,1450000.0,1.0
-115.5812,0.3646,8.6437,0.5303,451.5887,0.0706,1,12,8,1450000.0,0.0
-115.5,1.4063,0.9375,24.418,-532.6766,0.0,0,8,5,83000.0,1.0
-105.2,0.435,-4.3,0.035,317.9282,0.0909,0,10,5,289000.0,1.0
-130.7091,1.5574,-9.4188,1.2104,498.7037,0.0,0,12,8,1450000.0,2.0
-103.898,0.5311,12.7773,0.0297,429.6963,0.0,0,12,8,1450000.0,0.0
-101.2,0.8475,-10.6,0.1275,113.8754,0.0,0,12,8,1450000.0,1.0
-132.261,26.884,-9.39,21.8063,357.4214,0.1667,0,12,8,1450000.0,2.0
-118.7756,11.1969,4.1509,14.8799,-600.7358,0.1994,0,10,5,289000.0,2.0
-115.9,0.09,7.05,0.035,-484.8615,0.0,0,8,5,83000.0,0.0
-103.475,0.3306,-0.575,0.0256,337.6414,0.0909,0,10,5,289000.0,1.0
-130.6368,2.9899,-6.3262,2.6582,-594.3505,0.1185,0,10,5,289000.0,2.0
-111.5528,0.8905,5.2578,0.156,265.2,0.0041,0,12,8,1450000.0,0.0
-109.9063,0.0,10.2656,0.0,2456.0266,1.0,1658,8,5,0.0,1.0
-108.7,0.21,9.55,0.11,225.4438,0.0,0,10,5,289000.0,0.0
-128.9292,0.1603,-6.1521,0.1092,-154.2923,0.0,0,8,5,83000.0,2.0
-132.99,4.0063,-10.0359,3.2609,517.2915,0.0,0,12,8,1450000.0,2.0
-106.5678,0.1051,11.1305,0.0229,239.0523,0.0,1,12,8,1450000.0,0.0
-126.6449,6.5822,-4.1126,4.2864,-601.8677,0.2601,0,10,5,289000.0,2.0
-114.2856,0.2503,7.2491,0.5736,465.7371,0.1704,1,12,8,1450000.0,0.0
-134.0918,16.7722,-11.3561,10.4959,185.9869,0.0,0,12,8,1450000.0,2.0
-106.6,2.465,-1.125,1.1656,293.6013,0.0909,0,10,5,289000.0,1.0
-129.5268,10.5859,-7.4789,3.9309,-471.1479,0.1905,0,10,5,289000.0,2.0
-131.9668,1.0721,-9.0028,0.9451,43.1447,0.0,0,12,8,1450000.0,2.0
-114.3298,1.474,4.9355,1.1475,-580.6419,0.8854,111,8,5,83000.0,1.0
-119.5,0.25,3.025,0.0306,-128.3457,0.0,0,8,5,83000.0,0.0
-104.9631,0.0,3.2033,0.0,2659.4685,1.0,102,12,8,0.0,1.0
-117.3,0.61,5.525,0.5806,-627.4678,0.0,0,8,5,83000.0,0.0
-126.8254,0.0816,-2.8618,0.0413,-615.4368,0.0,0,10,5,289000.0,2.0
-104.0861,0.0,4.8746,0.0,2718.4008,1.0,603,12,8,0.0,1.0
-101.8155,1.8465,-12.4715,2.5568,317.5162,0.0,0,12,8,1450000.0,1.0
-117.25,0.0,-8.25,0.0,-524.288,0.9848,0,8,5,83000.0,1.0
-134.9982,33.4304,-12.1405,27.2112,401.1137,0.0,0,12,8,1450000.0,2.0
-111.6,0.64,9.9,0.24,40.0556,0.0,0,10,5,289000.0,0.0
-999.0,0.0,-999.0,0.0,0.0,1.0,0,8,5,0.0,1.0
-103.25,2.7,-12.15,1.14,-33.6069,0.0,0,12,8,1450000.0,1.0
-127.0815,0.138,-4.9457,0.0864,234.0283,0.0,0,8,5,83000.0,2.0
-131.9434,0.1383,-9.6488,0.122,45.9921,0.0,0,12,8,1450000.0,2.0
-110.3,1.21,9.175,0.2631,-101.7119,0.0,0,10,5,289000.0,0.0
-105.125,0.2281,-0.3,0.11,295.279,0.0909,0,10,5,289000.0,1.0
-111.0,0.4,9.6,0.44,247.6736,0.0,0,10,5,289000.0,0.0
-102.6,0.44,11.65,0.04,-465.5678,0.0,0,8,5,83000.0,0.0
-122.8108,0.7147,0.4097,0.5286,-412.3449,0.0,0,10,5,289000.0,2.0
-108.925,0.1756,-2.725,0.1056,286.4709,0.0909,0,10,5,289000.0,1.0
-123.7783,0.22,-4.0544,0.6084,2302.4545,0.2485,620,8,5,0.0,1.0
-129.2921,1.417,-5.023,1.5838,-618.0668,0.0,0,10,5,289000.0,2.0
-105.1,0.565,-3.3,0.035,300.5219,0.0909,0,10,5,289000.0,1.0
-115.1,0.49,7.65,0.065,-514.2217,0.0,0,8,5,83000.0,0.0
-110.1667,0.3889,-4.8333,0.7222,-510.307,0.0,0,8,5,83000.0,1.0
-110.1,0.09,8.65,0.09,152.2532,0.0,0,10,5,289000.0,0.0
-128.7168,4.0621,-5.5119,2.6948,-555.8351,0.077,0,8,5,83000.0,2.0
-107.05,0.3725,-1.35,0.0525,292.5527,0.0909,0,10,5,289000.0,1.0
-116.6,1.64,6.3,1.56,-477.3118,0.0,0,8,5,83000.0,0.0
-101.9,0.09,11.825,0.0256,-490.7336,0.0,0,8,5,83000.0,0.0
-109.6,0.44,10.875,0.0156,-119.9571,0.0,0,8,5,83000.0,0.0
-109.0267,1.9516,-0.0681,3.2496,-11.6997,0.1033,0,12,8,1450000.0,1.0
-106.625,0.0,-0.375,0.0,2783.4448,1.0,12,10,5,0.0,1.0
-107.25,0.2875,-1.55,0.0975,299.0539,0.0909,0,10,5,289000.0,1.0
-104.2,0.76,-0.95,11.2975,293.3916,0.0909,0,10,5,289000.0,1.0
-110.9032,0.0,9.7903,0.0,2361.1228,1.0,1215,8,5,0.0,1.0
-125.0,0.3924,-1.1226,0.3138,-411.8487,0.0,0,10,5,289000.0,2.0
-112.9,0.49,9.25,0.025,260.8857,0.0,0,10,5,289000.0,0.0
-103.9982,0.4947,11.5984,0.034,300.0289,0.0,0,12,8,1450000.0,0.0
-115.925,0.4756,-7.425,0.1006,-533.5155,0.0,0,8,5,83000.0,1.0
-110.6,0.24,9.45,0.235,261.3051,0.0909,0,10,5,289000.0,0.0
-135.5383,5.6713,-12.3951,4.5416,425.6716,0.0,0,12,8,1450000.0,2.0
-126.406,2.2483,-2.0798,1.6577,-429.8664,0.0,0,10,5,289000.0,2.0
-126.2894,45.0,-2.9412,26.6693,232.1951,0.2583,0,8,5,83000.0,2.0
-126.5258,13.0551,-4.5425,6.2373,222.0687,0.139,0,8,5,83000.0,2.0
-105.9003,0.0,8.1022,0.0,2652.5862,1.0,1297,12,8,0.0,1.0
-124.0413,1.5852,-2.135,1.4283,-120.1295,0.1096,0,8,5,83000.0,2.0
-122.3062,0.408,0.3982,0.3918,-635.6283,0.0,0,10,5,289000.0,2.0
-103.15,1.34,-0.55,0.06,289.407,0.0909,0,10,5,289000.0,1.0
-111.5,0.25,8.775,0.1431,-88.9192,0.0909,0,8,5,83000.0,0.0
-130.9988,3.0375,-7.8616,1.9131,542.1875,0.0,0,12,8,1450000.0,2.0
-104.7674,0.2418,12.4595,0.0182,170.1438,0.0909,0,12,8,1450000.0,0.0
-118.7882,0.1981,-4.2419,4.2798,276.1099,0.0033,0,12,8,1450000.0,1.0
-116.263,0.6506,5.5894,0.338,233.7824,0.1135,1,12,8,1450000.0,0.0
-134.2295,0.545,-11.2991,0.4218,294.7269,0.0,0,12,8,1450000.0,2.0
-117.892,0.762,8.1592,0.3872,381.8782,0.0897,1,12,8,1450000.0,0.0
-113.1,0.49,9.475,0.2056,-167.9819,0.0,0,10,5,289000.0,0.0
-122.1449,0.4247,0.0943,0.2584,-420.2689,0.03,0,10,5,289000.0,2.0
-131.5814,7.3083,-8.8532,7.3703,522.1079,0.0,0,12,8,1450000.0,2.0
-131.8521,1.6758,-9.1242,1.5341,631.2084,0.0,0,12,8,1450000.0,2.0
-104.7647,2.16,0.6577,0.705,-208.5319,0.4252,2,12,8,1450000.0,1.0
-115.0502,1.1526,-1.2015,0.4025,6.1016,0.1114,0,12,8,1450000.0,1.0
-101.75,0.9375,-2.55,0.0975,69.4157,0.0,0,12,8,1450000.0,1.0
-108.719,0.8682,5.855,0.4963,356.6772,0.1874,0,12,8,1450000.0,0.0
-104.925,0.2631,-4.525,0.0431,308.4911,0.0909,0,10,5,289000.0,1.0
-111.6,0.24,10.35,0.165,-115.7628,0.0,0,10,5,289000.0,0.0
-115.975,1.0806,-6.675,0.0756,-526.8046,0.0,0,8,5,83000.0,1.0
-105.7036,0.276,12.1177,0.2282,279.0169,0.0,0,12,8,1450000.0,0.0
-116.3,0.61,6.55,0.1475,-488.217,0.0,0,8,5,83000.0,0.0
-114.0,0.1562,-0.75,0.2187,-549.4538,0.0,0,8,5,83000.0,1.0
-126.8336,0.0996,-3.247,0.1029,-605.1365,0.0,0,10,5,289000.0,2.0
-104.115,0.3759,10.6929,0.0952,431.1941,0.0,1,12,8,1450000.0,0.0
-115.1393,0.348,9.401,0.3967,453.5988,0.0147,0,12,8,1450000.0,0.0
-99.925,1.7256,-3.325,0.0256,109.7335,0.0,0,12,8,1450000.0,1.0
-127.9835,0.3102,-4.3748,0.0842,245.5858,0.0,0,8,5,83000.0,2.0
-111.5,0.25,10.25,0.05,154.7698,0.0,0,10,5,289000.0,0.0
-104.5023,1.6131,2.8414,0.0008,-283.8757,0.5773,4,12,8,1450000.0,1.0
-115.85,1.7775,-2.55,1.2475,-528.4823,0.0,0,8,5,83000.0,1.0
-109.9688,0.0,10.1484,0.0,2449.2122,1.0,1595,8,5,0.0,1.0
-132.3214,0.3995,-8.8047,0.3231,13.2506,0.0,0,12,8,1450000.0,2.0
-124.8488,54.7632,-1.4287,68.7026,-580.8771,0.2777,0,10,5,289000.0,2.0
-126.2429,45.0,-4.295,15.2856,-427.1684,0.1934,0,8,5,83000.0,2.0
-115.125,0.3906,-5.225,0.1056,-527.6434,0.0,0,8,5,83000.0,1.0
-116.9,1.09,6.125,0.8781,-486.5392,0.0,0,8,5,83000.0,0.0
-115.6507,2.0671,6.8629,0.1857,2454.7115,0.2991,560,8,5,0.0,1.0
-113.8,0.56,8.45,0.06,161.4807,0.0,0,10,5,289000.0,0.0
-109.875,0.6719,-5.125,0.0469,-520.0937,0.0,0,8,5,83000.0,1.0
-112.4,0.24,9.6,0.015,252.0777,0.0,0,10,5,289000.0,0.0
-117.8,0.1975,-9.9,0.3775,-548.6149,0.0,0,8,5,83000.0,1.0
-109.201,0.3355,-4.7345,0.5075,280.8198,0.0422,0,12,8,1450000.0,1.0
-130.3521,1.028,-8.0066,0.9318,34.2443,0.0,0,12,8,1450000.0,2.0
-131.1476,0.3063,-8.848,0.2244,-13.2585,0.0,0,12,8,1450000.0,2.0
-112.0,0.2,10.15,0.04,-37.1196,0.0,0,10,5,289000.0,0.0
-105.9654,0.0,4.8016,0.0,2611.7197,1.0,552,12,8,0.0,1.0
-121.1503,0.129,-1.5119,0.103,-455.0787,0.0,0,10,5,289000.0,2.0
-109.9,0.89,8.8,0.3725,263.1926,0.0909,0,10,5,289000.0,0.0
-104.8344,0.3106,10.4757,0.091,198.2781,0.0,0,12,8,1450000.0,0.0
-131.4353,0.5016,-8.3391,0.4114,140.9825,0.0,0,12,8,1450000.0,2.0
-122.5733,0.1538,-4.3599,0.1026,-415.8635,0.0,0,10,5,289000.0,2.0
-105.025,0.2431,-4.425,0.0131,314.5728,0.0909,0,10,5,289000.0,1.0
-130.9,16.5125,-7.8354,8.38,477.1426,0.2055,0,8,5,83000.0,2.0
-109.5366,1.4503,-7.3547,0.9571,197.0715,0.0177,1,12,8,1450000.0,1.0
-112.3,0.21,9.625,0.0281,167.3527,0.0,0,10,5,289000.0,0.0
-105.7774,0.3498,10.3963,0.1598,224.7666,0.0,1,12,8,1450000.0,0.0
-116.25,1.7188,-4.25,3.9687,-549.4538,0.0,0,8,5,83000.0,1.0
-101.975,8.6806,0.1,6.4525,75.8645,0.0,0,12,8,1450000.0,1.0
-105.3,0.085,-0.2,0.035,294.2304,0.0909,0,10,5,289000.0,1.0
-113.3,1.21,8.775,0.8306,257.3206,0.0909,0,10,5,289000.0,0.0
-106.1213,0.4956,11.3356,0.1821,350.6102,0.0,0,12,8,1450000.0,0.0
-107.95,0.2225,-1.25,0.0125,291.0847,0.0909,0,10,5,289000.0,1.0
-136.6337,3.8334,-14.5519,3.6287,378.9388,0.2,0,12,8,1450000.0,2.0
-112.3333,0.0556,-8.3333,0.0556,-493.5298,0.0,0,8,5,83000.0,1.0
-105.987,0.0,3.179,0.0,2648.447,1.0,293,12,8,0.0,1.0
-130.6751,0.0309,-8.0136,0.0254,-151.0085,0.0,0,8,5,83000.0,2.0
-125.334,1.6193,-3.4154,0.7404,226.987,0.0556,0,8,5,83000.0,2.0
-110.9167,0.0139,-6.9167,0.0139,-518.6956,0.0,0,8,5,83000.0,1.0
-123.2975,0.1515,-0.126,0.1326,-70.0367,0.0,0,10,5,289000.0,2.0
-124.0825,0.8661,-1.871,0.6351,242.658,0.0259,0,8,5,83000.0,2.0
-123.5254,2.285,-2.1765,0.8748,-111.8492,0.0484,0,8,5,83000.0,2.0
-132.8713,20.7946,-9.8598,16.6238,600.1772,0.0,0,12,8,1450000.0,2.0
-114.2,0.16,8.875,0.0156,-235.7199,0.0,0,8,5,83000.0,0.0
-112.1,0.29,9.925,0.0256,34.1836,0.0,0,10,5,289000.0,0.0
-111.5,4.05,8.875,0.3281,-159.3835,0.0,0,10,5,289000.0,0.0
-125.9055,7.9508,-2.0799,4.1016,-469.4919,0.2351,0,10,5,289000.0,2.0
-103.8232,0.1545,12.2316,0.2222,215.1702,0.0,0,12,8,1450000.0,0.0
-106.6,0.0,3.75,0.0,2846.4644,1.0,184,10,5,0.0,1.0
-105.1316,0.0,1.5197,0.0,3635.7317,1.0,10,12,8,0.0,1.0
-129.374,2.6586,-5.3329,1.4912,-116.3756,0.0,0,10,5,289000.0,2.0
-105.15,0.415,-5.25,0.225,322.542,0.0909,0,10,5,289000.0,1.0
-124.7121,3.4759,-0.8294,4.3514,-483.338,0.1537,0,10,5,289000.0,2.0
-104.1242,0.1863,10.3766,0.1599,277.1215,0.0,1,12,8,1450000.0,0.0
-101.9,0.09,11.8,0.035,-490.7336,0.0,0,8,5,83000.0,0.0
-109.025,0.1681,-0.125,0.3406,296.5373,0.6,0,10,5,289000.0,1.0
-103.2488,1.8095,-0.7018,2.7465,-20.4888,0.0,0,12,8,1450000.0,1.0
-132.6505,1.4911,-9.6398,1.2744,344.8827,0.0,0,12,8,1450000.0,2.0
-128.8567,0.4938,-5.9692,0.3767,230.7092,0.0,0,8,5,83000.0,2.0
-130.9497,0.3436,-8.0407,0.2764,143.9339,0.0,0,12,8,1450000.0,2.0
-117.5,0.25,5.05,0.01,-518.416,0.0,0,8,5,83000.0,0.0
-132.3937,0.6544,-9.5791,0.5091,7.17,0.0,0,12,8,1450000.0,2.0
-127.2447,3.5648,-3.9491,2.9097,236.8954,0.0288,0,8,5,83000.0,2.0
-105.8883,0.0,8.7442,0.0,2734.4916,1.0,1014,12,8,0.0,1.0
-126.4864,0.2124,-5.1316,0.1477,-438.7196,0.0766,0,8,5,83000.0,2.0
-118.8486,1.7295,4.5512,0.4801,-583.6889,0.5049,72,8,5,83000.0,1.0
-109.8,0.36,9.025,0.0431,257.1108,0.0,0,10,5,289000.0,0.0
-103.8,0.735,-1.3,0.235,292.343,0.2857,0,10,5,289000.0,1.0
-104.85,0.29,-4.55,0.31,323.1711,0.0909,0,10,5,289000.0,1.0
-101.2,0.76,-10.9,0.04,92.3795,0.0,0,12,8,1450000.0,1.0
-113.625,0.9906,-3.825,0.1006,-541.0652,0.0,0,8,5,83000.0,1.0
-103.4869,0.0,3.7792,0.0,2643.0598,1.0,277,12,8,0.0,1.0
-108.3333,0.0139,-4.0,0.7917,-504.7146,0.0,0,8,5,83000.0,1.0
-100.375,0.5031,-5.075,0.1381,58.6154,0.0,0,12,8,1450000.0,1.0
-110.9375,0.0,9.875,0.0,2345.665,1.0,1152,8,5,0.0,1.0
-117.1465,28.6314,4.2986,39.2105,-606.3271,0.4429,0,10,5,289000.0,2.0
-135.1033,0.1395,-12.2431,0.1315,173.0873,0.0,0,12,8,1450000.0,2.0
-126.5283,3.0757,-4.4039,1.9775,234.8835,0.0,0,8,5,83000.0,2.0
-102.3,0.21,11.725,0.0556,-482.3449,0.0,0,8,5,83000.0,0.0
-95.0,0.0,5.55,0.0,2745.801,1.0,11,10,5,0.0,1.0
-108.925,3.8256,-2.225,1.5806,288.9875,0.0909,0,10,5,289000.0,1.0
-111.5,0.25,9.125,0.1156,-77.1752,0.0909,0,8,5,83000.0,0.0
-123.2467,0.0725,0.1617,0.0455,-486.2304,0.0,0,10,5,289000.0,2.0
-107.0,0.0,3.875,0.0,2846.8838,1.0,179,10,5,0.0,1.0
-132.836,1.2051,-9.7165,1.1617,87.4681,0.0,0,12,8,1450000.0,2.0
-115.875,0.4906,-6.875,0.0906,-523.4491,0.0,0,8,5,83000.0,1.0
-102.8217,0.0,6.7937,0.0,2628.3624,1.0,1195,12,8,0.0,1.0
-110.8333,1.8472,-7.1667,0.0139,-510.307,0.0,0,8,5,83000.0,1.0
-108.4055,0.7668,6.8733,0.4621,297.0743,0.0147,0,12,8,1450000.0,0.0
-115.6,0.24,7.5,0.0375,-489.8947,0.0,0,8,5,83000.0,0.0
-129.7273,0.6384,-6.2633,0.3842,-398.5481,0.0,0,10,5,289000.0,2.0
-101.25,0.6625,-1.65,0.4525,68.9963,0.0,0,12,8,1450000.0,1.0
-108.4167,0.1806,-3.0833,0.0139,-496.326,0.0,0,8,5,83000.0,1.0
-115.7333,0.6392,9.0522,0.3415,326.6153,0.0567,0,12,8,1450000.0,0.0
-112.8,0.56,9.575,0.0256,252.9165,0.0,0,10,5,289000.0,0.0
-118.5,0.45,4.575,0.4131,-525.9658,0.0,0,8,5,83000.0,0.0
-115.4,1.04,7.35,0.8275,-494.089,0.0,0,8,5,83000.0,0.0
-114.1,1.49,8.325,0.9631,214.9581,0.0,0,10,5,289000.0,0.0
-117.275,0.8056,-9.775,1.6806,-549.4537,0.0,0,8,5,83000.0,1.0
-101.8247,0.985,3.2308,2.2851,-5.3574,0.0,0,12,8,1450000.0,1.0
-131.7389,0.3485,-7.9269,0.2951,112.207,0.0,0,12,8,1450000.0,2.0
-129.0181,1.256,-4.7608,2.1016,-409.2505,0.0,0,10,5,289000.0,2.0
-100.85,1.29,0.075,38.3631,97.8846,0.0,0,12,8,1450000.0,1.0
-127.432,35.6316,-4.7957,27.1817,-457.1528,0.2127,0,8,5,83000.0,2.0
-109.0,0.5,-4.6667,0.0556,-524.288,0.0,0,8,5,83000.0,1.0
-128.919,0.1386,-5.0167,0.1197,27.6669,0.0,0,10,5,289000.0,2.0
-126.9673,4.6038,-4.7181,3.0817,-135.5737,0.0,0,8,5,83000.0,2.0
-133.0057,3.8336,-11.6503,3.0238,564.0938,0.0,0,12,8,1450000.0,2.0
-129.3431,6.5482,-6.6802,3.6565,226.4194,0.1067,0,8,5,83000.0,2.0
-101.9215,1.8043,-8.0527,25.3541,48.1081,0.0,0,12,8,1450000.0,1.0
-113.0,0.2,9.375,0.0156,257.3206,0.0,0,10,5,289000.0,0.0
-126.0247,0.0697,-4.0492,0.0738,-109.9279,0.0,0,8,5,83000.0,2.0
-116.5,0.85,6.425,0.2756,-479.8284,0.0,0,8,5,83000.0,0.0
-103.625,0.1406,-0.125,0.0156,317.7185,0.3333,1,10,5,289000.0,1.0
-109.0375,0.6173,8.0678,0.2492,432.7492,0.0707,0,12,8,1450000.0,0.0
-113.5,0.45,8.85,0.0525,151.4144,0.0,0,10,5,289000.0,0.0
-114.9489,1.7308,-5.524,0.9629,-113.2931,0.0,0,8,5,83000.0,2.0
-103.609,0.2031,13.4853,0.225,358.0366,0.0,0,12,8,1450000.0,0.0
-125.7123,1.9605,-3.0375,0.9569,-432.3209,0.0,0,8,5,83000.0,2.0
-104.6,0.1275,-4.7,0.1475,292.9721,0.0909,0,10,5,289000.0,1.0
-122.0588,3.425,-0.6687,3.0795,22.3191,0.1212,0,10,5,289000.0,2.0
-122.9647,0.4634,0.0149,0.2222,-76.9735,0.0,0,10,5,289000.0,2.0
-127.8901,1.3414,-6.0402,0.503,157.6083,0.0144,0,8,5,83000.0,2.0
-115.1,0.29,8.1,0.04,-500.7999,0.0,0,8,5,83000.0,0.0
-114.2,0.36,8.625,0.0406,256.6914,0.0,0,10,5,289000.0,0.0
-108.3987,1.3576,0.4928,0.373,-14.8151,0.0358,1,12,8,1450000.0,1.0
-130.7656,2.1313,-7.9018,1.5865,343.0675,0.0,0,12,8,1450000.0,2.0
-106.6805,0.3452,-1.1347,0.0616,37.5051,0.173,0,12,8,1450000.0,1.0
-103.1,0.69,1.6,0.2525,284.3738,0.0909,0,10,5,289000.0,1.0
-101.5,0.25,11.375,0.0531,-393.4257,0.0,0,8,5,83000.0,0.0
-104.725,0.3431,-4.425,0.0381,313.7339,0.0909,0,10,5,289000.0,1.0
-121.8895,0.2385,1.1943,0.2392,21.2619,0.1055,0,10,5,289000.0,2.0
-116.2,1.36,6.5,1.3625,-478.1507,0.0,0,8,5,83000.0,0.0
-102.3549,0.6737,-6.4621,1.2698,349.1337,0.0,0,12,8,1450000.0,1.0
-105.5,0.1875,0.075,0.3131,294.8596,0.0909,0,10,5,289000.0,1.0
-113.7,0.21,8.775,0.0431,100.873,0.0,0,10,5,289000.0,0.0
-127.4391,0.1678,-3.6331,0.1085,30.5061,0.0,0,10,5,289000.0,2.0
-120.5008,0.1115,-1.1542,1.7763,300.598,0.1519,2,12,8,1450000.0,1.0
-130.5422,18.6099,-8.1558,13.3698,19.2234,0.0,0,12,8,1450000.0,2.0
-130.9,0.9112,-7.518,0.7899,468.3519,0.0476,0,8,5,83000.0,2.0
-128.4353,1.1864,-4.7848,1.3081,-452.409,0.0,0,8,5,83000.0,2.0
-127.4365,9.5872,-4.3794,8.1747,-450.5825,0.0561,0,8,5,83000.0,2.0
-117.6667,0.1806,-5.3333,0.0139,-549.4538,0.0,0,8,5,83000.0,1.0
-114.25,0.5417,-2.9167,0.0972,-543.8614,0.0,0,8,5,83000.0,1.0
-115.2549,0.0473,5.735,0.0273,-467.7979,0.0496,0,8,5,83000.0,2.0
-110.2,0.56,10.65,0.0525,-119.1182,0.0,0,8,5,83000.0,0.0
-112.8333,0.2222,-0.5,0.0,-538.269,0.0,0,8,5,83000.0,1.0
-112.9,0.49,9.525,0.0306,247.6736,0.0,0,10,5,289000.0,0.0
-116.1,1.49,6.95,1.11,-480.6672,0.0,0,8,5,83000.0,0.0
-118.2,0.36,4.725,0.1306,-624.1124,0.0,0,8,5,83000.0,0.0
-111.5191,0.2886,6.0372,0.1945,2621.2895,0.3315,1243,8,5,0.0,1.0
-103.025,1.5556,-0.925,0.0506,336.5929,0.0909,0,10,5,289000.0,1.0
-102.7,0.635,-2.0,0.375,302.1996,0.0909,0,10,5,289000.0,1.0
-104.7362,0.0,8.0483,0.0,2702.6144,1.0,963,12,8,0.0,1.0
-132.8086,0.9591,-9.922,0.9773,485.379,0.0,0,12,8,1450000.0,2.0
-127.255,0.5198,-5.3841,0.3544,-555.5755,0.0295,0,8,5,83000.0,2.0
-109.6,0.44,9.0,0.175,258.7886,0.0,0,10,5,289000.0,0.0
-104.369,0.612,12.8288,0.1861,309.1501,0.1,0,12,8,1450000.0,0.0
-114.3,0.41,8.675,0.0256,-229.009,0.0,0,8,5,83000.0,0.0
-103.4006,0.1649,13.4054,0.2438,352.0685,0.0,0,12,8,1450000.0,0.0
-105.0,0.2375,-4.4,0.1275,315.2019,0.0909,0,10,5,289000.0,1.0
-110.3333,0.0139,-5.6667,0.1806,-513.1032,0.0,0,8,5,83000.0,1.0
-118.5012,2.5827,-5.4184,3.4864,318.5611,0.1189,0,12,8,1450000.0,1.0
-113.1,0.29,9.425,0.0131,249.5611,0.0,0,10,5,289000.0,0.0
-127.4529,1.9364,-4.1092,1.7288,455.4901,0.0152,0,8,5,83000.0,2.0
-102.3912,0.2359,-9.472,1.5795,-56.1918,0.0,0,12,8,1450000.0,1.0
-130.6319,9.1559,-8.0729,7.9153,2.7008,0.0,0,12,8,1450000.0,2.0
-121.6171,0.1085,-1.5932,0.0662,-428.1498,0.0,0,10,5,289000.0,2.0
-114.7673,0.5094,7.1446,0.6712,360.6743,0.1682,0,12,8,1450000.0,0.0
-116.504,0.9937,-4.4796,0.6479,434.8038,0.0,0,8,5,83000.0,2.0
-100.4417,1.6997,-0.5263,0.882,105.166,0.0,0,12,8,1450000.0,1.0
-108.325,0.4756,-1.425,0.1506,296.5373,0.0909,0,10,5,289000.0,1.0
-114.0389,0.5873,7.5926,0.2195,366.8506,0.1827,0,12,8,1450000.0,0.0
-130.9,1.8137,-7.0894,2.2457,158.019,0.0286,0,8,5,83000.0,2.0
-109.5833,0.5139,-5.25,0.125,-510.307,0.0,0,8,5,83000.0,1.0
-107.6,0.315,-1.2,0.035,286.6807,0.0909,0,10,5,289000.0,1.0
-103.8285,0.4497,13.1386,0.1407,159.9292,0.0,0,12,8,1450000.0,0.0
-115.9156,0.2936,6.308,0.3385,424.7635,0.1745,0,12,8,1450000.0,0.0
-118.4,0.44,4.325,0.1631,-137.5732,0.0,0,8,5,83000.0,0.0
-119.0,4.7359,5.6647,4.5496,-594.309,0.1602,0,10,5,289000.0,2.0
-115.6223,0.6829,7.2349,0.1829,419.9591,0.1377,0,12,8,1450000.0,0.0
-101.9,0.29,11.9,0.0525,-499.1221,0.0,0,8,5,83000.0,0.0
-117.7374,0.8988,9.4036,0.1904,221.4887,0.1011,0,12,8,1450000.0,0.0
-128.8056,0.1033,-6.1521,0.093,-449.1115,0.0,0,8,5,83000.0,2.0
-115.2,0.36,8.1,0.19,-193.7769,0.0,0,8,5,83000.0,0.0
-115.9,0.29,7.125,0.5406,-492.4113,0.0,0,8,5,83000.0,0.0
-124.0157,0.0282,-2.2745,0.0103,141.9087,0.0,0,8,5,83000.0,2.0
-121.0254,0.4011,-2.9872,0.3346,-620.889,0.0,0,10,5,289000.0,2.0
-105.1078,0.227,-0.3395,1.8488,-3.7976,0.1388,4,12,8,1450000.0,1.0
-110.2,0.36,8.45,0.0975,258.1594,0.0,0,10,5,289000.0,0.0
-130.6965,0.481,-8.0021,0.4096,238.0593,0.0,0,8,5,83000.0,2.0
-105.3,0.21,2.175,0.0256,293.6013,0.2308,0,10,5,289000.0,1.0
-109.6,0.24,9.075,0.0381,258.7885,0.0,0,10,5,289000.0,0.0
-103.8102,0.4208,13.0209,0.1956,436.8859,0.0,0,12,8,1450000.0,0.0
-101.7,2.235,-5.1,1.415,99.8769,0.0909,0,12,8,1450000.0,1.0
-104.45,0.26,-3.65,0.09,294.0207,0.0909,0,10,5,289000.0,1.0
-126.7757,0.214,-4.2149,0.2046,441.8094,0.0059,0,8,5,83000.0,2.0
-98.6667,0.2222,0.1667,0.0139,95.8573,0.0,0,12,8,1450000.0,1.0
-116.525,0.7681,-6.625,0.1031,-538.5486,0.0,0,8,5,83000.0,1.0
-134.8595,5.6801,-11.3787,4.9015,333.78,0.0,0,12,8,1450000.0,2.0
-131.387,4.0543,-9.7269,3.2182,-47.0457,0.0,0,12,8,1450000.0,2.0
-101.9,0.09,11.9,0.0275,-361.549,0.0,0,8,5,83000.0,0.0
-114.0553,2.8806,-5.6921,2.8838,-463.4916,0.0,0,8,5,83000.0,2.0
-102.3,1.01,0.275,8.0556,100.8206,0.0,0,12,8,1450000.0,1.0
-114.1,0.29,8.925,0.0256,178.0482,0.2308,0,10,5,289000.0,0.0
-111.5,0.25,10.35,0.0525,256.9011,0.0909,0,10,5,289000.0,0.0
-108.825,0.3006,-1.05,1.26,299.683,0.0909,0,10,5,289000.0,1.0
-107.9092,1.105,7.4512,0.6196,384.1648,0.1412,0,12,8,1450000.0,0.0
-125.922,4.0405,-3.3844,2.8798,-549.4597,0.1443,0,8,5,83000.0,2.0
-131.1673,7.1795,-9.0366,6.259,163.8944,0.0,0,12,8,1450000.0,2.0
-123.6543,0.351,-0.8579,0.3486,-70.4663,0.0,0,10,5,289000.0,2.0
-107.7,0.21,11.125,0.0406,-268.4355,0.0,0,8,5,83000.0,0.0
-101.85,1.2775,-4.15,0.0775,114.8191,0.0,0,12,8,1450000.0,1.0
-127.4495,7.6968,-4.7335,6.1167,-548.7073,0.08,0,8,5,83000.0,2.0
-104.35,0.465,-1.25,0.225,350.4341,0.0,0,10,5,289000.0,1.0
-111.375,0.8281,-6.625,1.0781,-541.0652,0.0,0,8,5,83000.0,1.0
-111.9167,0.0556,-6.9167,0.0556,-476.7526,0.0,0,8,5,83000.0,1.0
-107.1049,0.8409,-12.553,0.3926,-448.9617,0.0,0,8,5,83000.0,2.0
-128.0342,2.8628,-4.7381,1.8156,478.7514,0.0712,0,8,5,83000.0,2.0
-103.0,0.0,0.3333,0.0139,317.0194,0.75,0,10,5,289000.0,1.0
-103.8,0.735,-1.2,0.335,330.0917,0.0909,0,10,5,289000.0,1.0
-112.8,0.76,9.125,1.2281,221.4592,0.0,0,10,5,289000.0,0.0
-110.7,2.835,-2.4,0.315,296.747,0.0909,0,10,5,289000.0,1.0
-125.4351,0.4948,-2.4585,0.2997,228.2162,0.0,0,8,5,83000.0,2.0
-117.0,0.4,5.875,0.4281,-506.6719,0.0,0,8,5,83000.0,0.0
-105.9546,0.6386,11.0967,0.3213,351.091,0.1818,0,12,8,1450000.0,0.0
-131.0933,0.2414,-8.3883,0.2163,202.5699,0.0,0,12,8,1450000.0,2.0
-114.825,0.6131,-4.225,0.2931,-533.5155,0.0,0,8,5,83000.0,1.0
-122.5408,0.0609,0.1797,0.0464,-627.318,0.0,0,10,5,289000.0,2.0
-111.3,1.21,9.4,0.2025,122.264,0.0,0,10,5,289000.0,0.0
-114.1716,0.0937,6.732,0.6505,2504.4614,0.4435,380,8,5,0.0,1.0
-128.3865,2.3135,-5.5326,0.8429,253.1515,0.0,0,8,5,83000.0,2.0
-104.0556,0.6437,10.4605,0.3311,287.445,0.0,0,12,8,1450000.0,0.0
-105.9067,0.6446,12.9887,0.3251,169.8224,0.0,1,12,8,1450000.0,0.0
-132.5953,0.1858,-9.5616,0.1291,63.5371,0.0,0,12,8,1450000.0,2.0
-103.525,0.4181,-1.525,0.0681,348.5466,0.0909,0,10,5,289000.0,1.0
-110.6,0.44,10.125,0.0906,252.2874,0.0,0,10,5,289000.0,0.0
-117.8,0.36,4.95,0.11,-625.7901,0.0,0,8,5,83000.0,0.0
-124.721,2.4135,-2.1952,3.0537,-448.7429,0.0873,0,8,5,83000.0,2.0
-113.5833,0.1806,-1.5833,0.1806,-538.269,0.0,0,8,5,83000.0,1.0
-121.6669,0.0312,-2.3284,0.0257,-624.8448,0.0,0,10,5,289000.0,2.0
-102.9606,0.0,2.2189,0.0,2755.4837,1.0,1362,12,8,0.0,1.0
-110.8,0.16,10.525,0.0931,255.6428,0.0,0,10,5,289000.0,0.0
-127.1107,1.7529,-4.8108,1.3937,-511.3843,0.0,0,8,5,83000.0,2.0
-102.975,0.6306,-1.175,0.6006,301.3607,0.0909,0,10,5,289000.0,1.0
-101.3,2.81,9.6,11.04,-470.6009,0.0,0,8,5,83000.0,0.0
-111.8594,1.22,12.2545,0.5608,204.7646,0.1918,0,12,8,1450000.0,0.0
-114.3,0.41,8.55,0.06,-500.7999,0.0,0,8,5,83000.0,0.0
-128.7003,2.2024,-6.3387,1.9974,-560.7876,0.0,0,8,5,83000.0,2.0
-110.3745,0.3811,6.2231,0.1516,329.0496,0.1816,0,12,8,1450000.0,0.0
-115.575,0.9131,-6.975,0.4931,-526.8046,0.0,0,8,5,83000.0,1.0
-108.55,0.2725,-3.05,0.0225,299.0539,0.0909,0,10,5,289000.0,1.0
-135.3663,0.6559,-11.8205,0.5063,258.6149,0.0,0,12,8,1450000.0,2.0
-101.3,0.41,11.0,0.65,-400.9754,0.0,0,8,5,83000.0,0.0
-126.8428,2.3355,-4.9491,1.529,-430.3234,0.0,0,8,5,83000.0,2.0
-113.1526,0.3971,-10.6056,16.1841,-529.7692,0.9986,30,8,5,83000.0,1.0
-107.4214,2.3181,-7.8491,1.5565,89.9586,0.125,0,12,8,1450000.0,1.0
-110.1478,1.0891,2.7566,1.4439,192.2524,0.5739,11,12,8,1450000.0,1.0
-101.979,1.5403,-0.9768,2.9441,351.8854,0.0,0,12,8,1450000.0,1.0
-113.8,0.36,8.75,0.075,257.3206,0.0,0,10,5,289000.0,0.0
-126.1696,0.3601,-3.542,0.3633,147.938,0.0,0,8,5,83000.0,2.0
-121.2851,0.7983,-4.0014,0.6479,-621.3526,0.0,0,10,5,289000.0,2.0
-113.8,0.16,8.85,0.015,-498.2833,0.0,0,8,5,83000.0,0.0
-104.9668,0.0,8.4093,0.0,2732.2145,1.0,1067,12,8,0.0,1.0
-111.4,0.64,9.55,0.4975,-48.0248,0.0,0,10,5,289000.0,0.0
-118.1306,0.0,8.0299,0.0,2196.3576,1.0,690,8,5,0.0,1.0
-102.125,1.2656,0.0,0.0625,317.7185,0.6,2,10,5,289000.0,1.0
-135.5142,45.0,-12.6483,31.8113,217.867,0.0,0,12,8,1450000.0,2.0
-131.6343,2.3102,-8.6665,1.6249,-80.4255,0.0,0,12,8,1450000.0,2.0
-130.1116,0.5748,-7.0669,0.4848,2.7568,0.0,0,12,8,1450000.0,2.0
-106.8,0.0,3.4,0.0,2842.27,1.0,211,10,5,0.0,1.0
-100.525,1.0181,-3.725,0.0181,105.9062,0.0,0,12,8,1450000.0,1.0
-105.9496,0.6083,7.9806,0.6984,325.7275,0.0986,1,12,8,1450000.0,0.0
-94.3,0.0,7.55,0.0,2749.1565,1.0,75,10,5,0.0,1.0
-112.7,0.21,9.475,0.0056,250.1902,0.0,0,10,5,289000.0,0.0
-119.5733,0.4127,-1.4085,0.4381,31.0071,0.0,0,10,5,289000.0,2.0
-120.3532,0.2722,-1.1757,0.2253,-579.9612,0.0,0,10,5,289000.0,2.0
-108.075,0.2131,-1.375,0.0281,294.4402,0.2308,0,10,5,289000.0,1.0
-112.0,0.0,9.65,0.015,251.4485,0.0,0,10,5,289000.0,0.0
-108.35,0.265,-1.55,0.035,296.747,0.0909,0,10,5,289000.0,1.0
-110.5,0.25,9.625,0.0781,242.6405,0.0,0,10,5,289000.0,0.0
-113.7,0.21,9.25,0.0125,253.1263,0.0,0,10,5,289000.0,0.0
-131.7443,0.1187,-7.5689,0.1023,194.8949,0.0,0,12,8,1450000.0,2.0
-113.9675,1.5399,-2.6204,2.4544,348.284,0.1237,0,12,8,1450000.0,1.0
-101.1,0.29,10.575,0.4006,-431.1744,0.0,0,8,5,83000.0,0.0
-110.3,0.21,8.675,0.0756,149.9464,0.0,0,10,5,289000.0,0.0
-128.6712,3.8332,-6.1934,2.0444,249.5348,0.1173,0,8,5,83000.0,2.0
-106.7231,0.0,3.2577,0.0,2791.4221,1.0,305,10,5,0.0,1.0
-103.5177,0.0,2.1384,0.0,2594.7971,1.0,133,12,8,0.0,1.0
-112.0,0.2,9.9,0.015,139.4606,0.0,0,10,5,289000.0,0.0
-105.05,0.235,-4.45,0.035,316.8797,0.0909,0,10,5,289000.0,1.0
-124.0241,1.4102,-0.6261,0.9529,-65.2417,0.0,0,10,5,289000.0,2.0
-125.0944,2.3951,-2.6891,1.4548,-146.3749,0.0,0,8,5,83000.0,2.0
-107.65,0.2275,-1.15,0.0775,288.7778,0.0909,0,10,5,289000.0,1.0
-122.7852,0.0252,0.0826,0.0273,-94.6363,0.0,0,10,5,289000.0,2.0
-108.775,0.6056,-1.575,0.2756,296.747,0.0909,0,10,5,289000.0,1.0
-131.1104,4.4035,-8.4131,4.1838,302.3737,0.0,0,12,8,1450000.0,2.0
-104.2885,0.6366,12.5945,0.2182,188.0303,0.0,0,12,8,1450000.0,0.0
-118.134,1.2941,4.6757,0.5333,-539.3348,0.5065,27,8,5,83000.0,1.0
-129.0264,2.275,-4.4729,1.3207,-427.5315,0.0,0,10,5,289000.0,2.0
-104.1,0.765,-12.5,0.125,-6.8682,0.0,0,12,8,1450000.0,1.0
-116.125,2.5781,-5.125,2.2031,-547.3566,0.0,0,8,5,83000.0,1.0
-111.7,0.41,9.025,0.0931,-107.3742,0.0,0,8,5,83000.0,0.0
-129.6222,0.0524,-5.3211,0.0438,-477.8544,0.0,0,10,5,289000.0,2.0
-105.075,0.3256,0.05,0.0725,293.811,0.2308,0,10,5,289000.0,1.0
-999.0,0.0,-999.0,0.0,0.0,1.0,0,8,5,0.0,2.0
-111.8,0.36,10.4,0.015,255.6428,0.0909,0,10,5,289000.0,0.0
-115.9244,0.6582,5.9565,0.3776,336.382,0.0242,0,12,8,1450000.0,0.0
-129.8238,0.1883,-6.422,0.2122,-441.8324,0.0,0,8,5,83000.0,2.0
-101.3352,0.2517,-0.2592,1.7084,50.6498,0.1,0,12,8,1450000.0,1.0
-104.9515,0.2574,12.493,0.2737,218.2433,0.0,0,12,8,1450000.0,0.0
-114.1,0.09,8.75,0.0125,-498.2833,0.0,0,8,5,83000.0,0.0
-109.0,0.6,9.3,0.085,258.5788,0.0,0,10,5,289000.0,0.0
-111.4866,0.5309,8.1812,0.3137,297.9219,0.1694,1,12,8,1450000.0,0.0
-105.0,0.2,0.2,0.01,330.7209,0.5455,0,10,5,289000.0,1.0
-113.9,0.29,8.475,0.0806,105.9062,0.0,0,10,5,289000.0,0.0
-104.598,1.2481,6.829,0.253,180.8653,0.1706,0,12,8,1450000.0,0.0
-116.475,2.5496,-12.8971,1.7331,-18.2989,0.1729,1,12,8,1450000.0,1.0
-119.229,0.082,-1.841,0.0763,25.0179,0.0,0,10,5,289000.0,2.0
-108.6252,1.9259,-6.9589,1.0858,343.0706,0.0676,1,12,8,1450000.0,1.0
-127.4286,0.3614,-4.0057,0.266,240.4161,0.089,0,8,5,83000.0,2.0
-112.1778,5.6343,8.551,2.1094,124.8562,0.1332,0,8,5,83000.0,2.0
-131.9877,17.0999,-9.2009,12.2349,601.1938,0.0,0,12,8,1450000.0,2.0
-129.5487,1.3034,-5.7764,0.9967,-478.6594,0.0,0,10,5,289000.0,2.0
-109.4375,0.2305,-4.6875,0.3242,-524.288,0.0,0,8,5,83000.0,1.0
-126.9309,3.986,-3.934,4.5287,-439.0418,0.0198,0,8,5,83000.0,2.0
-104.7824,0.5214,10.7821,0.0105,176.3765,0.0,0,12,8,1450000.0,0.0
-128.6317,0.3516,-5.1182,0.2269,-107.5612,0.0231,0,8,5,83000.0,2.0
-119.5993,1.4684,-2.0422,0.749,457.7706,0.0,0,8,5,83000.0,2.0
-109.5833,0.0972,-4.25,0.0417,-507.5108,0.0,0,8,5,83000.0,1.0
-115.7,0.81,7.225,1.0431,-478.9896,0.0,0,8,5,83000.0,0.0
-102.7,0.21,11.65,0.09,-482.3449,0.0,0,8,5,83000.0,0.0
-117.8,0.16,5.075,0.0881,-491.5724,0.0,0,8,5,83000.0,0.0
-116.776,2.8503,-4.6151,1.4881,458.0527,0.0,0,8,5,83000.0,2.0
-113.8333,1.7222,-0.1667,0.7222,-543.8614,0.0,0,8,5,83000.0,1.0
-114.9,1.09,7.875,0.5406,-474.7952,0.0,0,8,5,83000.0,0.0
-112.7,0.21,9.45,0.01,249.3513,0.0,0,10,5,289000.0,0.0
-115.0877,0.4356,-7.2737,15.6595,-528.9274,0.9986,0,8,5,83000.0,1.0
-103.775,0.5056,-2.775,0.8056,290.0361,0.0909,0,10,5,289000.0,1.0
-105.706,0.1306,12.8553,0.3185,335.4368,0.1,1,12,8,1450000.0,0.0
-131.1595,3.8327,-7.7443,3.2856,212.0323,0.0,0,12,8,1450000.0,2.0
-108.2493,0.0,2.4506,0.0,3766.9718,1.0,11,12,8,0.0,1.0
-120.6534,3.9504,-0.4698,2.8016,-552.0923,0.135,0,8,5,83000.0,2.0
-112.4,0.64,10.25,0.025,258.9983,0.0909,0,10,5,289000.0,0.0
-101.325,0.6881,-3.925,0.0381,105.644,0.0,0,12,8,1450000.0,1.0
-110.4,0.44,9.075,0.0506,127.0874,0.0,0,10,5,289000.0,0.0
-110.3,0.21,8.425,0.2756,258.9983,0.0909,0,10,5,289000.0,0.0
-101.85,1.0525,-8.45,0.0225,105.0673,0.0,0,12,8,1450000.0,1.0
-112.8,0.36,9.65,0.015,254.804,0.0,0,10,5,289000.0,0.0
-118.1645,3.7872,5.601,1.8746,-452.5072,0.176,0,10,5,289000.0,2.0
-101.0,0.2,10.95,0.085,-406.0086,0.0,0,8,5,83000.0,0.0
-101.8,0.16,11.9,0.0775,-436.2076,0.0,0,8,5,83000.0,0.0
-119.6268,3.1094,-4.2036,0.6811,2299.1732,0.4164,1,8,5,0.0,1.0
-105.7669,0.1777,10.4369,0.2666,437.2135,0.0,0,12,8,1450000.0,0.0
-124.9251,2.9253,-5.9238,4.9279,2323.5673,0.757,12,8,5,83000.0,1.0
-112.4063,0.8823,7.2189,0.1143,254.967,0.1408,1,12,8,1450000.0,0.0
-130.6829,0.2767,-8.102,0.2198,41.3043,0.0,0,12,8,1450000.0,2.0
-111.6,0.24,10.025,0.1556,259.6274,0.0909,0,10,5,289000.0,0.0
-101.375,0.9906,-2.275,0.1056,71.3556,0.0,0,12,8,1450000.0,1.0
-104.2705,0.5778,13.1827,0.1518,333.2984,0.0,0,12,8,1450000.0,0.0
-110.1667,0.0972,-6.1667,0.0972,-513.1032,0.0,0,8,5,83000.0,1.0
-127.1896,0.3102,-3.0672,0.1765,-615.9318,0.0,0,10,5,289000.0,2.0
-130.2808,3.7341,-7.748,3.3061,497.6938,0.0,0,12,8,1450000.0,2.0
-126.2488,12.2934,-3.9494,3.3803,131.3755,0.0811,0,8,5,83000.0,2.0
-109.6993,0.7562,9.4454,0.2213,312.821,0.0044,2,12,8,1450000.0,0.0
-104.1034,0.1538,11.0629,0.3135,420.8997,0.0909,1,12,8,1450000.0,0.0
-115.825,0.4006,-6.425,1.0506,-533.5155,0.0,0,8,5,83000.0,1.0
-104.7324,0.5362,13.1982,0.0616,182.1085,0.0,0,12,8,1450000.0,0.0
-109.874,1.491,-4.5801,3.1325,116.6963,0.0017,2,12,8,1450000.0,1.0
-113.0,0.2,9.225,0.0431,-215.5872,0.0,0,8,5,83000.0,0.0
-128.7528,1.6449,-4.9413,0.736,-614.0741,0.0,0,10,5,289000.0,2.0
-102.0,1.0,1.375,0.0156,328.2043,0.5,1,10,5,289000.0,1.0
-109.875,0.1031,-2.075,0.0131,297.7956,0.0909,0,10,5,289000.0,1.0
-131.8451,1.9559,-8.9255,1.7955,22.0021,0.0,0,12,8,1450000.0,2.0
-105.3039,0.5943,13.0048,0.0808,317.7523,0.0,1,12,8,1450000.0,0.0
-102.3842,1.1733,-4.002,2.8503,75.8685,0.0,0,12,8,1450000.0,1.0
-99.675,0.1256,-1.475,0.0056,70.8837,0.0,0,12,8,1450000.0,1.0
-103.0,0.6667,0.75,0.0,326.1071,0.25,0,10,5,289000.0,1.0
-114.6136,1.0909,9.3728,0.2507,400.337,0.0271,2,12,8,1450000.0,0.0
-130.0,4.5008,-6.9747,5.6452,-88.8959,0.229,0,10,5,289000.0,2.0
-103.3944,0.0,5.9321,0.0,2616.5727,1.0,536,12,8,0.0,1.0
-112.9,0.49,9.425,0.0256,246.4154,0.0,0,10,5,289000.0,0.0
-122.319,0.1718,-3.6127,0.1532,-63.4943,0.0,0,10,5,289000.0,2.0
-127.675,7.7646,-4.415,3.6342,-452.8738,0.103,0,8,5,83000.0,2.0
-107.3794,1.6596,3.8398,1.9277,-66.886,0.1963,4,12,8,1450000.0,1.0
-136.0078,6.1881,-12.876,5.3263,459.4132,0.0,0,12,8,1450000.0,2.0
-114.0,0.4,8.55,0.06,174.9025,0.0,0,10,5,289000.0,0.0
-104.6518,0.3901,10.9431,0.1811,158.8818,0.1,0,12,8,1450000.0,0.0
-103.0,0.0,0.25,0.0,326.1071,0.75,3,10,5,289000.0,1.0
-104.2169,0.1826,3.8334,1.3842,-41.0209,0.0269,3,12,8,1450000.0,1.0
-109.4758,0.9437,8.4929,0.5752,377.8314,0.0712,1,12,8,1450000.0,0.0
-117.6,0.84,5.325,1.6756,-625.7901,0.0,0,8,5,83000.0,0.0
-116.655,0.6008,6.8862,0.7299,-557.6315,0.4861,7,8,5,83000.0,1.0
-112.0,0.2,10.05,0.0225,137.1537,0.0,0,10,5,289000.0,0.0
-119.4849,0.2124,-2.76,0.0931,-56.1131,0.0,0,10,5,289000.0,2.0
-132.9928,0.3093,-10.7187,0.294,265.6654,0.0,0,12,8,1450000.0,2.0
-108.9,0.265,-3.0,0.075,296.747,0.0909,0,10,5,289000.0,1.0
-131.9984,1.9858,-9.5183,1.5146,107.7799,0.0,0,12,8,1450000.0,2.0
-103.5401,1.3769,-4.6428,1.1239,-1.8743,0.0,0,12,8,1450000.0,1.0
-133.4836,44.8056,-10.1134,45.2664,246.5134,0.0,0,12,8,1450000.0,2.0
-115.0,0.1667,-2.0,0.5,-529.8804,0.0,0,8,5,83000.0,1.0
-122.5563,1.4967,-2.864,1.4252,-449.0605,0.0,0,10,5,289000.0,2.0
-110.5569,5.0567,8.5586,2.5024,-427.7528,0.093,0,8,5,83000.0,2.0
-131.3558,1.7975,-7.9691,1.3753,14.4954,0.0,0,12,8,1450000.0,2.0
-115.8126,0.7672,5.711,0.2072,383.1234,0.0768,0,12,8,1450000.0,0.0
-114.5586,0.5718,6.2749,0.3579,241.2068,0.1995,0,12,8,1450000.0,0.0
-110.7,1.01,9.525,0.8306,186.8562,0.0,0,10,5,289000.0,0.0
-105.2488,0.5859,3.152,0.1894,390.1683,0.7851,12,12,8,1450000.0,1.0
-131.2021,0.0708,-9.0039,0.055,-52.1504,0.0,0,12,8,1450000.0,2.0
-113.7,0.41,9.325,0.0131,255.0137,0.0,0,10,5,289000.0,0.0
-115.625,1.5281,-8.625,1.7781,-528.4823,0.0,0,8,5,83000.0,1.0
-127.0059,5.9989,-4.7361,5.1766,-451.7513,0.1403,0,8,5,83000.0,2.0
-131.0222,0.1613,-9.0177,0.1434,132.3391,0.0,0,12,8,1450000.0,2.0
-105.8,0.16,1.3,0.2225,306.6036,0.0909,0,10,5,289000.0,1.0
-113.1203,0.5279,7.5896,0.2606,429.2388,0.1577,2,12,8,1450000.0,0.0
-116.3,1.01,6.15,0.8525,-515.0605,0.0,0,8,5,83000.0,0.0
-131.0451,3.8403,-8.9655,2.6097,20.7757,0.0,0,12,8,1450000.0,2.0
-101.6,0.44,11.625,0.0656,-383.3594,0.1667,0,8,5,83000.0,0.0
-111.5,0.25,8.775,0.1431,-88.9192,0.0909,0,8,5,83000.0,0.0
-125.005,0.229,-3.2911,0.1768,152.5228,0.0,0,8,5,83000.0,2.0
-115.4882,0.8106,7.3477,0.046,217.6167,0.1638,0,12,8,1450000.0,0.0
-132.9084,2.6229,-9.8313,2.125,224.0492,0.0,0,12,8,1450000.0,2.0
-131.6635,0.9359,-8.6948,0.6547,235.0159,0.2,0,12,8,1450000.0,2.0
-114.1,0.09,8.675,0.0506,-499.1221,0.0,0,8,5,83000.0,0.0
-113.525,2.4806,-3.325,0.8006,-535.1932,0.0,0,8,5,83000.0,1.0
-109.7,0.61,8.85,0.165,129.604,0.0,0,10,5,289000.0,0.0
-116.9,0.09,5.75,0.15,-476.473,0.0,0,8,5,83000.0,0.0
-113.2957,1.2785,9.9481,0.1561,327.043,0.17,0,12,8,1450000.0,0.0
-105.4819,1.1867,6.9312,0.7458,308.5132,0.0993,0,12,8,1450000.0,0.0
-131.8705,5.8707,-9.3489,5.4686,-589.296,0.1193,0,10,5,289000.0,2.0
-137.2584,5.2058,-13.5356,4.1063,-32.4753,0.0,0,12,8,1450000.0,2.0
-125.2058,0.1565,-3.3821,0.0802,453.1431,0.0,0,8,5,83000.0,2.0
-103.625,1.0031,-0.1,0.04,290.4556,0.0909,0,10,5,289000.0,1.0
-117.1,0.69,5.85,0.4275,-522.6103,0.0,0,8,5,83000.0,0.0
-110.25,1.125,-5.25,0.125,-527.0842,0.0,0,8,5,83000.0,1.0
-127.4789,0.9791,-3.7481,0.6243,-457.2923,0.0,0,8,5,83000.0,2.0
-113.1406,0.6721,7.3123,0.5173,214.6799,0.1546,0,12,8,1450000.0,0.0
-123.7997,31.4011,-0.5525,25.7129,-489.8524,0.2361,0,10,5,289000.0,2.0
-112.1,0.49,10.275,0.0806,-15.0995,0.0,0,10,5,289000.0,0.0
-131.4786,1.2081,-7.9797,1.0143,264.703,0.0,0,12,8,1450000.0,2.0
-104.15,0.265,-3.55,0.035,295.4887,0.0909,0,10,5,289000.0,1.0
-109.0,0.125,-4.6667,0.0139,-524.288,0.0,0,8,5,83000.0,1.0
-109.7,0.41,9.05,0.2225,-297.3762,0.0,0,10,5,289000.0,0.0
-109.4,1.24,9.625,0.3156,236.7685,0.0,0,10,5,289000.0,0.0
-116.2,0.36,6.9,0.04,-484.8615,0.0,0,8,5,83000.0,0.0
-105.875,0.4406,-0.1,0.4525,300.7316,0.0909,0,10,5,289000.0,1.0
-128.4758,9.0408,-5.9793,8.1764,-610.1438,0.2103,0,10,5,289000.0,2.0
-121.8568,0.2384,-2.0604,0.3692,-411.0105,0.0,0,10,5,289000.0,2.0
-120.2679,0.3081,-1.4973,0.0955,235.5655,0.0,0,8,5,83000.0,2.0
-105.4,0.24,2.15,0.0275,293.811,0.0909,0,10,5,289000.0,1.0
-120.9923,0.0648,-3.1831,0.0292,-410.419,0.0,0,10,5,289000.0,2.0
-106.3516,0.0,6.1874,0.0,2755.1244,1.0,590,12,8,0.0,1.0
-112.4,0.24,9.65,0.0275,256.9011,0.0909,0,10,5,289000.0,0.0
-120.7979,0.0577,-2.4577,0.0387,-394.6968,0.0,0,10,5,289000.0,2.0
-112.8,0.16,9.45,0.0225,249.5611,0.0,0,10,5,289000.0,0.0
-104.7797,0.2965,12.3477,0.0365,413.6281,0.0,0,12,8,1450000.0,0.0
-105.4858,0.0,7.9884,0.0,2688.7465,1.0,882,12,8,0.0,1.0
-112.421,0.8033,-8.7224,0.633,-562.0969,0.0649,0,8,5,83000.0,2.0
-101.8,0.36,11.85,0.04,-490.7336,0.0,0,8,5,83000.0,0.0
-131.3876,1.7149,-9.5489,1.3496,-23.4599,0.0,0,12,8,1450000.0,2.0
-114.405,0.6754,9.873,0.8561,236.3743,0.0329,1,12,8,1450000.0,0.0
-132.139,0.413,-9.0321,0.293,18.1517,0.0,0,12,8,1450000.0,2.0
-100.725,0.3806,-3.625,0.6156,114.2424,0.0,0,12,8,1450000.0,1.0
-113.4,0.44,9.25,0.0375,141.1383,0.0,0,10,5,289000.0,0.0
-104.7,0.21,0.45,0.26,295.6984,0.0909,0,10,5,289000.0,1.0
-112.7,0.41,8.925,2.5631,210.9735,0.0,0,10,5,289000.0,0.0
-131.7205,0.5999,-8.7048,0.5506,-16.26,0.0,0,12,8,1450000.0,2.0
-105.4994,0.5615,10.5714,0.3077,332.2989,0.1818,0,12,8,1450000.0,0.0
-130.2623,6.3327,-6.2741,5.3656,350.8018,0.0,0,12,8,1450000.0,2.0
-116.5,0.25,6.175,0.0631,-614.0461,0.0,0,8,5,83000.0,0.0
-109.2,0.16,9.225,0.0431,258.7886,0.0,0,10,5,289000.0,0.0
-126.6656,45.0,-4.6737,28.6518,-524.7758,0.2944,0,8,5,83000.0,2.0
-111.7614,0.2191,6.0288,0.4643,317.4105,0.0668,1,12,8,1450000.0,0.0
-108.775,0.3306,0.25,0.5625,267.1772,0.0909,0,10,5,289000.0,1.0
-104.3252,0.0,3.948,0.0,2624.3361,1.0,1330,12,8,0.0,1.0
-116.5,0.25,6.525,0.0306,-476.473,0.0,0,8,5,83000.0,0.0
-132.1321,2.1409,-10.2685,1.6514,88.2303,0.0,0,12,8,1450000.0,2.0
-113.9195,1.3362,-9.8438,4.0001,287.4874,0.065,0,12,8,1450000.0,1.0
-108.3,0.41,10.05,0.035,-133.3789,0.0,0,10,5,289000.0,0.0
-104.6,0.2525,1.025,23.6306,290.2458,0.0909,0,10,5,289000.0,1.0
-101.175,0.9381,-7.875,0.0531,92.6941,0.0,0,12,8,1450000.0,1.0
-109.0,0.125,-4.0,0.125,-493.5298,0.88,0,8,5,83000.0,1.0
-128.6834,23.9504,-6.2416,14.0464,458.7201,0.1167,0,8,5,83000.0,2.0
-121.983,0.154,-1.356,0.1552,-613.3661,0.0,0,10,5,289000.0,2.0
-110.1,0.29,9.0,0.45,-227.7507,0.0,0,10,5,289000.0,0.0
-133.2861,2.0194,-10.4855,1.7021,325.2708,0.2,0,12,8,1450000.0,2.0
-109.4559,0.8048,9.4349,0.2375,408.209,0.1902,2,12,8,1450000.0,0.0
-108.4,0.2775,-2.4,0.0775,301.3607,0.0909,0,10,5,289000.0,1.0
-101.3,0.41,-11.1,0.04,92.3795,0.0,0,12,8,1450000.0,1.0
-128.2391,0.393,-3.9375,0.2447,-481.7223,0.0,0,10,5,289000.0,2.0
-103.025,0.7181,-0.725,0.0931,335.7541,0.0909,0,10,5,289000.0,1.0
-133.5609,44.8995,-11.1164,34.4792,372.2774,0.0,0,12,8,1450000.0,2.0
-119.513,1.5975,-4.6699,2.7402,152.3334,0.0491,0,12,8,1450000.0,1.0
-105.2286,0.3908,11.3288,0.3338,431.7539,0.0,0,12,8,1450000.0,0.0
-111.2,0.36,9.05,0.1225,-116.6016,0.0,0,8,5,83000.0,0.0
-115.7,0.785,-6.4,0.915,-525.1269,0.0,0,8,5,83000.0,1.0
-121.7088,1.3292,-0.0703,0.6739,139.4363,0.0,0,8,5,83000.0,2.0
-103.25,0.1875,0.1875,0.043,317.7185,0.3333,0,10,5,289000.0,1.0
-130.9,12.6261,-6.8447,6.1842,-427.6143,0.1741,0,8,5,83000.0,2.0
-104.0294,0.0,7.3488,0.0,2607.8344,1.0,1177,12,8,0.0,1.0
-116.7055,0.4535,8.8572,0.0544,367.0277,0.0475,2,12,8,1450000.0,0.0
-113.6165,2.4518,9.4368,0.8152,-518.6142,0.5939,89,8,5,83000.0,1.0
-105.7109,0.1114,10.8917,0.1264,295.301,0.0909,0,12,8,1450000.0,0.0
-104.4937,0.0,8.9499,0.0,2610.1074,1.0,427,12,8,0.0,1.0
-130.3926,0.3154,-7.6125,0.2431,76.832,0.0,0,12,8,1450000.0,2.0
-110.0299,0.3034,10.3156,0.2668,-411.3639,0.0,0,8,5,83000.0,2.0
-107.7776,2.9727,-11.7415,3.6909,88.9709,0.1591,1,12,8,1450000.0,1.0
-105.0,0.7917,-1.6667,0.0139,321.2138,0.9651,2,10,5,289000.0,1.0
-102.1111,3.1361,-13.2263,0.031,283.8047,0.0,0,12,8,1450000.0,1.0
-113.8333,0.0972,-8.1667,0.0972,-510.307,0.0,0,8,5,83000.0,1.0
-126.6441,3.4721,-3.7446,2.7948,-155.0175,0.0,0,8,5,83000.0,2.0
-114.3324,0.3887,8.0847,0.2098,444.8134,0.0201,0,12,8,1450000.0,0.0
-100.7,0.235,-3.65,20.515,92.1174,0.0,0,12,8,1450000.0,1.0
-103.975,1.2431,-1.175,0.0631,338.4803,0.0909,0,10,5,289000.0,1.0
-111.9035,1.1454,-4.5534,0.2777,-438.9804,0.0318,0,8,5,83000.0,2.0
-102.5,0.25,0.25,0.0,316.67,0.3333,1,10,5,289000.0,1.0
-112.6363,0.2423,6.2616,0.6319,2569.4314,0.497,1498,8,5,0.0,1.0
-122.9193,7.3188,0.4949,5.394,-475.5248,0.1292,0,10,5,289000.0,2.0
-131.8086,4.3568,-9.248,3.7274,559.4348,0.0,0,12,8,1450000.0,2.0
-109.3,1.21,9.325,0.0506,130.0234,0.0,0,10,5,289000.0,0.0
-107.3224,0.0,2.1457,0.0,2784.8825,1.0,30,12,8,0.0,1.0
-114.4,2.9525,-3.8,0.1225,-540.2264,0.0,0,8,5,83000.0,1.0
-109.3388,2.2769,5.4598,2.9248,314.2191,0.4297,0,12,8,1450000.0,1.0
-132.3772,0.2425,-9.6622,0.2207,235.8809,0.0,0,12,8,1450000.0,2.0
-115.675,0.5381,-6.775,0.1931,-525.9658,0.0,0,8,5,83000.0,1.0
-113.2,0.96,8.975,0.9056,171.3373,0.0,0,10,5,289000.0,0.0
-101.5,0.85,11.725,0.2181,-499.1221,0.0,0,8,5,83000.0,0.0
-128.0631,1.6467,-4.5904,1.0945,443.0413,0.0721,0,8,5,83000.0,2.0
-111.1,0.49,9.35,0.1525,-79.6918,0.0909,0,8,5,83000.0,0.0
-111.5,1.25,9.45,0.1225,251.0291,0.0,0,10,5,289000.0,0.0
-117.1912,0.15,-4.4202,0.1176,-553.8015,0.0,0,8,5,83000.0,2.0
-127.8181,2.3244,-4.0113,0.668,2662.1222,0.8609,5,8,5,0.0,1.0
-135.2649,0.2011,-12.6384,0.1932,-44.7289,0.0,0,12,8,1450000.0,2.0
-112.2,0.16,10.1,0.015,-3.1457,0.0,0,10,5,289000.0,0.0
-102.0,0.2,11.775,0.0306,-482.3449,0.0,0,8,5,83000.0,0.0
-101.4,0.24,11.5,0.35,-493.2502,0.0,0,8,5,83000.0,0.0
-130.7906,9.3565,-7.8193,8.8747,183.8246,0.0,0,12,8,1450000.0,2.0
-129.2282,2.941,-5.2522,2.2011,-457.5595,0.1727,0,10,5,289000.0,2.0
-103.5,2.0875,-1.4,0.3275,302.1996,0.0909,0,10,5,289000.0,1.0
-105.05,0.635,-5.05,0.185,288.3584,0.0909,0,10,5,289000.0,1.0
-133.1703,7.2495,-10.2472,6.678,125.1335,0.0,0,12,8,1450000.0,2.0
-127.9334,0.3987,-4.1445,0.3428,-407.6994,0.0,0,10,5,289000.0,2.0
-110.2,0.96,9.675,0.5631,222.0884,0.0,0,10,5,289000.0,0.0
-111.6226,1.4859,7.755,0.8698,2617.1772,0.7184,2360,8,5,0.0,1.0
-113.6,0.44,8.675,0.0131,88.7095,0.0,0,10,5,289000.0,0.0
-131.9722,2.9228,-8.8164,2.0194,395.2487,0.0,0,12,8,1450000.0,2.0
-113.1,0.29,9.425,0.0131,257.9497,0.0,0,10,5,289000.0,0.0
-101.1623,1.4997,4.4069,1.6104,146.145,0.0,0,12,8,1450000.0,1.0
-116.5,0.25,6.425,0.1131,-479.8284,0.0,0,8,5,83000.0,0.0
-101.5,0.25,1.175,0.6381,283.7447,0.0909,0,10,5,289000.0,1.0
-117.6046,0.0,6.7202,0.0,2192.444,1.0,661,8,5,0.0,1.0
-104.6942,0.0,7.6688,0.0,2657.9893,1.0,616,12,8,0.0,1.0
-110.0833,0.0972,-6.0833,0.0972,-532.6766,0.0,0,8,5,83000.0,1.0
-107.2,0.0,3.4,0.0,2842.6895,1.0,216,10,5,0.0,1.0
-102.8601,0.0,3.2165,0.0,2667.1542,1.0,184,12,8,0.0,1.0
-113.9,0.89,8.875,0.4031,126.2486,0.0,0,10,5,289000.0,0.0
-121.7103,0.3749,0.9711,0.3082,-86.181,0.0,0,10,5,289000.0,2.0
-108.8687,0.5529,5.1164,0.578,298.8298,0.1224,0,12,8,1450000.0,0.0
-128.6915,0.4986,-6.1564,0.2419,-426.9859,0.0,0,8,5,83000.0,2.0
-122.1392,0.3187,0.6939,0.314,-593.7433,0.0,0,10,5,289000.0,2.0
-130.3661,6.0362,-7.6234,4.9519,161.8219,0.0,0,12,8,1450000.0,2.0
-116.9509,1.201,3.8599,0.4678,-501.3795,0.8382,61,8,5,83000.0,1.0
-120.2679,0.3081,-1.4973,0.0955,235.5655,0.0,0,8,5,83000.0,2.0
-105.05,0.21,-0.025,0.0181,294.2304,0.0909,0,10,5,289000.0,1.0
-129.8784,0.1496,-7.9858,0.1231,125.8867,0.0,0,12,8,1450000.0,2.0
-130.8557,0.0764,-8.0629,0.0479,-58.6767,0.0,0,12,8,1450000.0,2.0
-104.0,0.0,0.25,0.0,317.7185,0.9286,0,10,5,289000.0,1.0
-119.4781,0.8452,-1.7674,0.5793,-83.1212,0.0,0,10,5,289000.0,2.0
-106.1875,0.0,-0.4375,0.0,2795.5039,1.0,7,10,5,0.0,1.0
-128.5348,1.3879,-3.6804,1.3402,-483.6383,0.0,0,10,5,289000.0,2.0
-113.25,0.1667,-1.25,0.1667,-538.269,0.0,0,8,5,83000.0,1.0
-106.0035,0.1285,12.6051,0.0877,346.577,0.0909,1,12,8,1450000.0,0.0
-107.8721,0.6056,-12.1632,0.5067,-465.823,0.0,0,8,5,83000.0,2.0
-120.5742,0.5378,-1.1613,0.609,-68.8458,0.0,0,10,5,289000.0,2.0
-127.117,0.5566,-5.4992,0.4137,-129.5938,0.0,0,8,5,83000.0,2.0
-111.4548,0.7964,10.0729,0.1408,166.4264,0.0432,0,12,8,1450000.0,0.0
-123.2185,0.338,0.8396,0.2901,29.1576,0.0,0,10,5,289000.0,2.0
-101.4,0.24,10.925,0.2256,-421.947,0.0,0,8,5,83000.0,0.0
-103.3,0.21,0.65,0.14,291.9236,0.0909,0,10,5,289000.0,1.0
-107.0,0.0,3.6875,0.0,2842.165,1.0,220,10,5,0.0,1.0
-112.8,0.36,9.4,0.015,246.2056,0.0,0,10,5,289000.0,0.0
-104.5755,0.8733,5.6989,2.0946,-160.1526,0.8071,9,12,8,1450000.0,1.0
-109.1667,0.0556,-5.1667,0.3889,-501.9184,0.0,0,8,5,83000.0,1.0
-130.9,2.0229,-7.8293,2.5491,149.7334,0.0,0,8,5,83000.0,2.0
-122.1938,0.888,-1.8658,0.701,-621.3425,0.0,0,10,5,289000.0,2.0
-114.8378,0.9982,-5.7992,2.172,-6.371,0.0791,0,12,8,1450000.0,1.0
-111.6,0.44,10.225,0.0306,258.9983,0.0909,0,10,5,289000.0,0.0
-105.4597,0.0,7.0463,0.0,2684.9532,1.0,67,12,8,0.0,1.0
-121.5718,0.6297,-1.7431,0.6469,-482.2227,0.0,0,10,5,289000.0,2.0
-129.1144,1.2284,-6.5212,0.8835,80.0781,0.0,0,12,8,1450000.0,2.0
-105.2,1.7975,-11.6,0.0775,40.6847,0.0,0,12,8,1450000.0,1.0
-103.9062,0.3136,12.6533,0.283,449.564,0.1818,0,12,8,1450000.0,0.0
-114.3,0.2725,-3.8,0.0225,-545.2595,0.0,0,8,5,83000.0,1.0
-116.3,0.41,6.6,0.115,-479.8284,0.0,0,8,5,83000.0,0.0
-121.4972,2.4169,-9.6883,2.3543,113.8677,0.0888,1,12,8,1450000.0,1.0
-100.075,1.4006,-3.575,0.0756,106.8499,0.0,0,12,8,1450000.0,1.0
-109.2543,0.5281,7.323,0.3035,164.8335,0.0715,0,12,8,1450000.0,0.0
-124.4906,1.7802,-2.013,1.3068,-547.4537,0.0202,0,8,5,83000.0,2.0
-127.1691,10.8425,-3.9623,8.3654,-120.6959,0.1528,0,8,5,83000.0,2.0
-113.1,0.29,9.475,0.0056,258.7886,0.0,0,10,5,289000.0,0.0
-110.125,0.0781,-6.625,0.0781,-524.288,0.0,0,8,5,83000.0,1.0
-113.3,0.21,9.45,0.035,258.1594,0.0909,0,10,5,289000.0,0.0
-130.1928,0.3272,-6.1857,0.1491,-470.236,0.0,0,8,5,83000.0,2.0
-113.7157,3.1041,-4.6189,3.8244,239.3884,0.0023,1,12,8,1450000.0,1.0
-101.1,0.29,10.325,0.2756,-437.8853,0.1667,0,8,5,83000.0,0.0
-103.0,0.0,0.0833,0.0139,317.7185,0.25,1,10,5,289000.0,1.0
-104.8,0.2225,-5.3,0.0725,319.8157,0.0909,0,10,5,289000.0,1.0
-104.2501,0.0,6.5414,0.0,2620.6889,1.0,1319,12,8,0.0,1.0
-108.7094,0.7963,3.8689,0.1864,294.385,0.5363,14,12,8,1450000.0,1.0
-122.6595,0.1594,1.9833,0.1791,-625.8633,0.0436,0,10,5,289000.0,2.0
-113.4,0.84,8.875,0.0906,-249.1417,0.0,0,8,5,83000.0,0.0
-102.5,0.3125,-9.6,0.0525,102.4983,0.0,0,12,8,1450000.0,1.0
-113.7,0.21,8.85,0.0275,100.4536,0.0,0,10,5,289000.0,0.0
-130.023,1.0313,-6.7758,0.9666,474.9496,0.1,0,12,8,1450000.0,2.0
-110.3258,0.6794,5.4328,0.0854,347.4042,0.0185,1,12,8,1450000.0,0.0
-132.7325,8.8258,-9.6698,7.2827,386.6445,0.0,0,12,8,1450000.0,2.0
-128.4915,10.7299,-5.7612,10.4238,462.5783,0.0975,0,8,5,83000.0,2.0
-111.7548,1.2251,8.5729,0.5077,365.8014,0.0738,0,12,8,1450000.0,0.0
-109.625,0.3281,-3.875,0.8281,-507.5108,0.0,0,8,5,83000.0,1.0
-117.9,0.29,4.925,0.3131,-150.1561,0.0,0,8,5,83000.0,0.0
-101.4,1.64,11.3,0.435,-481.506,0.0,0,8,5,83000.0,0.0
-109.4963,6.4694,-11.2221,3.1422,-549.0727,0.1264,0,8,5,83000.0,2.0
-130.8274,1.883,-8.5662,1.4618,-0.8306,0.0,0,12,8,1450000.0,2.0
-112.9,0.29,9.375,0.0156,246.8348,0.0,0,10,5,289000.0,0.0
-132.9072,0.4545,-9.8004,0.3373,305.2315,0.1667,0,12,8,1450000.0,2.0
-114.775,0.2806,-3.975,0.9806,-536.8709,0.0,0,8,5,83000.0,1.0
-104.4567,0.1982,10.8736,0.0224,375.2597,0.0,1,12,8,1450000.0,0.0
-102.525,0.6806,0.95,1.2975,282.9058,0.0909,0,10,5,289000.0,1.0
-120.2679,0.3081,1.4973,0.0955,235.5655,0.0,0,8,5,83000.0,2.0
-130.9451,1.0337,-8.4682,0.8793,358.7244,0.0,0,12,8,1450000.0,2.0
-111.2,0.36,9.75,0.0625,-110.7296,0.0,0,8,5,83000.0,0.0
-113.9858,1.1477,6.6284,0.1858,267.7721,0.1162,0,12,8,1450000.0,0.0
-110.7,0.81,9.275,1.1431,182.6619,0.0,0,10,5,289000.0,0.0
-110.3333,0.3889,-5.0,0.1667,-543.8614,0.0,0,8,5,83000.0,1.0
-108.0,0.6125,-1.3,0.3725,286.8904,0.0909,0,10,5,289000.0,1.0
-103.0,0.0,0.375,0.0156,315.6214,0.8667,1,10,5,289000.0,1.0
-116.8,0.16,5.85,0.0275,-123.3125,0.0,0,8,5,83000.0,0.0
-119.7981,0.9481,-0.3023,0.7621,-463.828,0.0,0,10,5,289000.0,2.0
-112.0,0.4,10.025,0.0056,-61.0271,0.0,0,10,5,289000.0,0.0
-121.9746,9.4345,0.9136,9.8533,-628.2292,0.3197,0,10,5,289000.0,2.0
-100.875,0.3656,-2.175,0.3506,55.2075,0.0,0,12,8,1450000.0,1.0
-131.9228,5.0232,-9.004,3.7326,627.9473,0.1,0,12,8,1450000.0,2.0
-124.2328,0.3,-0.4401,0.2258,462.0007,0.0454,0,8,5,83000.0,2.0
-113.5,0.25,9.025,0.0806,253.9651,0.0,0,10,5,289000.0,0.0
-117.2581,0.0,7.121,0.0,2633.6174,1.0,3115,8,5,0.0,1.0
-135.6694,0.8634,-11.5257,0.8419,45.6763,0.0,0,12,8,1450000.0,2.0
-111.0,0.0,-6.3333,0.2222,-521.4918,0.0,0,8,5,83000.0,1.0
-100.9452,1.7173,-13.7727,2.622,82.1004,0.0,0,12,8,1450000.0,1.0
-124.0264,1.5872,-1.2167,0.9949,-405.9419,0.0,0,10,5,289000.0,2.0
-124.4306,0.0542,-2.6077,0.0505,228.4641,0.0,0,8,5,83000.0,2.0
-114.6,0.44,7.575,0.0881,253.7554,0.0,0,10,5,289000.0,0.0
-133.4221,1.4389,-10.1135,0.8896,226.9636,0.0,0,12,8,1450000.0,2.0
-122.0482,0.7179,-2.3917,0.595,-431.255,0.0,0,10,5,289000.0,2.0
-102.2,0.36,11.825,0.1131,-490.7336,0.0,0,8,5,83000.0,0.0
-112.8,0.16,9.45,0.0225,250.6096,0.0,0,10,5,289000.0,0.0
-105.475,0.1056,-4.775,0.0806,303.2482,0.0909,0,10,5,289000.0,1.0
-100.35,0.815,-1.65,0.015,108.0558,0.0,0,12,8,1450000.0,1.0
-113.3333,0.0556,-1.3333,0.0556,-543.8614,0.0,0,8,5,83000.0,1.0
-123.0865,2.2384,0.2698,3.0058,-426.4766,0.0,0,10,5,289000.0,2.0
-113.3,0.21,9.325,0.0256,257.74,0.0909,0,10,5,289000.0,0.0
-100.458,0.3622,-4.2907,1.0332,320.6237,0.0,0,12,8,1450000.0,1.0
-117.5,0.25,5.225,0.0556,-492.4113,0.0,0,8,5,83000.0,0.0
-109.0625,0.5742,-3.5625,0.1367,-534.7738,0.0,0,8,5,83000.0,1.0
-103.2,0.535,-0.25,0.0875,284.1641,0.0909,0,10,5,289000.0,1.0
-105.9,0.29,8.75,3.7,295.279,0.0909,0,10,5,289000.0,1.0
-105.7088,0.3249,12.1632,0.2745,454.8432,0.0909,0,12,8,1450000.0,0.0
-132.4817,1.4556,-8.957,0.8669,247.4445,0.0,0,12,8,1450000.0,2.0
-104.9483,0.5594,13.4828,0.3007,187.5581,0.0,0,12,8,1450000.0,0.0
-122.6955,0.6665,0.4698,0.7372,-77.1584,0.0,0,10,5,289000.0,2.0
-105.7281,0.4996,10.9398,0.122,300.3421,0.0,1,12,8,1450000.0,0.0
-111.75,2.1667,-5.75,0.1667,-524.288,0.0,0,8,5,83000.0,1.0
-111.3,0.41,9.45,0.985,257.1108,0.0909,0,10,5,289000.0,0.0
-102.6756,0.0,6.5935,0.0,2719.4876,1.0,748,12,8,0.0,1.0
-129.7352,2.0658,-6.3308,1.7331,214.0835,0.0,0,12,8,1450000.0,2.0
-127.4168,16.3557,-5.3688,8.0885,204.6651,0.1175,0,8,5,83000.0,2.0
-131.4094,1.1664,-9.3104,1.0013,37.9785,0.0,0,12,8,1450000.0,2.0
-127.8355,2.4488,-4.5513,2.5753,-609.273,0.0,0,10,5,289000.0,2.0
-105.0,0.175,-3.2,0.035,300.9413,0.0909,0,10,5,289000.0,1.0
-122.2725,0.6811,-2.703,0.6281,10.0867,0.0,0,10,5,289000.0,2.0
-117.3565,0.7796,6.1417,0.3205,398.7926,0.0617,0,12,8,1450000.0,0.0
-109.625,0.6406,-4.375,2.3906,-517.9966,0.0,0,8,5,83000.0,1.0
-121.8775,4.1045,0.5816,2.3486,13.8586,0.0526,0,10,5,289000.0,2.0
-103.5,0.0,-0.5,0.0,315.6214,0.8333,0,10,5,289000.0,1.0
-111.592,0.2053,9.6463,0.0861,366.4513,0.0072,1,12,8,1450000.0,0.0
-135.6448,4.4795,-13.7779,3.4316,63.9314,0.0,0,12,8,1450000.0,2.0
-109.6667,0.0556,-4.3333,0.0556,-524.288,0.0,0,8,5,83000.0,1.0
-128.1776,0.191,-4.2526,0.1361,-92.409,0.0,0,10,5,289000.0,2.0
-102.825,0.2631,-0.725,0.0181,336.5929,0.0909,0,10,5,289000.0,1.0
-104.7923,0.5219,12.2004,0.0481,363.9005,0.0,0,12,8,1450000.0,0.0
-120.514,0.2922,-2.175,0.1964,-615.9859,0.0,0,10,5,289000.0,2.0
-105.2821,0.4267,12.6785,0.1625,284.1118,0.0,0,12,8,1450000.0,0.0
-130.6511,0.8927,-6.8345,0.7142,432.7261,0.0,0,12,8,1450000.0,2.0
-102.0834,0.0,5.2789,0.0,2697.2301,1.0,360,12,8,0.0,1.0
-128.572,0.0709,-6.7305,0.0301,-458.3655,0.0,0,8,5,83000.0,2.0
-124.929,1.0368,-2.7722,0.7098,-525.9962,0.0,0,8,5,83000.0,2.0
-114.1,0.29,8.7,0.06,-499.1221,0.0,0,8,5,83000.0,0.0
-126.3168,0.2035,-2.4847,0.1552,-602.6961,0.0,0,10,5,289000.0,2.0
-108.8333,0.3889,-3.5,0.1667,-515.8994,0.0,0,8,5,83000.0,1.0
-114.8245,0.9385,10.8617,0.7836,169.9526,0.1224,0,12,8,1450000.0,0.0
-130.2439,9.7259,-7.4512,8.2974,442.0027,0.0,0,12,8,1450000.0,2.0
-105.9955,0.1606,11.944,0.0315,433.3967,0.0,0,12,8,1450000.0,0.0
-113.3,0.41,8.95,0.11,258.7885,0.0,0,10,5,289000.0,0.0
-127.5335,2.6322,-4.3625,1.8977,-477.8596,0.0,0,10,5,289000.0,2.0
-118.2,0.16,4.65,0.065,-515.8994,0.0,0,8,5,83000.0,0.0
-127.1455,0.0353,-4.3396,0.0169,463.259,0.0,0,8,5,83000.0,2.0
-125.4989,0.3687,-2.9938,0.2064,236.3599,0.0,0,8,5,83000.0,2.0
-131.1879,36.0143,-8.8525,31.0148,431.0911,0.0,0,12,8,1450000.0,2.0
-133.5239,2.1742,-10.4823,1.8612,227.105,0.0,0,12,8,1450000.0,2.0
-108.5833,0.0139,-3.5833,0.0139,-515.8994,0.0,0,8,5,83000.0,1.0
-115.8528,0.6438,-0.9974,3.4987,39.355,0.1035,0,12,8,1450000.0,1.0
-114.3,0.21,8.7,0.035,-498.2833,0.0,0,8,5,83000.0,0.0
-113.7764,0.246,9.4367,0.5935,2535.721,0.8324,514,8,5,0.0,1.0
-125.5036,3.3126,-1.5081,2.3948,-474.5114,0.1563,0,10,5,289000.0,2.0
-114.4,0.44,8.4,0.04,106.9547,0.0,0,10,5,289000.0,0.0
-105.4294,0.0,4.4046,0.0,2663.8823,1.0,1402,12,8,0.0,1.0
-114.5,0.6375,-4.2,0.6975,-529.3212,0.0,0,8,5,83000.0,1.0
-135.5827,5.2401,-12.3601,3.5873,639.4296,0.1,0,12,8,1450000.0,2.0
-103.7712,0.264,11.2965,0.0358,363.487,0.0,0,12,8,1450000.0,0.0
-107.1048,1.6956,-2.964,2.2939,102.0967,0.1594,1,12,8,1450000.0,1.0
-120.2679,0.3081,-1.4973,0.0955,235.5655,0.0,0,8,5,83000.0,2.0
-107.6667,0.8889,4.25,9.0417,309.3299,0.9516,58,10,5,289000.0,1.0
-112.4,0.24,9.525,0.0431,254.804,0.0,0,10,5,289000.0,0.0
-106.5,0.0,-0.5,0.0,2805.3606,1.0,10,10,5,0.0,1.0
-122.3318,0.8553,-1.5473,0.5558,-623.9646,0.0,0,10,5,289000.0,2.0
-111.9,0.09,10.275,0.0181,111.7782,0.0,0,10,5,289000.0,0.0
-110.8438,0.0,9.6875,0.0,2354.5771,1.0,1184,8,5,0.0,1.0
-132.6203,0.8432,-9.2808,0.6969,-2.886,0.0,0,12,8,1450000.0,2.0
-113.1,0.29,9.4,0.015,246.8348,0.0,0,10,5,289000.0,0.0
-105.7563,0.459,11.89,0.2126,251.0549,0.0,0,12,8,1450000.0,0.0
-113.7,0.21,8.7,0.0225,91.2261,0.0,0,10,5,289000.0,0.0
-127.7235,3.3725,-4.5711,2.1142,-130.8592,0.0252,0,8,5,83000.0,2.0
-132.7692,1.0201,-11.0928,0.8173,22.444,0.0,0,12,8,1450000.0,2.0
-114.8,0.36,8.05,0.0225,-500.7999,0.0,0,8,5,83000.0,0.0
-111.5721,0.7188,8.5764,0.8512,172.8146,0.119,0,12,8,1450000.0,0.0
-109.25,0.0937,-4.0,0.0312,-513.8022,0.0,0,8,5,83000.0,1.0
-114.9983,0.328,6.3098,0.3993,255.7878,0.1373,0,12,8,1450000.0,0.0
-99.8549,0.1079,-3.2346,2.25,17.544,0.0,0,12,8,1450000.0,1.0
-127.1481,8.8651,-5.009,4.2542,158.526,0.0931,0,8,5,83000.0,2.0
-116.425,2.2631,-9.325,0.7881,-539.3875,0.0,0,8,5,83000.0,1.0
-104.45,0.5225,-4.45,0.4225,314.7825,0.0909,0,10,5,289000.0,1.0
-110.1,0.09,8.65,0.04,150.5755,0.0,0,10,5,289000.0,0.0
-111.6,0.24,9.025,0.1181,-113.2462,0.0,0,8,5,83000.0,0.0
-110.25,1.7917,-4.5833,0.3472,-521.4919,0.0,0,8,5,83000.0,1.0
-114.2,0.16,8.725,0.0056,-158.5447,0.0,0,8,5,83000.0,0.0
-113.5,0.45,9.425,0.0131,258.1594,0.0,0,10,5,289000.0,0.0
-110.8948,0.1053,-9.1621,0.079,-447.6926,0.0202,0,8,5,83000.0,2.0
-108.45,0.535,-2.45,0.385,297.3762,0.0909,0,10,5,289000.0,1.0
-117.1,0.09,5.4,0.0525,-618.2404,0.0,0,8,5,83000.0,0.0
-112.2,0.16,9.975,0.0306,257.3206,0.0,0,10,5,289000.0,0.0
-115.1862,0.7655,6.8799,0.0524,211.2023,0.0912,1,12,8,1450000.0,0.0
-100.0012,0.7166,-12.0831,2.9774,306.4843,0.0,0,12,8,1450000.0,1.0
-124.4515,2.4585,-2.5904,1.1984,-462.3774,0.0,0,8,5,83000.0,2.0
-128.1926,0.9421,-4.254,0.9157,140.2784,0.0514,0,8,5,83000.0,2.0
-104.375,0.3906,-0.875,0.0156,363.8559,0.6667,0,10,5,289000.0,1.0
-109.6,1.64,10.125,0.2406,-122.6834,0.0,0,10,5,289000.0,0.0
-121.1483,2.3676,-3.6792,1.4738,2488.229,0.9917,980,8,5,0.0,1.0
-112.7,0.21,9.425,0.0256,248.7222,0.0,0,10,5,289000.0,0.0
-116.8333,0.5139,-6.8333,0.6806,-543.8614,0.0,0,8,5,83000.0,1.0
-128.2711,2.1263,-4.0935,2.017,15.0852,0.0,0,10,5,289000.0,2.0
-103.3,0.21,1.45,1.2475,324.01,0.0909,0,10,5,289000.0,1.0
-110.6,0.44,8.875,0.3156,162.739,0.0,0,10,5,289000.0,0.0
-127.012,8.8113,-3.6832,6.2432,-460.3699,0.1282,0,8,5,83000.0,2.0
-128.3865,2.3135,-5.5326,0.8429,253.1515,0.0,0,8,5,83000.0,2.0
-109.099,0.2095,6.0748,0.3204,414.4416,0.0462,0,12,8,1450000.0,0.0
-112.6,0.84,9.325,0.2381,-201.3266,0.0,0,8,5,83000.0,0.0
-109.8333,1.5139,-4.5,0.2917,-510.307,0.0,0,8,5,83000.0,1.0
-132.5799,0.0941,-9.2094,0.0957,96.9356,0.0,0,12,8,1450000.0,2.0
-127.8788,2.8155,-7.0547,2.7998,-566.9976,0.8964,300,8,5,0.0,1.0
-129.3431,6.5482,-6.6802,3.6565,226.4194,0.1067,0,8,5,83000.0,2.0
-105.8692,0.5532,12.2735,0.0958,426.671,0.0,0,12,8,1450000.0,0.0
-104.709,0.0,3.2584,0.0,2753.4346,1.0,800,12,8,0.0,1.0
-106.6094,0.0,3.2031,0.0,2796.2903,1.0,369,10,5,0.0,1.0
-131.8791,1.994,-8.7637,1.6232,-26.0881,0.0,0,12,8,1450000.0,2.0
-102.125,0.2781,-4.2,13.46,98.1467,0.0,0,12,8,1450000.0,1.0
-109.5,0.1667,-4.8333,0.0556,-515.8994,0.0,0,8,5,83000.0,1.0
-105.3,0.41,2.325,1.3131,299.2636,0.0909,0,10,5,289000.0,1.0
-115.8125,0.1992,-6.5625,0.293,-543.1624,0.0,0,8,5,83000.0,1.0
-103.5401,0.6373,13.4376,0.1926,441.1967,0.0,0,12,8,1450000.0,0.0
-122.4917,0.3595,0.1972,0.2618,-606.9672,0.0,0,10,5,289000.0,2.0
-116.1,0.29,6.3,0.0975,-119.1182,0.0,0,8,5,83000.0,0.0
-111.7443,0.0,2.2829,0.0,2225.6473,1.0,27,12,8,0.0,1.0
-106.0,0.0,3.25,0.0,2857.894,1.0,94,10,5,0.0,1.0
-105.224,0.9749,4.9805,2.5613,-219.5277,0.5853,2,12,8,1450000.0,1.0
-104.1445,0.1202,12.2943,0.1546,386.3091,0.0,1,12,8,1450000.0,0.0
-110.032,0.848,-3.0541,3.9634,345.066,0.0649,2,12,8,1450000.0,1.0
-112.8,0.56,9.525,0.0306,248.5125,0.0,0,10,5,289000.0,0.0
-123.4124,11.5872,-1.0605,13.9583,231.3741,0.2003,0,8,5,83000.0,2.0
-110.8125,0.0,9.9453,0.0,2339.6353,1.0,1120,8,5,0.0,1.0
-111.3,0.21,8.9,0.1275,-88.0804,0.0,0,8,5,83000.0,0.0
-100.375,1.0656,-3.375,0.0156,103.5469,0.0,0,12,8,1450000.0,1.0
-119.0131,0.2797,-2.275,0.2431,-78.4065,0.0,0,10,5,289000.0,2.0
-116.6,0.44,6.25,0.1,-477.3118,0.0,0,8,5,83000.0,0.0
-124.5119,0.2291,-2.0407,0.2014,-617.984,0.0,0,10,5,289000.0,2.0
-104.4422,0.6492,11.3992,0.2932,183.9755,0.0,0,12,8,1450000.0,0.0
-113.4,0.44,8.9,0.0275,-229.8479,0.0,0,8,5,83000.0,0.0
-112.8,0.76,9.3,0.31,99.1953,0.0,0,10,5,289000.0,0.0
-101.5,0.25,11.125,1.7031,-472.2787,0.0,0,8,5,83000.0,0.0
-92.1975,0.0,8.2488,0.0,3844.5973,1.0,25,12,8,0.0,1.0
-108.7,0.61,9.475,0.0431,218.5232,0.0,0,10,5,289000.0,0.0
-128.2127,0.2413,-5.2273,0.1326,451.7809,0.0542,0,8,5,83000.0,2.0
-134.498,1.3515,-12.7701,1.0957,-32.6428,0.0,0,12,8,1450000.0,2.0
-107.425,0.5506,-1.725,0.3556,299.4733,0.0909,0,10,5,289000.0,1.0
-128.8772,2.2357,-6.6262,1.1776,449.3158,0.0,0,8,5,83000.0,2.0
-111.25,0.2812,-6.75,0.0312,-511.7051,0.0,0,8,5,83000.0,1.0
-131.0721,0.4223,-7.2922,0.3053,311.7004,0.09,0,12,8,1450000.0,2.0
-117.8,0.16,4.975,0.0181,-123.3125,0.0,0,8,5,83000.0,0.0
-103.1,0.89,11.7,0.035,-493.2501,0.0,0,8,5,83000.0,0.0
-106.5,0.0,4.25,0.0,2834.301,1.0,269,10,5,0.0,1.0
-103.2166,0.5433,12.3416,0.0359,273.6554,0.1,0,12,8,1450000.0,0.0
-102.675,0.2006,1.075,0.7006,285.6321,0.0909,0,10,5,289000.0,1.0
-99.55,1.185,-3.25,0.025,106.2732,0.0,0,12,8,1450000.0,1.0
-111.2,0.16,8.85,0.09,-87.2415,0.0909,0,8,5,83000.0,0.0
-109.375,0.3531,-1.675,0.0381,298.4247,0.0909,0,10,5,289000.0,1.0
-104.5071,0.0984,10.804,0.1896,210.8666,0.0,0,12,8,1450000.0,0.0
-100.7177,0.4431,-13.2157,45.2491,255.045,0.0,0,12,8,1450000.0,1.0
-123.4525,1.8057,0.1838,1.2504,-590.0685,0.0,0,10,5,289000.0,2.0
-111.4,0.64,9.5,0.5125,259.8371,0.0909,0,10,5,289000.0,0.0
-130.3533,0.0875,-7.6507,0.0839,308.7993,0.0,0,12,8,1450000.0,2.0
-116.3316,0.713,5.875,0.4654,376.0459,0.0946,1,12,8,1450000.0,0.0
-103.45,0.46,0.225,0.2431,296.747,0.0909,0,10,5,289000.0,1.0
-113.2,0.36,9.375,0.0156,255.8525,0.0,0,10,5,289000.0,0.0
-109.939,1.1261,-7.6857,1.1907,20.9032,0.0416,2,12,8,1450000.0,1.0
-103.5,0.25,0.375,0.0156,324.01,0.8462,0,10,5,289000.0,1.0
-131.7787,1.8475,-7.8757,0.9008,-622.5441,0.0,0,10,5,289000.0,2.0
-116.2,0.76,6.725,0.1556,-474.7952,0.0,0,8,5,83000.0,0.0
-109.5,0.2917,-4.8333,0.1806,-510.307,0.0,0,8,5,83000.0,1.0
-110.8,0.36,9.15,0.8525,67.738,0.0,0,10,5,289000.0,0.0
-116.4,0.24,6.625,0.0281,-480.6672,0.0,0,8,5,83000.0,0.0
-105.4,0.24,2.525,0.2056,293.6013,0.0909,0,10,5,289000.0,1.0
-133.4317,0.3504,-10.3135,0.2409,445.4799,0.0,0,12,8,1450000.0,2.0
-101.35,0.715,-10.45,0.485,95.2631,0.0,0,12,8,1450000.0,1.0
-112.875,0.4656,-3.475,0.3056,-541.0652,0.0,0,8,5,83000.0,1.0
-104.225,0.2181,-3.025,0.0181,291.9236,0.0909,0,10,5,289000.0,1.0
-111.3,0.61,9.125,0.3656,256.9011,0.0909,0,10,5,289000.0,0.0
-102.9457,0.0,3.9361,0.0,2618.4966,1.0,241,12,8,0.0,1.0
-128.4724,0.5417,-4.8316,0.4013,-456.9063,0.0,0,8,5,83000.0,2.0
-109.3,0.41,8.9,0.4275,257.1108,0.0,0,10,5,289000.0,0.0
-132.6039,5.6276,-9.364,4.9024,100.8049,0.0,0,12,8,1450000.0,2.0
-103.1098,1.1972,9.7823,0.3873,443.5953,0.0022,0,12,8,1450000.0,0.0
-108.725,0.5181,-1.325,0.2881,297.3762,0.0909,0,10,5,289000.0,1.0
-115.1147,0.5824,8.7092,0.2999,360.971,0.1759,1,12,8,1450000.0,0.0
-121.7695,0.1409,-1.6771,0.0932,-600.161,0.0,0,10,5,289000.0,2.0
-130.3483,0.5752,-7.752,0.4479,202.4673,0.0,0,12,8,1450000.0,2.0
-115.05,0.36,-6.55,0.11,-523.4492,0.0,0,8,5,83000.0,1.0
-120.6257,0.0982,-3.968,0.0658,-402.7581,0.0,0,10,5,289000.0,2.0
-106.5526,1.2256,0.652,1.4903,427.0587,0.2433,11,12,8,1450000.0,1.0
-126.9549,1.2543,-4.5627,1.6735,-539.7675,0.0,0,8,5,83000.0,2.0
-104.2,0.6725,-11.4,0.1525,34.3409,0.0,0,12,8,1450000.0,1.0
-134.1475,4.9921,-9.9257,4.5856,524.6019,0.0,0,12,8,1450000.0,2.0
-108.2402,1.0901,-10.8361,0.0556,-64.6712,0.0649,2,12,8,1450000.0,1.0
-124.9073,1.8901,-2.9107,1.2523,-425.3755,0.0,0,8,5,83000.0,2.0
-112.3333,0.0972,-7.0,0.375,-507.5108,0.0,0,8,5,83000.0,1.0
-113.1,0.49,9.475,0.0181,254.3846,0.0,0,10,5,289000.0,0.0
-108.725,0.0306,-1.725,0.0306,297.1664,0.0909,0,10,5,289000.0,1.0
-102.225,0.4556,-9.425,0.0256,100.7157,0.0,0,12,8,1450000.0,1.0
-999.0,0.0,-999.0,0.0,0.0,1.0,0,8,5,0.0,2.0
-120.8742,0.2511,-2.2767,0.2036,6.0776,0.0,0,10,5,289000.0,2.0
-109.4167,0.5972,-4.75,0.375,-501.9184,0.0,0,8,5,83000.0,1.0
-122.1597,0.2687,-1.9051,0.1917,-77.7735,0.0,0,10,5,289000.0,2.0
-110.5,0.25,10.1,0.04,-74.6586,0.0909,0,8,5,83000.0,0.0
-114.5,0.25,8.375,0.0406,-524.288,0.0,0,8,5,83000.0,0.0
-114.9489,1.7308,-5.524,0.9629,-113.2931,0.0,0,8,5,83000.0,2.0
-113.5,0.45,8.9,0.0275,176.7899,0.0,0,10,5,289000.0,0.0
-110.25,1.625,-4.75,0.125,-522.1909,0.0,0,8,5,83000.0,1.0
-116.8125,0.0,6.9141,0.0,2577.6624,1.0,2577,8,5,0.0,1.0
-131.0767,0.2494,-7.9486,0.1882,15.7218,0.0,0,12,8,1450000.0,2.0
-110.8,0.76,9.175,0.7131,153.0921,0.0,0,10,5,289000.0,0.0
-101.6,0.24,11.925,0.0881,-490.7336,0.0,0,8,5,83000.0,0.0
-105.6473,0.2042,13.2356,0.0156,292.6258,0.0,0,12,8,1450000.0,0.0
-127.094,0.6515,-3.6104,0.5199,-602.5892,0.0,0,10,5,289000.0,2.0
-130.9144,9.7604,-7.6374,6.0893,577.4104,0.0,0,12,8,1450000.0,2.0
-101.35,1.4025,-3.875,11.8781,56.6231,0.0,0,12,8,1450000.0,1.0
-110.75,0.0,9.9554,0.0,2424.9067,1.0,1500,8,5,0.0,1.0
-112.375,0.3281,-7.875,0.0781,-513.8022,0.0,0,8,5,83000.0,1.0
-126.3586,9.4052,-3.4915,2.7012,-452.0248,0.1142,0,8,5,83000.0,2.0
-111.7,0.21,9.175,0.1381,-112.4073,0.0,0,8,5,83000.0,0.0
-107.6193,0.871,13.2051,0.5132,288.0819,0.0045,0,12,8,1450000.0,0.0
-131.5717,16.2667,-8.3656,13.8842,296.3102,0.1,0,12,8,1450000.0,2.0
-102.2651,0.6426,3.356,1.9912,254.231,0.545,0,12,8,1450000.0,1.0
-100.7,1.585,-1.3,0.235,105.2246,0.0,0,12,8,1450000.0,1.0
-130.6429,21.7938,-7.3746,16.5743,-473.278,0.434,0,10,5,289000.0,2.0
-105.125,0.2656,-4.625,0.0406,311.6367,0.0909,0,10,5,289000.0,1.0
-99.8791,1.8776,-4.7223,1.0252,25.1681,0.0625,0,12,8,1450000.0,1.0
-112.2,0.36,9.925,0.0131,31.2476,0.0,0,10,5,289000.0,0.0
-108.325,0.1506,-1.425,0.0256,299.4733,0.0909,0,10,5,289000.0,1.0
-116.5,0.0,7.3125,0.0,2637.6936,1.0,3147,8,5,0.0,1.0
-122.3967,0.5088,-1.7177,0.5707,-604.5541,0.0,0,10,5,289000.0,2.0
-116.1563,0.0,7.6328,0.0,2628.5176,1.0,3052,8,5,0.0,1.0
-103.236,0.5758,11.5867,0.0531,224.9185,0.0,0,12,8,1450000.0,0.0
-105.9125,0.3612,13.0752,0.151,328.358,0.0909,0,12,8,1450000.0,0.0
-112.8,0.36,9.725,0.0181,255.8525,0.0,0,10,5,289000.0,0.0
-123.0584,1.3529,0.6429,0.8515,-597.1959,0.0,0,10,5,289000.0,2.0
-112.2,0.76,9.925,0.5381,242.4308,0.0,0,10,5,289000.0,0.0
-101.6,1.49,-4.6,0.24,-100.5584,0.0,0,12,8,1450000.0,1.0
-104.3643,0.0,5.5991,0.0,2740.2991,1.0,1263,12,8,0.0,1.0
-123.8465,9.7993,-2.5836,7.1875,-534.1691,0.0266,0,8,5,83000.0,2.0
-122.2458,0.5262,-2.8862,0.2854,43.7825,0.0,0,10,5,289000.0,2.0
-109.75,0.5,-3.75,0.1667,-524.288,0.0,0,8,5,83000.0,1.0
-110.6,0.44,10.15,0.3025,-109.8908,0.0,0,8,5,83000.0,0.0
-126.1971,0.3492,-4.314,0.1975,-444.807,0.0,0,8,5,83000.0,2.0
-109.1,0.1775,-4.1,0.3775,284.1641,0.0909,0,10,5,289000.0,1.0
-113.4,0.24,8.675,0.0381,94.3718,0.0,0,10,5,289000.0,0.0
-109.8,0.16,8.475,0.1306,195.0351,0.0,0,10,5,289000.0,0.0
-112.3,0.41,9.8,0.0225,254.804,0.0,0,10,5,289000.0,0.0
-113.7,0.41,8.975,0.0556,74.8683,0.0,0,10,5,289000.0,0.0
-114.9489,1.7308,-5.524,0.9629,-113.2931,0.0,0,8,5,83000.0,2.0
-112.5176,1.099,9.2719,0.5084,195.9936,0.1312,1,12,8,1450000.0,0.0
-133.2448,36.294,-10.7572,23.4171,511.8068,0.3,0,12,8,1450000.0,2.0
-113.5,0.45,8.8,0.485,242.8502,0.0,0,10,5,289000.0,0.0
-102.35,0.9525,-8.45,0.0725,115.3434,0.0,0,12,8,1450000.0,1.0
-110.3756,0.3319,6.5654,0.0983,342.9718,0.0155,2,12,8,1450000.0,0.0
-130.5237,7.7749,-8.1114,6.238,554.9512,0.0,0,12,8,1450000.0,2.0
-130.1471,1.4078,-7.0011,1.1561,78.3028,0.0,0,12,8,1450000.0,2.0
-109.125,0.2969,-3.875,0.4219,-507.5108,0.0,0,8,5,83000.0,1.0
-111.0323,0.0,9.8548,0.0,2199.3027,1.0,645,8,5,0.0,1.0
-112.3,0.41,9.85,0.015,256.9011,0.0,0,10,5,289000.0,0.0
-105.1118,0.0,7.6807,0.0,2646.9316,1.0,502,12,8,0.0,1.0
-105.8,0.735,-5.2,0.135,312.0562,0.0909,0,10,5,289000.0,1.0
-100.825,2.3381,-11.225,0.2181,115.7104,0.0,0,12,8,1450000.0,1.0
-128.2752,2.9739,-6.9479,1.9362,453.6742,0.0,0,8,5,83000.0,2.0
-104.125,1.1781,-11.625,0.1031,10.2236,0.0,0,12,8,1450000.0,1.0
-131.9994,0.9613,-8.714,0.8658,-10.9616,0.0,0,12,8,1450000.0,2.0
-103.5896,0.0,7.8041,0.0,2767.6515,1.0,222,12,8,0.0,1.0
-115.1875,0.043,-3.1875,0.043,-534.7737,0.75,0,8,5,83000.0,1.0
-128.3865,2.3135,-5.5326,0.8429,253.1515,0.0,0,8,5,83000.0,2.0
-134.4462,0.3469,-11.4513,0.2707,500.2017,0.0,0,12,8,1450000.0,2.0
-123.5706,45.0,-1.789,49.0825,-451.4405,0.2272,0,8,5,83000.0,2.0
-123.4517,0.14,-0.3805,0.0934,-73.0268,0.0,0,10,5,289000.0,2.0
-105.2512,0.6437,13.2868,0.0266,212.0164,0.0,0,12,8,1450000.0,0.0
-134.963,1.8552,-11.48,1.3442,588.9113,0.1,0,12,8,1450000.0,2.0
-111.9,0.49,10.075,0.0131,-39.6362,0.0,0,10,5,289000.0,0.0
-99.84,1.7891,-1.4454,2.9212,-18.0913,0.0,0,12,8,1450000.0,1.0
-115.0,0.875,-2.0,0.0417,-538.269,0.0,0,8,5,83000.0,1.0
-105.9508,0.2809,12.1708,0.2692,388.2192,0.0,0,12,8,1450000.0,0.0
-127.5648,1.0836,-4.5934,1.1679,-452.1898,0.0,0,8,5,83000.0,2.0
-114.1,0.29,8.9,0.0275,-171.9665,0.0,0,8,5,83000.0,0.0
-109.7482,0.7995,9.0134,0.4243,178.9628,0.1489,1,12,8,1450000.0,0.0
-123.3938,2.2513,-0.9581,1.6401,-128.8624,0.0,0,8,5,83000.0,2.0
-132.2887,0.3682,-9.213,0.2942,42.3318,0.0,0,12,8,1450000.0,2.0
-100.675,0.5256,-1.875,0.0156,85.3541,0.0,0,12,8,1450000.0,1.0
-106.0833,0.0,-0.0833,0.0,2796.552,1.0,5,10,5,0.0,1.0
-129.0975,9.3148,-5.1946,6.3064,-461.0566,0.2232,0,10,5,289000.0,2.0
-105.0,0.7,-4.6,0.04,313.5242,0.0909,0,10,5,289000.0,1.0
-122.6464,0.5153,-0.1233,0.4531,-413.7924,0.0,0,10,5,289000.0,2.0
-127.782,0.0697,-5.1768,0.041,-548.1321,0.0,0,8,5,83000.0,2.0
-117.3845,0.0,10.2093,0.0,2640.1766,1.0,1697,8,5,0.0,1.0
-105.932,0.2218,10.8793,0.236,407.1887,0.0,0,12,8,1450000.0,0.0
-100.65,0.665,-1.95,0.135,109.5238,0.0,0,12,8,1450000.0,1.0
-112.75,0.3125,-7.25,0.0625,-522.1909,0.0,0,8,5,83000.0,1.0
-114.8,0.3975,-3.7,0.2975,-541.0652,0.0,0,8,5,83000.0,1.0
-113.3333,0.2639,0.1667,0.9306,-543.8614,0.0,0,8,5,83000.0,1.0
-121.8065,1.9175,0.0577,1.5332,-443.6183,0.0,0,8,5,83000.0,2.0
-109.2,0.36,10.95,0.0225,-121.6348,0.0,0,8,5,83000.0,0.0
-116.675,1.6506,-5.025,7.8306,-538.5487,0.0,0,8,5,83000.0,1.0
-116.175,0.3881,-8.975,0.3681,-541.0652,0.0,0,8,5,83000.0,1.0
-130.1303,0.1354,-7.0836,0.1129,237.3837,0.0,0,12,8,1450000.0,2.0
-134.4976,1.6998,-12.0548,1.4332,85.7215,0.0,0,12,8,1450000.0,2.0
-113.5,0.45,8.875,0.0406,248.0931,0.0,0,10,5,289000.0,0.0
-103.1791,0.0,6.0185,0.0,2650.7079,1.0,1342,12,8,0.0,1.0
-101.4,0.24,11.325,0.1381,-408.5252,0.0,0,8,5,83000.0,0.0
-121.9355,5.5146,0.1906,5.0977,-602.2812,0.0872,0,10,5,289000.0,2.0
-112.0,0.2,10.05,0.01,131.7012,0.0,0,10,5,289000.0,0.0
-103.725,0.6806,-0.725,0.0306,292.9721,0.0909,0,10,5,289000.0,1.0
-129.85,3.7741,-6.5716,3.4331,646.8139,0.2,0,12,8,1450000.0,2.0
-131.0612,4.8084,-7.901,3.7662,281.4378,0.0,0,12,8,1450000.0,2.0
-117.1456,0.6077,7.388,0.3955,322.3207,0.194,0,12,8,1450000.0,0.0
-114.0,0.6667,0.5,0.1667,-538.269,0.0,0,8,5,83000.0,1.0
-110.9149,0.8363,8.6529,0.0594,238.5669,0.1651,0,12,8,1450000.0,0.0
-113.6017,0.2944,8.2905,0.4762,190.2149,0.1934,0,12,8,1450000.0,0.0
-112.0922,0.7752,9.2773,0.297,394.8697,0.1123,0,12,8,1450000.0,0.0
-132.9244,2.488,-9.2795,2.2459,104.8992,0.0,0,12,8,1450000.0,2.0
-107.325,0.1881,-2.025,0.0431,287.3098,0.0909,0,10,5,289000.0,1.0
-106.2103,0.275,13.3046,0.187,252.6209,0.0,0,12,8,1450000.0,0.0
-110.4167,0.2639,-5.4167,0.0972,-532.6766,0.0,0,8,5,83000.0,1.0
-114.5,0.375,-2.5,0.875,-535.4728,0.0,0,8,5,83000.0,1.0
-102.7,0.61,11.75,0.0625,-499.1221,0.0,0,8,5,83000.0,0.0
-105.9359,1.9068,0.1162,0.9222,368.024,0.3682,0,12,8,1450000.0,1.0
-109.2,0.36,9.15,0.0525,232.7839,0.0,0,10,5,289000.0,0.0
-113.6,0.64,8.725,0.8431,252.0777,0.0,0,10,5,289000.0,0.0
-121.0652,0.6507,-1.7654,0.3488,-411.7401,0.0,0,10,5,289000.0,2.0
-128.789,1.1102,-5.963,0.809,38.0416,0.0,0,12,8,1450000.0,2.0
-110.8,0.76,9.2,0.96,191.0505,0.0,0,10,5,289000.0,0.0
-128.0466,0.6757,-3.7781,0.5829,-479.6583,0.0,0,10,5,289000.0,2.0
-126.5432,13.2525,-4.9263,9.3142,-449.632,0.1089,0,8,5,83000.0,2.0
-109.2126,0.9885,10.1391,0.2402,150.3895,0.1444,1,12,8,1450000.0,0.0
-117.0,0.0,6.1,0.065,-515.0605,0.0,0,8,5,83000.0,0.0
-117.1181,0.4066,6.2094,0.4835,278.7332,0.0851,0,12,8,1450000.0,0.0
-999.0,0.0,-999.0,0.0,0.0,1.0,0,10,5,0.0,1.0
-113.2,0.16,8.825,0.0131,127.7166,0.0,0,10,5,289000.0,0.0
-123.1305,3.6258,-2.0123,5.5529,-72.4248,0.0665,0,10,5,289000.0,2.0
-130.5573,3.5107,-8.2304,2.8278,483.6154,0.1,0,12,8,1450000.0,2.0
-125.2839,37.7303,-3.3257,15.3674,-558.2873,0.248,0,8,5,83000.0,2.0
-110.5,1.05,8.85,0.4775,258.9983,0.0,0,10,5,289000.0,0.0
-999.0,0.0,-999.0,0.0,0.0,1.0,0,8,5,0.0,1.0
-117.45,1.2725,-9.95,0.3225,-551.1315,0.0,0,8,5,83000.0,1.0
-130.4439,18.1049,-7.0613,14.2554,627.6667,0.0,0,12,8,1450000.0,2.0
-122.2035,0.0396,-3.6648,0.0319,-607.0867,0.0,0,10,5,289000.0,2.0
-127.1382,0.0969,-4.158,0.073,258.9069,0.0,0,8,5,83000.0,2.0
-109.225,0.9181,-4.325,1.3131,290.4555,0.0909,0,10,5,289000.0,1.0
-127.4022,4.7676,-4.8048,5.2137,-603.4358,0.1961,0,10,5,289000.0,2.0
-116.4167,0.0972,-5.75,0.875,-560.6386,0.0,0,8,5,83000.0,1.0
-101.2987,1.0852,-4.422,2.1018,186.8554,0.0,0,12,8,1450000.0,1.0
-113.2,0.96,9.05,0.5225,247.8834,0.0,0,10,5,289000.0,0.0
-134.1386,1.5738,-10.7283,1.3375,-91.6688,0.0,0,12,8,1450000.0,2.0
-115.0,0.0,8.125,0.0406,-494.9278,0.0,0,8,5,83000.0,0.0
-109.7,0.6725,-2.4,2.2525,298.6345,0.0909,0,10,5,289000.0,1.0
-113.0,0.4,9.5,0.025,250.3999,0.0,0,10,5,289000.0,0.0
-104.5835,0.0,8.7562,0.0,2617.7399,1.0,1281,12,8,0.0,1.0
-106.55,0.0,-0.35,0.0,2788.1636,1.0,7,10,5,0.0,1.0
-124.7996,2.6193,-1.7867,1.6722,-550.3413,0.0,0,8,5,83000.0,2.0
-117.25,0.2812,-5.0,0.0937,-545.2595,0.0,0,8,5,83000.0,1.0
-110.8,0.36,8.825,0.1131,254.804,0.0,0,10,5,289000.0,0.0
-100.4,0.3025,-0.975,1.6181,57.829,0.0,0,12,8,1450000.0,1.0
-128.8781,0.5694,-5.9084,0.3758,239.1268,0.0,0,8,5,83000.0,2.0
-103.7433,0.6151,12.3775,0.292,230.5683,0.0,1,12,8,1450000.0,0.0
-121.841,0.7312,-0.3584,0.4728,37.0052,0.091,0,10,5,289000.0,2.0
-114.5378,8.952,6.9889,8.6586,-480.0173,0.1233,0,10,5,289000.0,2.0
-106.3,0.0,-0.5,0.0,2799.4883,1.0,10,10,5,0.0,1.0
-113.7221,0.22,7.0975,0.3278,403.321,0.0141,1,12,8,1450000.0,0.0
-114.2643,0.7879,11.6874,0.8096,423.4661,0.1981,0,12,8,1450000.0,0.0
-100.15,1.1025,-2.75,1.9125,110.6772,0.0,0,12,8,1450000.0,1.0
-107.9534,0.2915,-11.92,0.1853,-435.9555,0.0304,0,8,5,83000.0,2.0
-110.9,0.49,8.9,0.0525,121.2154,0.0,0,10,5,289000.0,0.0
-114.2,0.36,8.575,0.0256,-194.6157,0.0,0,8,5,83000.0,0.0
-103.725,0.8431,-0.95,0.7475,329.6723,0.0909,0,10,5,289000.0,1.0
-132.4186,2.7318,-10.1658,2.4504,429.833,0.0,0,12,8,1450000.0,2.0
-132.487,1.469,-9.4677,1.378,105.9715,0.0,0,12,8,1450000.0,2.0
-103.1637,1.9873,-0.5806,2.8889,24.6861,0.0,0,12,8,1450000.0,1.0
-116.1,1.09,6.475,0.6306,-474.7952,0.0,0,8,5,83000.0,0.0
-111.9,0.49,9.925,0.0256,256.9011,0.0,0,10,5,289000.0,0.0
-116.15,0.565,-8.85,0.715,-547.7761,0.0,0,8,5,83000.0,1.0
-105.3971,0.0,7.9324,0.0,2768.6575,1.0,1479,12,8,0.0,1.0
-110.8,0.36,8.875,0.2281,254.5943,0.0,0,10,5,289000.0,0.0
-111.9,0.09,10.125,0.0156,-59.3494,0.0,0,10,5,289000.0,0.0
-114.0,0.5417,-1.3333,0.0972,-529.8804,0.0,0,8,5,83000.0,1.0
-107.0,0.0,3.75,0.0,2843.5281,1.0,225,10,5,0.0,1.0
-117.7,1.01,5.3,0.56,-627.4679,0.0,0,8,5,83000.0,0.0
-112.4,0.24,9.625,0.0156,218.5232,0.0,0,10,5,289000.0,0.0
-114.9489,1.7308,-5.524,0.9629,-113.2931,0.0,0,8,5,83000.0,2.0
-127.8858,3.2106,-3.8002,1.7157,-400.1686,0.1302,0,10,5,289000.0,2.0
-104.3324,0.5532,13.0423,0.7504,409.2958,0.018,1,12,8,1450000.0,0.0
-105.225,0.4056,0.175,0.0756,294.2304,0.0909,0,10,5,289000.0,1.0
-128.3188,0.2682,-4.3815,0.2851,49.7654,0.0,0,10,5,289000.0,2.0
-104.3896,0.0,8.5591,0.0,2634.3416,1.0,784,12,8,0.0,1.0
-107.0,0.0,4.0,0.0,2836.9226,1.0,260,10,5,0.0,1.0
-113.8,0.36,8.9,0.0275,258.7885,0.0909,0,10,5,289000.0,0.0
-115.2,0.36,7.75,0.0375,-190.4214,0.0,0,8,5,83000.0,0.0
-115.0833,0.0556,-4.0833,0.0556,-529.8804,0.0,0,8,5,83000.0,1.0
-100.6,0.24,11.675,0.0381,-448.7905,0.0,0,8,5,83000.0,0.0
-123.9693,0.2722,-1.8424,0.2276,-574.9305,0.0,0,8,5,83000.0,2.0
-103.3984,0.484,11.4083,0.0899,241.1599,0.1,0,12,8,1450000.0,0.0
-116.7,1.41,6.35,1.0275,-494.089,0.0,0,8,5,83000.0,0.0
-102.0,0.0,0.75,0.0,326.1071,0.8667,0,10,5,289000.0,1.0
-115.0,0.2,7.9,0.0275,-182.8717,0.0,0,8,5,83000.0,0.0
-117.7,4.61,4.675,5.3631,-520.0937,0.0,0,8,5,83000.0,0.0
-999.0,0.0,-999.0,0.0,0.0,1.0,0,10,5,0.0,1.0
-122.9232,1.1111,0.6435,1.9885,-83.4165,0.0,0,10,5,289000.0,2.0
-999.0,0.0,-999.0,0.0,0.0,1.0,0,10,5,0.0,1.0
-125.3651,26.7252,-1.6965,12.2968,-545.5102,0.1221,0,8,5,83000.0,2.0
-116.1,0.69,6.45,0.585,-509.1885,0.0,0,8,5,83000.0,0.0
-121.7808,0.1383,-2.1701,0.1652,23.2167,0.0,0,10,5,289000.0,2.0
-110.4,0.24,10.45,0.0475,-71.3032,0.0909,0,8,5,83000.0,0.0
-100.2,0.1475,-2.1,0.0275,56.6755,0.0,0,12,8,1450000.0,1.0
-112.7,0.41,9.8,0.035,251.2388,0.0,0,10,5,289000.0,0.0
-105.3857,0.0,3.2174,0.0,3261.5001,1.0,21,12,8,0.0,1.0
-112.4,0.24,9.475,0.0181,249.9805,0.0,0,10,5,289000.0,0.0
-112.8431,1.8954,6.6978,0.4471,-591.3655,0.3185,5,8,5,83000.0,1.0
-134.6681,0.1099,-11.4708,0.0971,48.8398,0.0,0,12,8,1450000.0,2.0
-112.7,0.21,9.45,0.01,250.3999,0.0,0,10,5,289000.0,0.0
-132.0978,1.0267,-8.6659,0.7415,91.4922,0.0,0,12,8,1450000.0,2.0
-105.6823,0.1444,12.5929,0.1732,455.7581,0.0,0,12,8,1450000.0,0.0
-127.7109,0.6164,-3.9338,0.4388,-411.312,0.0,0,10,5,289000.0,2.0
-105.325,0.5631,-3.325,0.0631,301.3607,0.0909,0,10,5,289000.0,1.0
-115.049,0.8095,5.8924,0.4621,357.6813,0.197,1,12,8,1450000.0,0.0
-123.629,1.4306,-13.7006,4.2791,-569.0028,0.9762,12,8,5,83000.0,1.0
-107.0625,0.0,-0.5625,0.0,2789.7366,1.0,5,10,5,0.0,1.0
-130.2722,9.0159,-7.6033,6.6852,471.4089,0.0,0,12,8,1450000.0,2.0
-106.2908,0.2067,12.9442,0.1947,200.4165,0.0909,0,12,8,1450000.0,0.0
-109.602,0.703,7.6597,0.522,241.8382,0.1354,0,12,8,1450000.0,0.0
-114.7105,0.4823,5.7865,0.3671,294.8933,0.104,1,12,8,1450000.0,0.0
-131.35,0.2807,-7.925,0.2093,72.9518,0.0,0,12,8,1450000.0,2.0
-113.0627,1.1622,8.4225,1.2438,-581.5051,0.3917,36,8,5,83000.0,1.0
-115.2852,0.2312,8.2635,0.5909,160.4117,0.1663,0,12,8,1450000.0,0.0
-130.0,0.7205,-5.6887,0.5223,43.73,0.0,0,10,5,289000.0,2.0
-110.4606,0.2946,9.5285,0.2521,423.5157,0.1644,1,12,8,1450000.0,0.0
-102.725,0.6306,0.95,0.635,324.2197,0.0909,0,10,5,289000.0,1.0
-109.5,0.25,9.05,0.0475,257.74,0.0,0,10,5,289000.0,0.0
-105.8971,0.5809,12.3135,0.2574,363.8876,0.0,1,12,8,1450000.0,0.0
-113.2,0.16,9.2,0.0475,8.5983,0.0,0,10,5,289000.0,0.0
-116.5,0.25,5.9,0.09,-151.8338,0.0,0,8,5,83000.0,0.0
-125.4351,0.4948,-2.4585,0.2997,228.2162,0.0,0,8,5,83000.0,2.0
-113.0,0.4,9.35,0.015,254.3845,0.0,0,10,5,289000.0,0.0
-108.5644,0.281,7.6885,0.5895,276.2231,0.1854,0,12,8,1450000.0,0.0
-113.1,0.29,9.275,0.0306,257.3206,0.0909,0,10,5,289000.0,0.0
-124.8021,3.0575,-6.8978,3.9148,-693.4687,0.9945,85,8,5,0.0,1.0
-118.3,0.21,4.4,0.015,-136.7343,0.0,0,8,5,83000.0,0.0
-118.3,0.21,4.475,0.0306,-129.1846,0.0,0,8,5,83000.0,0.0
-114.5731,2.2605,-4.6175,1.213,163.7653,0.0035,2,12,8,1450000.0,1.0
-106.3053,0.0,8.637,0.0,2686.6903,1.0,42,12,8,0.0,1.0
-105.1,0.69,0.25,0.025,329.2529,0.7436,0,10,5,289000.0,1.0
-113.6,0.24,9.325,0.0256,255.6428,0.0,0,10,5,289000.0,0.0
-105.7136,0.2618,10.904,0.16,215.5625,0.0909,0,12,8,1450000.0,0.0
-125.2474,2.083,-15.3601,0.4708,2501.9115,0.9278,5,8,5,0.0,1.0
-104.3086,1.4346,7.3424,2.2174,6.2077,0.128,3,12,8,1450000.0,1.0
-122.572,8.5632,2.2905,7.5885,-75.8949,0.3191,0,10,5,289000.0,2.0
-129.7914,0.0649,-6.615,0.0195,441.5644,0.0,0,8,5,83000.0,2.0
-111.0,1.2,9.5,0.5625,71.0935,0.0,0,10,5,289000.0,0.0
-115.411,0.4518,7.7339,0.8724,2689.6758,0.2699,1100,8,5,0.0,1.0
-130.5668,1.6202,-8.0541,1.1492,388.7213,0.0,0,12,8,1450000.0,2.0
-103.2194,0.5569,11.7182,0.2565,452.304,0.0,0,12,8,1450000.0,0.0
-115.7,0.81,7.0,0.3875,-478.9896,0.0,0,8,5,83000.0,0.0
-100.25,2.4,-1.15,0.49,111.2539,0.0,0,12,8,1450000.0,1.0
-128.011,0.0981,-4.374,0.1397,-418.1052,0.0,0,10,5,289000.0,2.0
-101.9,0.29,11.875,0.0406,-473.9564,0.0,0,8,5,83000.0,0.0
-130.6999,0.8048,-7.175,0.7101,252.329,0.0,0,12,8,1450000.0,2.0
-105.6745,0.8057,12.1361,0.8586,373.2697,0.1752,1,12,8,1450000.0,0.0
-112.9,0.09,9.375,0.0281,258.9983,0.0,0,10,5,289000.0,0.0
-105.969,0.1327,12.0531,0.0209,248.4479,0.0,0,12,8,1450000.0,0.0
-125.6722,0.1499,-3.5744,0.1442,-127.5454,0.0,0,8,5,83000.0,2.0
-104.2,0.16,-2.2,0.16,305.7648,0.0909,0,10,5,289000.0,1.0
-100.3,1.035,-1.6,0.015,105.3295,0.0,0,12,8,1450000.0,1.0
-111.0625,1.168,-6.8125,0.3867,-526.3851,0.0,0,8,5,83000.0,1.0
-103.0,0.0,0.0,0.0,324.01,0.9333,2,10,5,289000.0,1.0
-115.1651,0.2309,7.8835,0.3645,377.7358,0.1454,1,12,8,1450000.0,0.0
-122.8772,0.0403,0.2258,0.0339,34.3892,0.0,0,10,5,289000.0,2.0
-115.556,0.2514,8.2425,0.1084,322.5722,0.0395,1,12,8,1450000.0,0.0
-130.3068,4.1999,-7.9153,3.5748,344.8,0.1,0,12,8,1450000.0,2.0
-106.55,5.26,1.675,4.2881,309.7493,0.8438,0,10,5,289000.0,1.0
-131.006,0.1086,-7.756,0.0977,113.6936,0.0,0,12,8,1450000.0,2.0
-99.9851,1.3872,-4.2714,0.9036,192.2136,0.0625,0,12,8,1450000.0,1.0
-112.3,0.61,9.9,0.015,256.9011,0.0,0,10,5,289000.0,0.0
-129.1231,0.2906,-2.2401,0.2016,39.4138,0.1068,0,10,5,289000.0,2.0
-103.5,0.25,0.6875,0.1367,319.2914,0.0,0,10,5,289000.0,1.0
-113.7,1.41,8.375,1.6656,207.8278,0.0,0,10,5,289000.0,0.0
-103.9,1.4775,-6.0,0.2375,-55.627,0.0,0,12,8,1450000.0,1.0
-125.8594,0.7697,-12.8731,3.8118,2294.5236,0.2487,620,8,5,0.0,1.0
-126.713,0.7773,-4.8803,0.2989,-446.5266,0.0,0,8,5,83000.0,2.0
-132.5873,0.102,-9.8175,0.0685,212.4808,0.0,0,12,8,1450000.0,2.0
-132.4422,0.6069,-9.4449,0.3868,311.0293,0.2727,0,12,8,1450000.0,2.0
-999.0,0.0,-999.0,0.0,0.0,1.0,0,10,5,0.0,1.0
-133.8645,8.049,-10.9469,6.8795,-19.564,0.0,0,12,8,1450000.0,2.0
-126.885,0.398,-4.2038,0.2601,-544.0371,0.0,0,8,5,83000.0,2.0
-125.1757,0.2729,-2.8142,0.1673,137.2328,0.0,0,8,5,83000.0,2.0
-101.2,0.76,-10.9,0.04,92.3795,0.0,0,12,8,1450000.0,1.0
-113.6,0.24,8.75,0.0125,-228.1701,0.0,0,8,5,83000.0,0.0
-123.787,0.4352,-1.6107,0.2038,-136.7897,0.0,0,8,5,83000.0,2.0
-116.4,0.24,6.35,0.015,-477.3118,0.0,0,8,5,83000.0,0.0
-107.3393,2.2218,4.6571,0.0648,79.6149,0.9898,14,12,8,1450000.0,1.0
-115.4,0.84,7.55,0.31,-515.0605,0.0,0,8,5,83000.0,0.0
-103.875,2.0656,-11.475,0.2056,30.4611,0.0,0,12,8,1450000.0,1.0
-102.4,0.44,11.575,0.2506,-482.3449,0.0,0,8,5,83000.0,0.0
-99.95,0.56,-2.85,0.09,100.6109,0.0,0,12,8,1450000.0,1.0
-110.9419,1.1853,7.2408,0.8444,190.1978,0.0248,0,12,8,1450000.0,0.0
-117.4,0.44,5.35,0.515,-478.1507,0.0,0,8,5,83000.0,0.0
-109.4,0.44,9.0,0.025,237.6073,0.0,0,10,5,289000.0,0.0
-100.4,0.24,11.525,0.0806,-445.4351,0.0,0,8,5,83000.0,0.0
-109.8125,0.2305,-4.8125,0.1055,-507.5108,0.0,0,8,5,83000.0,1.0
-115.5,0.8438,-2.75,6.1562,-551.551,0.0,0,8,5,83000.0,1.0
-129.1745,0.8719,-5.5542,0.8206,-404.502,0.0,0,10,5,289000.0,2.0
-103.5137,0.3471,11.3821,0.1291,307.9718,0.0,0,12,8,1450000.0,0.0
-124.126,6.9042,-1.5183,4.5762,-476.3483,0.2721,0,10,5,289000.0,2.0
-114.5275,1.0155,7.0523,0.0818,440.5891,0.001,0,12,8,1450000.0,0.0
-109.1,0.2025,-3.7,0.2725,286.0515,0.0909,0,10,5,289000.0,1.0
-131.136,5.2849,-8.1187,2.8096,-57.3888,0.0,0,12,8,1450000.0,2.0
-110.9167,1.3472,-4.9167,0.1806,-510.307,0.0,0,8,5,83000.0,1.0
-101.5,0.25,11.825,0.0381,-438.7242,0.0,0,8,5,83000.0,0.0
-113.0,0.4,9.325,0.3506,251.6582,0.0,0,10,5,289000.0,0.0
-121.6747,6.5691,0.5507,6.2708,-584.4092,0.1443,0,10,5,289000.0,2.0
-132.8061,6.8317,-9.8856,5.8763,-51.1912,0.0,0,12,8,1450000.0,2.0
-131.5465,0.7393,-9.4491,0.5832,231.6742,0.0,0,12,8,1450000.0,2.0
-111.8542,0.111,6.2603,0.6387,2607.9681,0.7855,1411,8,5,0.0,1.0
-129.8952,2.2496,-6.7602,1.7617,-8.4616,0.0,0,12,8,1450000.0,2.0
-129.694,0.0892,-4.7706,0.0757,-597.541,0.0,0,10,5,289000.0,2.0
-112.7,0.41,9.55,0.0225,250.6096,0.0,0,10,5,289000.0,0.0
-122.5323,2.4992,-0.5995,2.5841,-414.3426,0.03,0,10,5,289000.0,2.0
-100.9924,1.9421,-7.1134,2.1938,284.5612,0.0,0,12,8,1450000.0,1.0
-102.571,0.0,6.351,0.0,2767.5471,1.0,317,12,8,0.0,1.0
-105.1968,0.283,11.8423,0.1451,379.1038,0.0,0,12,8,1450000.0,0.0
-109.5,0.45,8.75,0.0625,257.9497,0.0,0,10,5,289000.0,0.0
-114.1,3.49,8.3,1.535,-243.2696,0.0,0,8,5,83000.0,0.0
-116.2,0.16,6.7,0.0225,-478.1506,0.0,0,8,5,83000.0,0.0
-131.4004,0.9974,-8.9963,0.6404,169.3072,0.0,0,12,8,1450000.0,2.0
-106.3838,0.1844,13.2283,0.2635,196.6046,0.0,1,12,8,1450000.0,0.0
-103.3,0.21,11.625,0.0406,-465.5678,0.0,0,8,5,83000.0,0.0
-110.275,0.1681,-3.475,0.0181,296.5373,0.0909,0,10,5,289000.0,1.0
-101.45,0.7975,-8.55,0.0975,99.038,0.0,0,12,8,1450000.0,1.0
-132.6599,15.9869,-10.1774,15.9821,307.5496,0.0,0,12,8,1450000.0,2.0
-104.6706,0.4859,11.6459,0.2218,190.0704,0.0,0,12,8,1450000.0,0.0
-129.1195,0.1589,-5.1391,0.1307,-6.6846,0.0,0,10,5,289000.0,2.0
-112.3,0.61,9.8,0.0975,139.6703,0.0,0,10,5,289000.0,0.0
-109.9623,0.3377,-9.9785,0.1094,-440.0669,0.0,0,8,5,83000.0,2.0
-117.6749,0.2835,8.8298,0.145,433.6686,0.006,0,12,8,1450000.0,0.0
-121.8573,13.0998,3.7461,15.6989,35.7355,0.2317,0,10,5,289000.0,2.0
-114.7376,6.0926,6.3424,3.8335,-458.3637,0.1156,0,10,5,289000.0,2.0
-130.5511,3.2559,-8.1984,2.361,246.1551,0.5,0,12,8,1450000.0,2.0
-118.9699,3.6388,-2.6713,3.0727,445.3231,0.0446,0,8,5,83000.0,2.0
-132.2717,1.4,-8.7117,1.1034,182.3031,0.0,0,12,8,1450000.0,2.0
-125.6979,0.5392,-2.4248,0.3241,230.8103,0.0,0,8,5,83000.0,2.0
-131.8639,0.2812,-10.2724,0.1791,-30.3301,0.0,0,12,8,1450000.0,2.0
-106.2827,0.0,5.8652,0.0,2767.2257,1.0,813,12,8,0.0,1.0
-101.6,0.24,11.85,0.0775,-499.1221,0.0,0,8,5,83000.0,0.0
-109.6,0.24,8.65,0.965,-317.9283,0.0,0,10,5,289000.0,0.0
-110.7,0.21,8.775,0.0931,256.9011,0.0909,0,10,5,289000.0,0.0
-112.0,0.0,10.075,0.0256,133.7983,0.0,0,10,5,289000.0,0.0
-115.5604,0.0,7.3845,0.0,2246.0856,1.0,883,8,5,0.0,1.0
-106.0,0.0,4.0,0.0,2851.4976,1.0,144,10,5,0.0,1.0
-131.0042,1.6651,-8.974,1.3772,75.3804,0.0,0,12,8,1450000.0,2.0
-116.6,0.24,5.95,0.0225,-152.6727,0.0,0,8,5,83000.0,0.0
-115.0,0.2,7.875,0.0281,-176.9996,0.0,0,8,5,83000.0,0.0
-125.7853,1.0852,-2.1607,0.5226,-489.8602,0.0,0,10,5,289000.0,2.0
-101.55,0.7975,-7.65,0.0275,89.7581,0.0,0,12,8,1450000.0,1.0
-101.9,0.49,11.825,0.0131,-490.7336,0.0,0,8,5,83000.0,0.0
-121.3594,0.3265,-2.1666,0.5623,-73.5928,0.0,0,10,5,289000.0,2.0
-130.1209,0.5584,-6.7154,0.5243,331.8755,0.1667,0,12,8,1450000.0,2.0
-103.0,0.0,0.0,0.0,315.6214,0.9,2,10,5,289000.0,1.0
-110.0453,0.7108,6.878,0.4359,266.7154,0.1523,2,12,8,1450000.0,0.0
-130.5903,3.4769,-8.2067,2.3792,100.9304,0.0,0,12,8,1450000.0,2.0
-112.4,0.84,9.5,0.275,246.4154,0.0,0,10,5,289000.0,0.0
-110.6,0.24,9.1,0.0775,247.4639,0.0,0,10,5,289000.0,0.0
-109.25,1.2917,-4.25,0.125,-527.0842,0.0,0,8,5,83000.0,1.0
-124.9488,0.2446,-2.7506,0.1551,-423.4925,0.0,0,8,5,83000.0,2.0
-113.6,0.24,8.4,0.065,109.0519,0.0,0,10,5,289000.0,0.0
-108.65,0.8775,-2.35,0.1775,299.0539,0.0909,0,10,5,289000.0,1.0
-98.725,0.6806,-0.325,0.0506,106.7975,0.0,0,12,8,1450000.0,1.0
-999.0,0.0,-999.0,0.0,0.0,1.0,0,8,5,0.0,1.0
-114.0,0.4,8.5,0.325,251.6582,0.0,0,10,5,289000.0,0.0
-106.5,0.0,3.8125,0.0,2844.7866,1.0,188,10,5,0.0,1.0
-121.0623,1.6169,-0.0403,1.812,-409.0958,0.0,0,10,5,289000.0,2.0
-114.0681,1.1189,-6.5885,1.4798,331.9859,0.0915,0,12,8,1450000.0,1.0
-128.4131,45.0,-5.2804,24.4174,157.4044,0.1567,0,8,5,83000.0,2.0
-117.8,0.16,4.775,0.0556,-135.0566,0.0,0,8,5,83000.0,0.0
-103.0154,5.2078,-12.4276,0.4893,87.6134,0.0,0,12,8,1450000.0,1.0
-122.5913,0.9059,-1.3645,1.1212,-589.9942,0.0,0,10,5,289000.0,2.0
-122.4208,0.196,0.9664,0.1538,20.6539,0.0,0,10,5,289000.0,2.0
-130.7545,45.0,-7.4472,33.6812,684.436,0.0,0,12,8,1450000.0,2.0
-108.5119,2.0664,-11.5263,1.5578,445.5861,0.0,0,8,5,83000.0,2.0
-129.6053,0.5084,-6.0403,0.4729,-77.7204,0.0,0,12,8,1450000.0,2.0
-113.3,0.21,9.3,0.0225,256.4817,0.0,0,10,5,289000.0,0.0
-102.0,1.0,0.75,0.0625,317.7185,0.7143,0,10,5,289000.0,1.0
-122.2052,21.5244,0.8827,21.5267,-619.0705,0.3027,0,10,5,289000.0,2.0
-113.5,0.25,8.65,0.0275,209.7152,0.0,0,10,5,289000.0,0.0
-119.3103,0.3392,7.4992,0.7087,-689.9431,0.4343,32,8,5,83000.0,1.0
-130.9102,0.1532,-8.5927,0.1246,539.03,0.0,0,12,8,1450000.0,2.0
-124.9559,7.8451,-2.7099,8.5437,-426.1858,0.1102,0,8,5,83000.0,2.0
-113.0,1.8,9.05,0.4725,-253.336,0.0,0,8,5,83000.0,0.0
-102.9,0.49,11.85,0.0275,-473.9564,0.0,0,8,5,83000.0,0.0
-100.6735,2.3659,-0.2162,0.6495,351.9765,0.0,0,12,8,1450000.0,1.0
-123.8162,0.4419,-0.4296,0.2806,-429.2368,0.0,0,10,5,289000.0,2.0
-109.1875,0.2305,-4.1875,0.2305,-490.7336,0.0,0,8,5,83000.0,1.0
-128.032,1.8589,-4.7915,1.0435,-534.3966,0.0,0,8,5,83000.0,2.0
-112.1824,1.0843,8.4752,0.6285,-543.5284,0.0,0,8,5,83000.0,2.0
-110.8,0.16,10.55,0.0225,252.2874,0.0,0,10,5,289000.0,0.0
-101.8786,4.4899,5.2085,0.8655,287.8972,0.0,0,12,8,1450000.0,1.0
-122.4666,5.5487,-0.8462,5.7813,448.5445,0.1329,0,8,5,83000.0,2.0
-127.7235,3.3725,-4.5711,2.1142,-130.8592,0.0252,0,8,5,83000.0,2.0
-108.0,5.4,10.8,1.3975,-272.2104,0.0,0,10,5,289000.0,0.0
-133.707,1.2546,-11.1696,0.965,609.2561,0.0,0,12,8,1450000.0,2.0
-129.7057,0.4261,-6.7038,0.3773,55.0271,0.0,0,12,8,1450000.0,2.0
-115.9,0.69,7.075,0.8506,-473.9564,0.0,0,8,5,83000.0,0.0
-113.6,0.24,9.0,0.0375,256.6914,0.0,0,10,5,289000.0,0.0
-109.5833,1.0139,-4.9167,0.6806,-501.9184,0.0,0,8,5,83000.0,1.0
-132.7258,0.275,-10.2644,0.2609,142.7819,0.0,0,12,8,1450000.0,2.0
-125.1318,0.6666,-1.4413,0.928,-586.5095,0.0,0,10,5,289000.0,2.0
-126.0248,9.2999,-4.2031,4.5892,-544.604,0.1059,0,8,5,83000.0,2.0
-113.349,1.0723,7.1442,0.2334,400.9055,0.0604,0,12,8,1450000.0,0.0
-130.8362,0.167,-7.437,0.1538,338.4325,0.2727,0,12,8,1450000.0,2.0
-111.1,1.89,9.125,0.5406,250.6096,0.0,0,10,5,289000.0,0.0
-109.1875,0.4492,-4.6875,0.1367,-517.9966,0.0,0,8,5,83000.0,1.0
-115.5,0.25,7.375,0.2031,-191.2603,0.0,0,8,5,83000.0,0.0
-111.5016,0.824,9.9678,0.2761,280.5958,0.107,0,12,8,1450000.0,0.0
-114.1875,0.293,-1.6875,0.2305,-536.8709,0.0,0,8,5,83000.0,1.0
-113.4,0.24,9.1,0.015,141.1383,0.0,0,10,5,289000.0,0.0
-101.45,1.0725,-1.65,0.0525,108.4228,0.0,0,12,8,1450000.0,1.0
-111.2693,0.0,10.3394,0.0,2337.5829,1.0,1008,8,5,0.0,1.0
-107.75,0.0,2.8125,0.0,2872.574,1.0,7,10,5,0.0,1.0
-116.0,0.0,7.6172,0.0,2640.8394,1.0,3179,8,5,0.0,1.0
-103.125,0.0,-0.125,0.0,2739.9292,1.0,10,10,5,0.0,1.0
-103.525,1.1556,-1.325,0.3256,331.35,0.0909,0,10,5,289000.0,1.0
-113.5,0.25,9.25,0.0125,142.816,0.0,0,10,5,289000.0,0.0
-103.0862,0.0,6.5702,0.0,2585.6437,1.0,919,12,8,0.0,1.0
-122.0802,1.7087,0.445,1.2911,-405.4902,0.0,0,10,5,289000.0,2.0
-130.2977,0.0296,-7.868,0.025,67.9477,0.0,0,12,8,1450000.0,2.0
-115.6556,0.2016,6.9868,0.1541,183.4419,0.0903,1,12,8,1450000.0,0.0
-105.9,0.29,1.525,0.0306,299.4733,0.0909,0,10,5,289000.0,1.0
-108.7409,0.6652,9.4148,0.279,318.5455,0.1359,0,12,8,1450000.0,0.0
-135.3712,0.8432,-11.7478,0.6069,-22.1571,0.0,0,12,8,1450000.0,2.0
-119.3884,0.3225,-2.2527,0.2338,-628.4751,0.0,0,10,5,289000.0,2.0
-113.6,0.24,9.15,0.0275,73.1906,0.0,0,10,5,289000.0,0.0
-114.6126,1.3387,-11.9772,0.845,31.9639,0.0974,0,12,8,1450000.0,1.0
-115.2,0.16,7.95,0.0475,-478.1507,0.0,0,8,5,83000.0,0.0
-106.8,0.0,-0.4,0.0,2816.6851,1.0,9,10,5,0.0,1.0
-104.4627,0.4079,11.9155,0.0488,362.9448,0.0,0,12,8,1450000.0,0.0
-121.3932,0.5067,-1.6449,0.4866,-422.3648,0.0,0,10,5,289000.0,2.0
-121.923,2.1827,-1.8925,2.5291,-615.2262,0.0,0,10,5,289000.0,2.0
-110.0833,0.2639,-4.75,0.875,-513.1032,0.0,0,8,5,83000.0,1.0
-109.6,0.24,10.575,0.0256,-119.1182,0.0,0,8,5,83000.0,0.0
-101.1,0.09,11.025,0.2306,-448.7905,0.0,0,8,5,83000.0,0.0
-132.9009,3.4013,-10.2967,2.8441,-1.0193,0.0,0,12,8,1450000.0,2.0
-120.6168,15.0,2.0462,16.5938,-99.1148,0.3222,0,10,5,289000.0,2.0
-111.7,0.21,10.275,0.0056,155.8184,0.0,0,10,5,289000.0,0.0
-126.2947,0.034,-2.1895,0.0289,30.9548,0.0,0,10,5,289000.0,2.0
-117.2437,0.6055,-3.2558,0.4629,266.6554,0.0773,0,12,8,1450000.0,1.0
-107.6077,1.4277,3.5059,2.311,112.1541,0.3544,12,12,8,1450000.0,1.0
-131.0499,11.5878,-7.582,9.1529,506.4331,0.1,0,12,8,1450000.0,2.0
-104.5,0.45,3.275,0.7056,292.9721,0.0909,0,10,5,289000.0,1.0
-105.95,0.0,-0.15,0.0,2796.1328,1.0,10,10,5,0.0,1.0
-111.3306,4.4937,-9.181,1.7408,-134.5992,0.0,0,8,5,83000.0,2.0
-113.9167,0.0556,-1.25,0.1667,-541.0652,0.0,0,8,5,83000.0,1.0
-102.775,0.3056,-0.975,1.2056,290.2458,0.0909,0,10,5,289000.0,1.0
-112.5,0.25,9.675,0.0256,149.9464,0.0,0,10,5,289000.0,0.0
-106.4,0.0,-0.2,0.0,2794.4551,1.0,15,10,5,0.0,1.0
-105.972,0.0,4.4273,0.0,4130.993,1.0,22,12,8,0.0,1.0
-129.9468,0.9381,-6.4081,0.8573,434.4129,0.0,0,12,8,1450000.0,2.0
-115.0,0.2,8.0,0.0375,-510.0273,0.0,0,8,5,83000.0,0.0
-126.191,0.2606,-3.6527,0.1835,-598.6958,0.0,0,10,5,289000.0,2.0
-112.6235,0.7822,12.9834,0.648,249.9525,0.1313,0,12,8,1450000.0,0.0
-115.425,0.3381,-8.925,0.0631,-544.4206,0.0,0,8,5,83000.0,1.0
-105.05,0.385,-4.45,0.035,306.8133,0.0909,0,10,5,289000.0,1.0
-108.8,0.56,9.35,0.04,-183.2911,0.0,0,10,5,289000.0,0.0
-103.5228,0.4002,-3.1503,1.754,193.9045,0.0,0,12,8,1450000.0,1.0
-101.7,0.41,11.8,0.01,-491.5724,0.0,0,8,5,83000.0,0.0
-106.7954,0.6009,10.5932,0.3258,436.5649,0.1047,0,12,8,1450000.0,0.0
-136.2236,0.5066,-13.5043,0.4175,-65.2177,0.0,0,12,8,1450000.0,2.0
-132.3329,1.2265,-9.2209,1.0424,46.9314,0.0,0,12,8,1450000.0,2.0
-116.007,0.2032,8.6608,0.1347,166.9742,0.0236,0,12,8,1450000.0,0.0
-109.4603,0.8885,13.106,0.6455,303.4478,0.0154,0,12,8,1450000.0,0.0
-117.0325,0.8121,5.1004,0.1305,198.8578,0.0545,2,12,8,1450000.0,0.0
-114.0,0.2,8.725,0.0306,-499.1221,0.0,0,8,5,83000.0,0.0
-111.3,0.41,9.775,0.2681,169.4499,0.0,0,10,5,289000.0,0.0
-108.4,0.44,9.925,0.1631,-140.5092,0.0,0,10,5,289000.0,0.0
-104.475,1.2056,-1.175,0.1506,292.343,0.0909,0,10,5,289000.0,1.0
-104.7402,0.5186,13.0167,0.0369,234.5013,0.0909,0,12,8,1450000.0,0.0
-104.675,1.1131,-3.975,0.0681,298.0053,0.0909,0,10,5,289000.0,1.0
-106.1367,0.3238,11.8292,0.1234,235.1737,0.0,0,12,8,1450000.0,0.0
-122.8846,0.3288,-1.4696,0.2141,-547.4376,0.0,0,8,5,83000.0,2.0
-116.6,0.24,6.525,0.0556,-473.9564,0.0,0,8,5,83000.0,0.0
-119.8925,0.7069,-2.8621,0.6237,25.909,0.0,0,10,5,289000.0,2.0
-107.2601,0.7915,8.7982,0.4621,397.1335,0.0396,0,12,8,1450000.0,0.0
-122.1585,0.3311,-2.0939,0.2542,-395.4621,0.0,0,10,5,289000.0,2.0
-131.1723,1.6156,-8.1906,1.1956,138.1946,0.0,0,12,8,1450000.0,2.0
-131.8688,0.456,-9.0909,0.2781,78.3124,0.0,0,12,8,1450000.0,2.0
-121.0891,0.1341,-0.3598,0.1704,24.4141,0.0,0,10,5,289000.0,2.0
-128.6434,4.3021,-7.0204,1.4802,-445.9763,0.1501,0,8,5,83000.0,2.0
-110.1,0.29,10.5,0.0875,-75.4975,0.0909,0,8,5,83000.0,0.0
-108.05,0.235,-2.45,0.135,296.747,0.0909,0,10,5,289000.0,1.0
-101.6,0.24,11.8,0.06,-352.3215,0.0,0,8,5,83000.0,0.0
-111.9,0.69,9.475,0.2431,-105.6965,0.0,0,8,5,83000.0,0.0
-116.2656,0.4391,5.0729,0.0537,329.8161,0.0521,1,12,8,1450000.0,0.0
-110.5418,2.2256,-3.8107,4.206,193.7306,0.1581,0,12,8,1450000.0,1.0
-117.5,0.85,5.425,0.7631,-515.8994,0.0,0,8,5,83000.0,0.0
-115.2072,9.316,-6.2283,5.7926,-479.9819,0.1377,0,8,5,83000.0,2.0
-122.7736,0.8707,-0.2614,0.7331,34.5454,0.0,0,10,5,289000.0,2.0
-121.556,0.0277,-3.6657,0.0295,-627.4585,0.0,0,10,5,289000.0,2.0
-117.0,0.4,5.175,0.2631,-475.6341,0.0,0,8,5,83000.0,0.0
-108.6605,8.8699,-11.5231,9.8253,-444.8883,0.0015,0,8,5,83000.0,2.0
-114.3,0.21,8.475,0.0306,-499.961,0.0,0,8,5,83000.0,0.0
-121.0245,0.1311,-3.0489,0.1446,36.4474,0.0,0,10,5,289000.0,2.0
-126.2894,45.0,-2.9412,26.6693,232.1951,0.2583,0,8,5,83000.0,2.0
-129.1037,0.0555,-5.8006,0.0769,252.6862,0.0,0,8,5,83000.0,2.0
-123.2736,1.7911,-0.8862,1.1589,149.7786,0.0,0,8,5,83000.0,2.0
-109.0833,0.1806,-3.75,0.2917,-493.5298,0.0,0,8,5,83000.0,1.0
-113.0,0.4,9.225,0.1056,41.5236,0.0,0,10,5,289000.0,0.0
-103.3333,0.2222,0.25,0.0,322.6119,0.5,0,10,5,289000.0,1.0
-129.1899,0.2432,-4.2212,0.1409,-423.7664,0.0,0,10,5,289000.0,2.0
-114.2728,0.6163,10.546,0.1049,247.7612,0.1751,1,12,8,1450000.0,0.0
-113.4,0.24,9.025,0.0181,173.6442,0.0,0,10,5,289000.0,0.0
-129.0598,0.4295,-5.5481,0.5216,35.7707,0.0,0,10,5,289000.0,2.0
-115.3,0.81,7.275,0.6681,-482.3449,0.0,0,8,5,83000.0,0.0
-109.4671,0.0,3.6915,0.0,4333.4794,1.0,22,12,8,0.0,1.0
-118.7503,1.715,-2.6486,1.5753,459.0699,0.0,0,8,5,83000.0,2.0
-103.125,0.2281,-0.725,0.0681,342.8843,0.0909,0,10,5,289000.0,1.0
-134.1507,0.5711,-10.6249,0.3738,28.4321,0.0,0,12,8,1450000.0,2.0
-131.2904,0.0834,-9.0412,0.0638,-44.5447,0.0,0,12,8,1450000.0,2.0
-114.0,0.4,8.65,0.04,-162.739,0.0,0,8,5,83000.0,0.0
-134.3273,1.9784,-10.1915,1.5784,496.0332,0.1,0,12,8,1450000.0,2.0
-104.5,0.25,0.225,0.0306,294.6499,0.0909,0,10,5,289000.0,1.0
-121.7184,1.4561,0.6693,0.9433,457.0618,0.013,0,8,5,83000.0,2.0
-103.8599,0.5876,12.9682,0.3356,317.634,0.1818,0,12,8,1450000.0,0.0
-133.5937,2.6818,-11.3463,2.2328,-5.5179,0.0,0,12,8,1450000.0,2.0
-131.8545,0.738,-9.0464,0.7721,9.9629,0.0,0,12,8,1450000.0,2.0
-119.266,1.9641,-3.133,2.2628,-81.0375,0.0,0,10,5,289000.0,2.0
-110.4167,0.3472,-6.0833,0.0139,-457.1791,0.0,0,8,5,83000.0,1.0
-129.6366,0.1854,-6.5777,0.104,227.7842,0.0924,0,8,5,83000.0,2.0
-131.5525,0.6851,-8.5644,0.5737,261.4015,0.0,0,12,8,1450000.0,2.0
-110.7271,0.804,7.5392,0.4909,273.0735,0.0677,0,12,8,1450000.0,0.0
-106.8,0.0,3.45,0.0,2843.9478,1.0,193,10,5,0.0,1.0
-131.8083,4.4172,-8.8907,3.519,280.6154,0.0,0,12,8,1450000.0,2.0
-102.6066,0.0,2.0649,0.0,2701.6507,1.0,440,12,8,0.0,1.0
-105.807,0.0,7.5998,0.0,2743.0614,1.0,697,12,8,0.0,1.0
-131.9097,3.9664,-9.4619,3.0109,402.9593,0.2,0,12,8,1450000.0,2.0
-117.0,0.6,5.5,0.55,-472.2787,0.0,0,8,5,83000.0,0.0
-125.7952,0.1193,-3.1988,0.1018,-449.8729,0.0,0,8,5,83000.0,2.0
-120.8386,1.2154,-0.5368,1.2325,-89.636,0.0,0,10,5,289000.0,2.0
-133.6632,4.1811,-10.6577,3.4944,646.3174,0.1667,0,12,8,1450000.0,2.0
-111.7747,0.6848,13.4648,0.1095,180.4538,0.1338,0,12,8,1450000.0,0.0
-130.6811,0.1144,-8.0843,0.1012,565.987,0.2727,0,12,8,1450000.0,2.0
-100.9553,0.1342,-1.4512,0.9886,91.5447,0.1,0,12,8,1450000.0,1.0
-117.8,0.36,4.975,0.9056,-482.345,0.0,0,8,5,83000.0,0.0
-105.3031,0.0,7.391,0.0,2667.0997,1.0,1115,12,8,0.0,1.0
-133.0349,2.0502,-10.6923,1.858,454.0652,0.0,0,12,8,1450000.0,2.0
-104.25,0.0,-0.25,0.0,2782.9207,1.0,15,10,5,0.0,1.0
-121.1834,0.9025,-0.525,0.6478,-404.6378,0.0,0,10,5,289000.0,2.0
-131.5372,1.2175,-9.0059,1.1703,63.2932,0.0,0,12,8,1450000.0,2.0
-126.9043,2.0522,-5.2974,1.2716,-546.1864,0.0,0,8,5,83000.0,2.0
-111.0991,1.8929,6.9723,0.228,2450.8737,0.5488,2000,8,5,0.0,1.0
-100.7078,0.1986,-4.3894,2.7981,336.6543,0.0,0,12,8,1450000.0,1.0
-134.534,3.4339,-10.6861,2.5465,330.7141,0.0,0,12,8,1450000.0,2.0
-110.5,0.45,9.625,0.0781,243.6891,0.0,0,10,5,289000.0,0.0
-117.0313,0.0,6.9453,0.0,2581.8562,1.0,2609,8,5,0.0,1.0
-122.8018,3.3653,0.9047,2.091,-588.0862,0.2228,0,10,5,289000.0,2.0
-105.5833,0.0,-0.5833,0.0,2817.5237,1.0,4,10,5,0.0,1.0
-110.25,0.25,-2.25,0.05,298.0053,0.0909,0,10,5,289000.0,1.0
-104.3924,0.449,12.1049,0.1478,396.1482,0.0,0,12,8,1450000.0,0.0
-105.6658,0.496,12.2514,0.2477,391.0719,0.0,0,12,8,1450000.0,0.0
-105.0087,0.3064,10.7576,0.2036,316.3266,0.0,0,12,8,1450000.0,0.0
-112.3044,1.1789,11.7071,0.7107,280.9996,0.055,0,12,8,1450000.0,0.0
-113.8036,0.3811,7.3403,0.7931,459.394,0.1096,0,12,8,1450000.0,0.0
-106.1875,0.0,-0.4375,0.0,2811.7566,1.0,9,10,5,0.0,1.0
-122.366,1.0757,-1.4581,1.3771,-434.4187,0.0,0,8,5,83000.0,2.0
-128.5615,0.1919,-5.2048,0.1602,25.3508,0.0,0,10,5,289000.0,2.0
-99.2,7.56,5.85,24.6525,-476.473,0.0,0,8,5,83000.0,0.0
-112.8,0.36,9.4,0.1025,-90.1775,0.0,0,10,5,289000.0,0.0
-129.4555,1.038,-5.022,1.1152,-452.8427,0.0,0,8,5,83000.0,2.0
-105.1,0.69,0.225,0.0306,328.8335,0.7297,0,10,5,289000.0,1.0
-129.0343,0.0319,-6.5848,0.0153,149.4102,0.0,0,8,5,83000.0,2.0
-108.3,0.385,-1.7,0.085,295.9082,0.0909,0,10,5,289000.0,1.0
-103.45,0.3975,-0.95,0.0975,338.69,0.0909,0,10,5,289000.0,1.0
-132.054,0.4519,-9.3412,0.3752,8.1875,0.0,0,12,8,1450000.0,2.0
-131.8924,2.1923,-8.4119,1.7087,-34.1714,0.0,0,12,8,1450000.0,2.0
-114.7,0.2725,-4.3,0.1725,-530.16,0.0,0,8,5,83000.0,1.0
-108.8125,1.645,1.7768,1.0254,-56.0374,0.1412,4,12,8,1450000.0,1.0
-101.2,0.16,11.5,0.0625,-408.5252,0.0,0,8,5,83000.0,0.0
-132.1189,0.2079,-9.9026,0.1637,-77.87,0.0,0,12,8,1450000.0,2.0
-104.0814,0.5955,12.8936,0.1174,219.8062,0.0,0,12,8,1450000.0,0.0
-100.55,0.66,-1.55,0.01,109.7335,0.0,0,12,8,1450000.0,1.0
-131.3142,12.691,-7.6204,9.9386,-73.6559,0.0,0,12,8,1450000.0,2.0
-129.1037,0.0555,-5.8006,0.0769,252.6862,0.0,0,8,5,83000.0,2.0
-102.875,0.5781,-0.275,0.3681,335.3346,0.0909,0,10,5,289000.0,1.0
-111.2,1.16,9.525,0.3806,258.1594,0.0,0,10,5,289000.0,0.0
-101.9,0.29,11.875,0.0406,-491.5724,0.0,0,8,5,83000.0,0.0
-107.0,0.0,3.9375,0.0,2834.301,1.0,292,10,5,0.0,1.0
-103.0,0.0,0.0,0.0,317.7185,0.875,0,10,5,289000.0,1.0
-103.8667,0.4338,11.8224,0.0733,195.3744,0.0,0,12,8,1450000.0,0.0
-130.0,2.0811,-5.2626,1.4235,-608.4603,0.0,0,10,5,289000.0,2.0
-109.55,0.1475,-4.35,0.1775,282.0669,0.0909,0,10,5,289000.0,1.0
-116.3952,0.747,7.7557,0.3776,407.1171,0.0207,0,12,8,1450000.0,0.0
-115.7572,0.0,9.4501,0.0,2330.0413,1.0,1197,8,5,0.0,1.0
-121.3369,0.7265,-2.1164,0.4516,-409.6559,0.0,0,10,5,289000.0,2.0
-100.4,0.64,-1.7,0.01,77.6995,0.0,0,12,8,1450000.0,1.0
-115.5625,0.0742,-5.0625,0.2617,-534.7738,0.0,0,8,5,83000.0,1.0
-136.8753,32.5644,-13.6981,22.9338,427.0445,0.0,0,12,8,1450000.0,2.0
-108.1503,3.4496,1.3325,1.0888,-537.1244,0.1261,0,8,5,83000.0,2.0
-131.4547,12.5136,-8.3596,10.1871,320.7601,0.0,0,12,8,1450000.0,2.0
-101.7,0.41,11.225,0.7181,-429.4967,0.0,0,8,5,83000.0,0.0
-110.9,0.49,9.1,0.1525,120.5862,0.0,0,10,5,289000.0,0.0
-109.4231,0.5549,7.419,0.3464,424.9965,0.1892,1,12,8,1450000.0,0.0
-125.7655,0.484,-2.8978,0.2796,232.6114,0.0549,0,8,5,83000.0,2.0
-114.8625,1.4563,8.8384,0.2499,2450.9782,0.362,1846,8,5,0.0,1.0
-119.0,4.1733,4.4375,2.6347,-610.0534,0.1178,0,10,5,289000.0,2.0
-112.8333,0.2639,-0.5,0.0417,-546.6577,0.0,0,8,5,83000.0,1.0
-107.225,1.6306,-1.425,0.7006,294.0207,0.0909,0,10,5,289000.0,1.0
-115.325,1.0881,-4.425,0.1131,-520.0937,0.0,0,8,5,83000.0,1.0
-104.7374,0.491,11.1197,0.2553,324.1309,0.0,0,12,8,1450000.0,0.0
-110.175,0.2131,-4.175,0.0631,281.0183,0.0909,0,10,5,289000.0,1.0
-116.2,1.11,-9.2,1.81,-556.1647,0.1667,0,8,5,83000.0,1.0
-128.4461,0.1813,-4.6098,0.2192,168.1341,0.0,0,8,5,83000.0,2.0
-122.0335,1.5108,-1.6869,1.418,-580.5623,0.0,0,10,5,289000.0,2.0
-99.8847,1.2543,-2.7756,0.639,-0.4355,0.0625,0,12,8,1450000.0,1.0
-105.7618,0.0,1.1666,0.0,3436.4213,1.0,14,12,8,0.0,1.0
-113.3333,0.2222,1.25,0.125,-543.8614,0.0,0,8,5,83000.0,1.0
-113.0404,0.9123,6.8494,0.5787,236.9348,0.1911,0,12,8,1450000.0,0.0
-112.4673,0.5908,5.8314,0.5432,449.4654,0.1348,0,12,8,1450000.0,0.0
-110.225,0.7181,-2.725,0.6431,298.6345,0.0909,0,10,5,289000.0,1.0
-110.7004,1.3885,-9.0916,0.9664,464.0338,0.1443,0,8,5,83000.0,2.0
-130.6381,2.1673,-7.2852,1.7948,251.6224,0.0,0,12,8,1450000.0,2.0
-112.6,0.24,10.05,0.0475,-71.7226,0.0,0,10,5,289000.0,0.0
-105.7847,0.2814,10.5978,0.1536,336.444,0.0,0,12,8,1450000.0,0.0
-134.7659,1.3757,-11.3132,0.8007,351.464,0.0,0,12,8,1450000.0,2.0
-106.0178,0.3357,10.5156,0.3057,221.575,0.1818,0,12,8,1450000.0,0.0
-111.3,0.41,9.325,0.0756,-219.7815,0.0,0,8,5,83000.0,0.0
-131.1218,0.5265,-8.163,0.444,-47.478,0.0,0,12,8,1450000.0,2.0
-116.075,0.9631,-3.275,4.8431,-537.7098,0.0,0,8,5,83000.0,1.0
-109.075,1.5131,0.05,0.9225,285.6321,0.0909,0,10,5,289000.0,1.0
-123.2763,0.9071,0.5721,0.7125,-80.9993,0.0,0,10,5,289000.0,2.0
-114.8838,1.4428,9.0097,0.595,2768.6254,0.8944,740,8,5,0.0,1.0
-125.9119,1.229,-3.7658,0.6181,489.4919,0.0,0,8,5,83000.0,2.0
-121.4451,0.1877,-0.8272,0.1776,7.1892,0.0,0,10,5,289000.0,2.0
-104.9609,0.3188,12.9878,0.3157,153.0356,0.1,0,12,8,1450000.0,0.0
-105.8737,0.1163,10.8763,0.0545,206.7342,0.0,0,12,8,1450000.0,0.0
-115.7942,0.2547,9.5594,0.5661,246.7452,0.1314,0,12,8,1450000.0,0.0
-115.153,0.8601,9.5878,0.2772,412.8095,0.0996,0,12,8,1450000.0,0.0
-110.5138,0.0,3.6104,0.0,4010.6086,1.0,13,12,8,0.0,1.0
-116.7742,0.0,7.0403,0.0,2574.0854,1.0,2545,8,5,0.0,1.0
-114.2941,1.5362,-10.8676,2.8778,-516.2533,0.75,0,8,5,83000.0,1.0
-130.9,2.9779,-6.7363,1.3244,147.2658,0.0228,0,8,5,83000.0,2.0
-134.0955,0.147,-11.2056,0.1289,579.91,0.0,0,12,8,1450000.0,2.0
-114.1,0.09,8.7,0.0225,-158.5447,0.0,0,8,5,83000.0,0.0
-122.4666,5.5487,-0.8462,5.7813,448.5445,0.1329,0,8,5,83000.0,2.0
-121.3436,0.4394,-0.4709,0.2443,-103.4147,0.0,0,10,5,289000.0,2.0
-133.3337,1.3978,-9.9099,1.094,512.2395,0.0909,0,12,8,1450000.0,2.0
-106.5209,0.5521,12.3256,0.2194,426.4285,0.0909,0,12,8,1450000.0,0.0
-130.9,0.6155,-6.9208,0.493,-439.6205,0.0,0,8,5,83000.0,2.0
-123.7398,0.3017,-0.3577,0.3205,-416.8703,0.0,0,10,5,289000.0,2.0
-103.8356,0.0,7.2995,0.0,2635.1187,1.0,1213,12,8,0.0,1.0
-114.1843,0.8753,9.4182,0.5022,300.5306,0.1822,0,12,8,1450000.0,0.0
-130.012,2.7411,-7.0404,1.8818,228.5931,0.0,0,12,8,1450000.0,2.0
-123.9689,0.1646,-0.2406,0.1644,11.7821,0.0,0,10,5,289000.0,2.0
-120.0909,0.139,-2.6255,0.1436,24.7073,0.0,0,10,5,289000.0,2.0
-111.1773,3.3967,11.0,3.1671,-464.2495,0.1984,0,10,5,289000.0,2.0
-999.0,0.0,-999.0,0.0,0.0,1.0,0,10,5,0.0,1.0
-102.6712,0.0,1.2666,0.0,3098.573,1.0,15,12,8,0.0,1.0
-101.6,0.24,11.375,0.0531,-379.1651,0.0,0,8,5,83000.0,0.0
-100.6,1.4275,-1.6,0.0275,108.8422,0.0,0,12,8,1450000.0,1.0
-106.3958,0.0,7.5609,0.0,2668.6051,1.0,899,12,8,0.0,1.0
-109.8125,0.293,-5.5625,0.0117,-515.8994,0.0,0,8,5,83000.0,1.0
-123.2409,1.9084,-0.0685,1.5146,24.8458,0.0,0,10,5,289000.0,2.0
-114.0,0.0,0.25,0.0417,-543.8614,0.0,0,8,5,83000.0,1.0
-999.0,0.0,-999.0,0.0,0.0,1.0,0,8,5,0.0,1.0
-106.2585,0.643,10.4035,0.1575,444.597,0.0,0,12,8,1450000.0,0.0
-107.525,0.4056,-0.775,7.5181,287.5195,0.0909,0,10,5,289000.0,1.0
-131.9611,0.2763,-9.6759,0.2502,545.4059,0.0,0,12,8,1450000.0,2.0
-999.0,0.0,-999.0,0.0,0.0,1.0,0,8,5,0.0,2.0
-128.9698,0.0887,-5.6372,0.1559,-136.2266,0.0,0,8,5,83000.0,2.0
-105.5,0.0,-0.5,0.0,368.0502,0.6667,1,10,5,289000.0,1.0
-113.2384,0.7012,6.0877,0.4031,173.8029,0.1746,0,12,8,1450000.0,0.0
-113.6381,0.5729,-10.1615,2.8105,229.6971,0.0889,0,12,8,1450000.0,1.0
-131.0384,1.8859,-8.6534,1.3619,163.9265,0.0,0,12,8,1450000.0,2.0
-110.5838,0.8402,6.5589,0.5717,259.827,0.0549,1,12,8,1450000.0,0.0
-130.0,0.1334,-4.8509,0.0907,-491.053,0.0,0,10,5,289000.0,2.0
-129.5797,13.4557,-7.637,13.8529,280.773,0.3,0,12,8,1450000.0,2.0
-105.2414,0.591,13.2909,0.0944,157.7175,0.0,0,12,8,1450000.0,0.0
-136.2261,2.515,-14.343,2.4261,555.3983,0.2727,0,12,8,1450000.0,2.0
-122.5574,0.1842,-2.2005,0.1981,15.542,0.0,0,10,5,289000.0,2.0
-104.5,0.5,-0.7,0.16,282.6961,0.0909,0,10,5,289000.0,1.0
-108.6344,1.5338,-2.9028,3.4794,180.2648,0.0062,0,12,8,1450000.0,1.0
-109.616,1.0518,8.4871,0.2886,445.6044,0.0745,0,12,8,1450000.0,0.0
-110.275,0.2181,-4.375,0.0531,277.8726,0.0909,0,10,5,289000.0,1.0
-110.1771,8.5074,-9.3393,3.7716,-572.2275,0.0888,0,8,5,83000.0,2.0
-131.9934,1.1789,-9.3866,1.0432,85.4025,0.0,0,12,8,1450000.0,2.0
-128.7313,3.1734,-5.6499,1.281,-532.8831,0.0576,0,8,5,83000.0,2.0
-116.35,3.19,-3.35,0.09,-522.6104,0.0,0,8,5,83000.0,1.0
-127.6801,1.6894,-5.6291,1.1016,-545.7102,0.0,0,8,5,83000.0,2.0
-112.1,0.49,10.0,0.0125,-5.872,0.0,0,10,5,289000.0,0.0
-109.7,2.01,9.35,1.14,-241.8016,0.0,0,10,5,289000.0,0.0
-128.4138,16.2306,-5.5737,11.5079,-428.46,0.0961,0,8,5,83000.0,2.0
-102.975,0.4931,-5.375,0.0531,-80.3734,0.0,0,12,8,1450000.0,1.0
-117.3,0.61,5.4,0.3525,-618.2404,0.0,0,8,5,83000.0,0.0
-102.0165,0.0,2.3797,0.0,2588.8696,1.0,83,12,8,0.0,1.0
-112.7,0.21,9.775,0.0306,256.9011,0.0909,0,10,5,289000.0,0.0
-131.1554,6.7535,-7.9382,7.0513,484.33,0.0,0,12,8,1450000.0,2.0
-123.7944,32.3161,1.3471,29.941,-587.2083,0.3083,0,10,5,289000.0,2.0
-110.7,0.21,9.0,0.0875,256.9011,0.0909,0,10,5,289000.0,0.0
-119.3063,0.1861,-3.0132,0.1312,-412.77,0.0,0,10,5,289000.0,2.0
-113.2,0.16,9.375,0.0156,254.804,0.0,0,10,5,289000.0,0.0
-110.8836,0.5644,8.2118,0.2623,332.1271,0.0789,0,12,8,1450000.0,0.0
-99.675,0.7381,-2.475,0.3181,105.277,0.0,0,12,8,1450000.0,1.0
-127.532,4.3188,-4.7258,3.4575,-491.9538,0.1502,0,10,5,289000.0,2.0
-124.0617,4.2868,-1.5376,3.3937,-467.5336,0.1075,0,8,5,83000.0,2.0
-116.6,0.24,6.2,0.3225,-481.506,0.0,0,8,5,83000.0,0.0
-112.3,0.21,9.65,0.015,251.2388,0.0,0,10,5,289000.0,0.0
-108.775,0.0681,-1.775,0.0681,295.6985,0.0909,0,10,5,289000.0,1.0
-127.601,2.058,-3.7876,2.6706,-618.319,0.0,0,10,5,289000.0,2.0
-113.4573,0.797,6.2298,0.2623,193.6752,0.0314,0,12,8,1450000.0,0.0
-123.1508,1.8633,-1.2788,0.9172,244.4478,0.0,0,8,5,83000.0,2.0
-102.778,0.0,7.0084,0.0,2649.3849,1.0,931,12,8,0.0,1.0
-129.5215,1.1451,-6.8414,1.2785,-433.614,0.07,0,8,5,83000.0,2.0
-111.4865,0.6773,8.6596,0.3955,337.6038,0.1877,0,12,8,1450000.0,0.0
-128.1453,0.1012,-4.0295,0.0773,32.3627,0.0,0,10,5,289000.0,2.0
-125.9735,0.2022,-3.077,0.0882,-112.1137,0.0,0,8,5,83000.0,2.0
-131.0984,0.6228,-8.4067,0.5081,198.5241,0.0,0,12,8,1450000.0,2.0
-115.95,0.4725,-6.75,0.1625,-525.9657,0.0,0,8,5,83000.0,1.0
-103.175,0.7006,-0.45,0.285,340.9969,0.0909,0,10,5,289000.0,1.0
-128.6739,4.4369,-5.8374,3.1368,221.3198,0.0506,0,8,5,83000.0,2.0
-106.2663,0.0,3.8732,0.0,2741.0238,1.0,1413,12,8,0.0,1.0
-116.2,0.16,6.75,0.1125,-472.2786,0.0,0,8,5,83000.0,0.0
-122.2443,0.589,0.1265,0.7879,-418.0145,0.0,0,10,5,289000.0,2.0
-111.0316,0.8032,5.5527,0.3875,467.239,0.1283,1,12,8,1450000.0,0.0
-111.6,0.64,9.975,0.2681,112.1976,0.0,0,10,5,289000.0,0.0
-126.9948,2.4617,-4.7251,1.5747,-565.5319,0.0,0,8,5,83000.0,2.0
-112.7,0.21,9.7,0.0725,-74.2392,0.0,0,10,5,289000.0,0.0
-123.986,1.9364,-14.6112,2.2378,-553.6806,0.964,30,8,5,0.0,1.0
-114.4,0.24,8.45,0.035,-171.1276,0.0,0,8,5,83000.0,0.0
-100.8,0.16,11.425,0.1506,-482.3449,0.0,0,8,5,83000.0,0.0
-123.2378,0.3298,-6.065,3.7128,2240.9033,0.6515,150,8,5,0.0,1.0
-115.3,0.61,7.775,0.0931,-490.7336,0.0,0,8,5,83000.0,0.0
-101.6,0.24,11.275,0.0806,-374.9708,0.0,0,8,5,83000.0,0.0
-115.6557,0.2384,-9.1395,7.7033,-540.4528,0.0,0,8,5,83000.0,1.0
-135.1137,10.8427,-11.8665,9.7943,463.0247,0.0,0,12,8,1450000.0,2.0
-102.75,0.3625,0.85,0.7775,321.4934,0.0909,0,10,5,289000.0,1.0
-106.0,0.0,3.45,0.0,2849.4004,1.0,162,10,5,0.0,1.0
-132.7235,1.9303,-9.5006,1.4947,587.5007,0.0,0,12,8,1450000.0,2.0
-109.1285,0.6772,6.5049,0.2601,240.8938,0.1404,0,12,8,1450000.0,0.0
-100.425,0.5756,-2.225,0.1056,55.2075,0.0,0,12,8,1450000.0,1.0
-132.6431,0.5741,-9.6741,0.4753,124.6498,0.0,0,12,8,1450000.0,2.0
-125.193,0.0959,-1.5592,0.1301,-111.3355,0.0,0,10,5,289000.0,2.0
-107.95,0.985,-1.75,0.175,299.0539,0.0909,0,10,5,289000.0,1.0
-117.6,0.44,5.325,0.3131,-478.9896,0.0,0,8,5,83000.0,0.0
-103.5172,0.5834,6.6023,0.0705,193.9015,0.0511,1,12,8,1450000.0,0.0
-113.25,0.1875,0.75,0.0937,-543.1624,0.0,0,8,5,83000.0,1.0
-121.6441,2.7774,2.7387,1.9673,-69.8939,0.0589,0,10,5,289000.0,2.0
-112.3333,1.3472,-7.6667,0.0139,-521.4918,0.0,0,8,5,83000.0,1.0
-100.0909,0.0,4.0227,0.0,2749.0803,1.0,46,10,5,0.0,1.0
-106.8,0.0,-0.6,0.0,2789.8413,1.0,10,10,5,0.0,1.0
-133.0928,2.5213,-9.7014,2.1368,509.3203,0.0,0,12,8,1450000.0,2.0
-107.825,1.2006,-0.1,0.8025,323.5906,0.8039,0,10,5,289000.0,1.0
-103.9985,1.1469,0.8992,1.2351,-168.3582,0.3277,3,12,8,1450000.0,1.0
-101.7,0.21,11.8,0.06,-354.8381,0.0,0,8,5,83000.0,0.0
-103.025,0.8556,-0.825,0.2756,327.5752,0.0909,0,10,5,289000.0,1.0
-110.3174,0.775,9.5896,0.2984,441.5351,0.1288,2,12,8,1450000.0,0.0
-128.6852,4.2888,-5.564,2.5829,-597.3169,0.1691,0,10,5,289000.0,2.0
-126.8976,0.5323,-3.0172,0.4623,-438.8553,0.0,0,10,5,289000.0,2.0
-125.6729,3.229,-0.6922,3.2479,-597.7868,0.03,0,10,5,289000.0,2.0
-116.9,1.09,5.8,0.9725,-497.4444,0.0,0,8,5,83000.0,0.0
-132.1063,2.2617,-10.5388,1.6795,4.655,0.0,0,12,8,1450000.0,2.0
-119.3,0.21,3.225,0.3306,-622.4346,0.0,0,8,5,83000.0,0.0
-115.7719,1.971,8.4534,1.1375,-655.3917,0.454,105,8,5,83000.0,1.0
-115.4,0.5525,-6.3,0.3725,-530.9989,0.0,0,8,5,83000.0,1.0
-128.5747,1.7943,-4.5738,1.369,-600.9322,0.0,0,10,5,289000.0,2.0
-108.725,0.6056,-2.625,0.6906,299.683,0.0909,0,10,5,289000.0,1.0
-112.5,0.65,9.65,0.1775,139.4606,0.0,0,10,5,289000.0,0.0
-103.0,0.0,0.25,0.0,326.1071,0.9231,1,10,5,289000.0,1.0
-125.8034,8.0895,-3.2878,8.7461,-438.8945,0.1308,0,8,5,83000.0,2.0
-105.8562,0.2732,12.4032,0.3181,332.1679,0.0,0,12,8,1450000.0,0.0
-106.2936,0.2261,12.1648,0.2144,295.0266,0.0,1,12,8,1450000.0,0.0
-112.0,0.2,9.75,0.0,251.0291,0.0,0,10,5,289000.0,0.0
-116.5625,0.0742,-5.0625,0.1367,-545.2595,0.0,0,8,5,83000.0,1.0
-122.969,0.5261,0.4025,0.5831,-404.6823,0.0,0,10,5,289000.0,2.0
-112.5833,1.0972,-7.5833,0.0972,-527.0842,0.0,0,8,5,83000.0,1.0
-102.625,1.0281,-1.425,0.2381,299.2636,0.0909,0,10,5,289000.0,1.0
-123.7448,0.4185,-0.6323,0.2943,-417.3368,0.0,0,10,5,289000.0,2.0
-129.4627,2.2891,-5.6132,1.6533,-427.2134,0.0,0,10,5,289000.0,2.0
-105.3456,0.6439,12.3917,0.1206,286.8488,0.0909,0,12,8,1450000.0,0.0
-128.1786,0.6504,-3.8713,0.8553,-603.7142,0.0,0,10,5,289000.0,2.0
-113.2,0.56,9.0,0.9625,172.1762,0.0,0,10,5,289000.0,0.0
-111.1,1.09,9.8,0.4725,252.7068,0.0,0,10,5,289000.0,0.0
-135.0907,2.8403,-12.0477,2.3401,493.4405,0.0,0,12,8,1450000.0,2.0
-111.9,0.29,10.475,0.0306,255.0137,0.0909,0,10,5,289000.0,0.0
-114.4431,0.4451,-6.8566,28.9114,-529.0005,0.9375,0,8,5,83000.0,1.0
-115.2,0.56,7.35,0.69,-496.6056,0.0,0,8,5,83000.0,0.0
-124.4008,0.3408,-3.0267,0.2464,-443.0107,0.0,0,8,5,83000.0,2.0
-130.9,1.8592,-7.0064,0.8069,-434.9423,0.0,0,8,5,83000.0,2.0
-108.2,0.1475,-1.4,0.0275,295.9082,0.2308,0,10,5,289000.0,1.0
-104.925,0.1756,-4.525,0.0556,306.8133,0.0909,0,10,5,289000.0,1.0
-110.4375,0.8867,-4.9375,0.0742,-522.1909,0.0,0,8,5,83000.0,1.0
-114.1526,1.6012,-8.1032,1.7708,-6.1363,0.1171,2,12,8,1450000.0,1.0
-110.2415,0.0,7.3799,0.0,2521.109,1.0,1601,8,5,0.0,1.0
-129.7045,1.555,-6.4865,1.4947,203.5542,0.0,0,12,8,1450000.0,2.0
-130.2665,5.2308,-7.175,4.312,207.7886,0.0,0,12,8,1450000.0,2.0
-105.25,0.15,-0.025,0.0181,298.0053,0.0909,0,10,5,289000.0,1.0
-128.485,0.0793,-4.8024,0.0735,-102.8128,0.0,0,8,5,83000.0,2.0
-104.4589,0.0,2.7022,0.0,2696.2362,1.0,1038,12,8,0.0,1.0
-109.25,0.0417,-4.25,0.0417,-504.7146,0.0,0,8,5,83000.0,1.0
-110.0756,1.0797,8.8567,0.5528,377.7293,0.137,2,12,8,1450000.0,0.0
-125.3142,0.1272,-2.8937,0.0805,-532.3208,0.0036,0,8,5,83000.0,2.0
-133.329,2.1313,-10.8401,1.623,596.6445,0.0,0,12,8,1450000.0,2.0
-109.4375,0.1992,-4.4375,0.1992,-499.1222,0.0,0,8,5,83000.0,1.0
-132.25,0.6348,-7.7725,0.8038,-600.3732,0.0,0,10,5,289000.0,2.0
-113.1667,0.0139,-0.8333,0.3472,-546.6576,0.0,0,8,5,83000.0,1.0
-103.4612,0.1798,10.9986,0.209,331.5691,0.0,0,12,8,1450000.0,0.0
-117.4,0.24,5.2,0.06,-618.2404,0.0,0,8,5,83000.0,0.0
-129.318,0.446,-6.7207,0.3534,-134.612,0.0,0,8,5,83000.0,2.0
-126.3994,2.2772,-4.4643,1.0712,-106.1051,0.0,0,8,5,83000.0,2.0
-116.0,0.0,6.65,0.04,-152.6727,0.0,0,8,5,83000.0,0.0
-121.6762,0.6431,0.9688,0.8713,-469.4806,0.0,0,10,5,289000.0,2.0
-129.561,0.7184,-7.2635,0.2895,-548.4413,0.0,0,8,5,83000.0,2.0
-128.49,0.2649,-4.8476,0.2257,-406.6065,0.0,0,10,5,289000.0,2.0
-101.9571,4.4324,-1.1862,2.7414,265.0917,0.0,0,12,8,1450000.0,1.0
-121.9007,0.1702,-1.6244,0.197,9.7238,0.0,0,10,5,289000.0,2.0
-104.1857,0.3261,12.8672,0.153,387.1943,0.0,0,12,8,1450000.0,0.0
-114.0131,0.2329,5.0588,0.1337,198.1025,0.1974,1,12,8,1450000.0,0.0
-110.5681,0.3745,7.0751,0.5883,189.4611,0.1822,0,12,8,1450000.0,0.0
-117.0937,1.376,9.9764,0.5472,-609.2509,0.38,34,8,5,83000.0,1.0
-114.2,1.4975,-3.8,0.3975,-546.9372,0.0,0,8,5,83000.0,1.0
-122.5048,7.5925,0.9806,7.2135,29.8929,0.1864,0,10,5,289000.0,2.0
-130.9,0.9265,-6.9972,0.7414,-147.5356,0.0,0,8,5,83000.0,2.0
-114.8589,2.315,-12.6224,2.6879,128.8911,0.0647,1,12,8,1450000.0,1.0
-115.7939,0.4631,6.4472,0.4441,322.8269,0.1348,0,12,8,1450000.0,0.0
-117.25,0.2187,-5.25,2.5937,-551.551,0.0,0,8,5,83000.0,1.0
-121.2063,0.075,-3.3456,0.0613,-609.9734,0.0,0,10,5,289000.0,2.0
-100.6364,0.0,3.9318,0.0,2748.699,1.0,13,10,5,0.0,1.0
-116.1667,0.6806,-5.8333,0.5139,-546.6576,0.0,0,8,5,83000.0,1.0
-125.2979,5.3387,-3.0617,2.5455,-464.7839,0.0,0,8,5,83000.0,2.0
-132.5174,0.7224,-9.0927,0.5223,153.243,0.0,0,12,8,1450000.0,2.0
-129.7244,0.2704,-7.4624,0.2865,265.0808,0.0,0,8,5,83000.0,2.0
-112.1,0.29,9.95,0.0725,168.1916,0.0,0,10,5,289000.0,0.0
-128.0259,0.0439,-5.0547,0.039,-473.273,0.0,0,8,5,83000.0,2.0
-104.2656,0.3535,13.2312,0.3499,452.6392,0.0909,0,12,8,1450000.0,0.0
-127.8947,1.2712,-4.0918,1.3531,-75.38,0.0,0,10,5,289000.0,2.0
-109.9594,1.0205,7.8876,0.0513,207.582,0.0225,0,12,8,1450000.0,0.0
-113.7,0.61,8.225,0.0306,163.1584,0.0,0,10,5,289000.0,0.0
-109.1412,0.2113,8.0925,0.4103,428.8328,0.0219,0,12,8,1450000.0,0.0
-116.3,0.41,6.575,0.4006,-478.1507,0.0,0,8,5,83000.0,0.0
-115.5048,0.8449,0.3401,1.1968,300.1871,0.0844,0,12,8,1450000.0,1.0
-108.8333,0.6806,-2.1667,2.3472,-521.4918,0.0,0,8,5,83000.0,1.0
-109.9,0.29,10.7,0.035,-78.8529,0.0909,0,8,5,83000.0,0.0
-103.475,0.5681,-0.975,0.1431,347.7078,0.0909,0,10,5,289000.0,1.0
-100.65,0.865,-1.05,0.285,108.6849,0.0,0,12,8,1450000.0,1.0
-111.6561,0.4934,7.942,0.1178,337.2522,0.1047,0,12,8,1450000.0,0.0
-131.1226,1.2363,-8.421,0.7971,103.3445,0.0,0,12,8,1450000.0,2.0
-128.1068,1.3952,-4.736,1.0591,-606.1644,0.0,0,10,5,289000.0,2.0
-104.2982,0.5358,12.1714,0.2612,322.9797,0.0,0,12,8,1450000.0,0.0
-122.0614,2.4377,0.9495,1.4063,-87.2309,0.0,0,10,5,289000.0,2.0
-129.014,0.354,-4.8685,0.3277,-610.1906,0.0,0,10,5,289000.0,2.0
-115.125,0.6031,-3.825,0.2381,-540.2264,0.0,0,8,5,83000.0,1.0
-111.6,0.44,9.85,0.265,256.9011,0.0909,0,10,5,289000.0,0.0
-122.8614,2.4224,0.2936,1.6287,14.7195,0.0,0,10,5,289000.0,2.0
-111.0064,1.2349,-9.2773,1.6134,176.7472,0.0,0,8,5,83000.0,2.0
-100.8,0.36,11.4,0.0525,-442.9185,0.0,0,8,5,83000.0,0.0
-130.5111,0.9135,-7.7022,0.8174,471.5689,0.0,0,8,5,83000.0,2.0
-118.4,0.24,3.95,0.2225,-138.412,0.0,0,8,5,83000.0,0.0
-124.2863,2.9652,-2.8434,2.4618,-559.3706,0.1309,0,8,5,83000.0,2.0
-131.5697,45.0,-9.6902,43.0819,452.0567,0.1667,0,12,8,1450000.0,2.0
-107.9,0.165,-1.8,0.235,299.2636,0.0909,0,10,5,289000.0,1.0
-130.0,1.7824,-6.6544,1.1029,-72.6129,0.0,0,10,5,289000.0,2.0
-114.25,0.2187,-0.8125,4.2617,-549.4538,0.0,0,8,5,83000.0,1.0
-101.9,0.09,11.775,0.0556,-478.1507,0.0,0,8,5,83000.0,0.0
-122.0003,10.1015,-0.0883,4.797,-552.7065,0.1149,0,8,5,83000.0,2.0
-106.2326,0.3384,11.0585,0.1816,153.4497,0.0,0,12,8,1450000.0,0.0
-110.8741,1.1133,7.8979,0.3532,-327.1594,0.694,12,12,8,1450000.0,1.0
-131.9751,0.3296,-9.855,0.2909,90.8094,0.0,0,12,8,1450000.0,2.0
-110.75,1.125,-5.0,1.3125,-511.7051,0.0,0,8,5,83000.0,1.0
-103.85,0.7525,-0.95,0.0225,345.1912,0.0909,0,10,5,289000.0,1.0
-110.774,0.1312,-3.4538,2.4633,267.9835,0.119,1,12,8,1450000.0,1.0
-123.8061,0.5284,-1.2997,0.2888,-543.3799,0.0184,0,8,5,83000.0,2.0
-114.1,0.29,8.45,0.0225,-494.089,0.0,0,8,5,83000.0,0.0
-125.9071,3.8266,-2.8104,1.8198,-142.7036,0.0915,0,8,5,83000.0,2.0
-105.3333,0.0,3.4167,0.0,2872.7488,1.0,15,10,5,0.0,1.0
-110.0481,1.7093,6.5432,0.6814,-284.4864,0.1912,1,12,8,1450000.0,1.0
-124.6186,1.2811,-2.4816,1.0294,-469.8681,0.0572,0,8,5,83000.0,2.0
-123.4273,0.5938,0.4478,0.3002,-88.9001,0.0,0,10,5,289000.0,2.0
-101.025,0.5181,-3.825,0.1381,103.442,0.0,0,12,8,1450000.0,1.0
-120.5924,0.1229,-2.7413,0.1356,46.6642,0.0,0,10,5,289000.0,2.0
-107.2,0.0,3.9,0.0,2833.4622,1.0,288,10,5,0.0,1.0
-107.3125,0.0,-0.5625,0.0,2790.2607,1.0,11,10,5,0.0,1.0
-133.6048,0.5442,-10.4848,0.3585,687.003,0.0,0,12,8,1450000.0,2.0
-130.2349,0.9022,-6.931,0.5548,144.8887,0.0,0,8,5,83000.0,2.0
-130.6056,2.2965,-7.2032,2.0782,1.9287,0.0,0,12,8,1450000.0,2.0
-127.2239,5.7583,-4.333,4.8021,143.563,0.1289,0,8,5,83000.0,2.0
-121.9705,0.0586,0.3658,0.0333,-612.71,0.0,0,10,5,289000.0,2.0
-117.6,0.24,5.15,0.015,-520.9326,0.0,0,8,5,83000.0,0.0
-100.55,1.835,-1.85,1.015,103.809,0.0,0,12,8,1450000.0,1.0
-121.7939,0.3049,0.9196,0.2222,-100.7298,0.0,0,10,5,289000.0,2.0
-127.7781,0.2822,-3.8438,0.3479,165.456,0.0,0,8,5,83000.0,2.0
-113.3,0.21,9.425,0.0131,248.3028,0.0,0,10,5,289000.0,0.0
-105.4,0.44,2.05,0.3725,292.343,0.0909,0,10,5,289000.0,1.0
-113.9,0.29,8.8,0.0225,-499.961,0.0,0,8,5,83000.0,0.0
-116.2,0.36,6.4,0.065,-148.4784,0.0,0,8,5,83000.0,0.0
-116.5833,0.2639,-5.25,2.0417,-535.4728,0.0,0,8,5,83000.0,1.0
-126.2918,0.4667,-4.4814,0.4127,156.0157,0.0,0,8,5,83000.0,2.0
-131.5825,0.2367,-9.2518,0.2043,27.9326,0.0,0,12,8,1450000.0,2.0
-114.25,0.2917,-1.25,0.2917,-543.8614,0.0,0,8,5,83000.0,1.0
-132.9479,0.1146,-9.8993,0.1117,24.541,0.0,0,12,8,1450000.0,2.0
-103.1362,1.133,13.0426,0.7524,440.6378,0.1074,1,12,8,1450000.0,0.0
-110.2599,0.898,7.3828,0.4095,348.9319,0.1604,0,12,8,1450000.0,0.0
-103.125,0.0156,-0.125,0.0156,319.8157,0.7143,3,10,5,289000.0,1.0
-133.4457,0.362,-10.8401,0.3161,74.3705,0.0,0,12,8,1450000.0,2.0
-114.0833,0.8889,-1.75,0.0,-535.4728,0.0,0,8,5,83000.0,1.0
-111.1,0.29,9.625,0.1281,257.3206,0.0,0,10,5,289000.0,0.0
-100.7953,3.793,-0.6128,2.2673,338.6951,0.0,0,12,8,1450000.0,1.0
-111.3745,0.3982,6.1212,0.4463,444.9454,0.115,0,12,8,1450000.0,0.0
-114.0,0.2,8.625,0.0156,-490.7336,0.0,0,8,5,83000.0,0.0
-112.9167,0.2222,-0.25,0.0,-549.4538,0.0,0,8,5,83000.0,1.0
-129.0745,3.1406,-5.8331,1.7238,-466.7543,0.1775,0,8,5,83000.0,2.0
-131.889,0.8725,-8.4599,0.6944,190.716,0.0,0,12,8,1450000.0,2.0
-111.0,0.125,-5.75,0.0625,-526.3851,0.0,0,8,5,83000.0,1.0
-116.6371,0.9842,5.9868,0.5775,194.3378,0.1863,0,12,8,1450000.0,0.0
-112.0,0.0,10.05,0.01,132.3303,0.0,0,10,5,289000.0,0.0
-103.6918,0.1382,11.6387,0.0873,452.8522,0.0,0,12,8,1450000.0,0.0
-106.2894,0.7616,11.2849,0.5034,315.0772,0.1158,1,12,8,1450000.0,0.0
-109.875,0.0,10.3828,0.0,2435.0557,1.0,1563,8,5,0.0,1.0
-104.2495,1.8591,-14.6325,2.3398,59.3001,0.0,0,12,8,1450000.0,1.0
-124.0825,0.8661,-1.871,0.6351,242.658,0.0259,0,8,5,83000.0,2.0
-125.0957,0.0871,-2.9663,0.0425,-530.8331,0.0,0,8,5,83000.0,2.0
-121.7106,0.9878,-5.7371,1.0803,-39.1106,0.0974,0,12,8,1450000.0,1.0
-112.6,0.44,9.725,0.1681,-1.468,0.0,0,10,5,289000.0,0.0
-127.4529,1.9364,-4.1092,1.7288,455.4901,0.0152,0,8,5,83000.0,2.0
-114.9489,1.7308,-5.524,0.9629,-113.2931,0.0,0,8,5,83000.0,2.0
-112.2,0.36,10.075,0.0381,256.6914,0.0909,0,10,5,289000.0,0.0
-113.3,0.41,9.4,0.015,259.208,0.0,0,10,5,289000.0,0.0
-122.7121,0.3963,2.0829,0.1952,24.4667,0.1507,0,10,5,289000.0,2.0
-110.1,0.09,8.6,0.0525,183.2911,0.0,0,10,5,289000.0,0.0
-135.7958,0.2889,-12.9391,0.2377,139.9924,0.0,0,12,8,1450000.0,2.0
-113.7,0.61,9.225,0.0306,143.8646,0.0,0,10,5,289000.0,0.0
-128.5553,0.0783,-4.536,0.0548,-459.7943,0.0,0,10,5,289000.0,2.0
-127.7777,0.4311,-4.9949,0.2152,18.2595,0.0,0,10,5,289000.0,2.0
-109.6187,4.1422,-11.1071,4.5403,-458.8649,0.0899,0,8,5,83000.0,2.0
-111.6,0.24,9.875,0.2031,170.7082,0.0,0,10,5,289000.0,0.0
-129.8609,0.2116,-7.2828,0.191,73.1552,0.0,0,12,8,1450000.0,2.0
-111.3,0.21,8.85,0.1025,-76.3363,0.0909,0,8,5,83000.0,0.0
-110.4,0.24,8.775,0.0931,256.4817,0.0909,0,10,5,289000.0,0.0
-103.0407,1.4771,-3.4927,2.8863,239.5639,0.0,0,12,8,1450000.0,1.0
-98.6,0.24,0.125,0.0156,96.3641,0.0,0,12,8,1450000.0,1.0
-124.6875,1.3025,-2.1743,0.7112,242.8766,0.0,0,8,5,83000.0,2.0
-112.4,2.24,9.1,0.8775,-235.3005,0.0,0,10,5,289000.0,0.0
-112.824,2.7175,11.0,2.3818,-602.8881,0.1633,0,10,5,289000.0,2.0
-103.9527,0.6552,-2.1135,2.1047,-24.2328,0.0,0,12,8,1450000.0,1.0
-126.7149,45.0,-4.8703,49.7173,-452.5674,0.2553,0,8,5,83000.0,2.0
-110.2556,0.8642,-6.1298,4.0763,195.7229,0.0548,0,12,8,1450000.0,1.0
-112.6875,0.8555,-7.6875,0.1055,-522.1909,0.0,0,8,5,83000.0,1.0
-101.2901,2.2468,-4.6865,2.3868,283.3,0.0,0,12,8,1450000.0,1.0
-110.9,1.49,9.8,0.785,-219.5718,0.0,0,10,5,289000.0,0.0
-109.7198,5.1752,-10.8283,2.718,-133.3535,0.071,0,8,5,83000.0,2.0
-110.5,0.45,8.75,0.1625,162.9487,0.0,0,10,5,289000.0,0.0
-111.825,0.0881,-3.925,0.0131,287.5195,0.0909,0,10,5,289000.0,1.0
-113.9,0.29,8.725,0.0306,-496.6056,0.0,0,8,5,83000.0,0.0
-116.3125,0.0,7.5625,0.0,2571.1089,1.0,2514,8,5,0.0,1.0
-127.4119,0.3362,-3.1645,0.3891,-408.6469,0.0,0,10,5,289000.0,2.0
-128.1521,0.3487,-4.4892,0.2414,-609.6124,0.0,0,10,5,289000.0,2.0
-111.9,0.09,10.225,0.0306,256.6914,0.0909,0,10,5,289000.0,0.0
-99.8,0.935,-1.1,0.065,108.6849,0.0,0,12,8,1450000.0,1.0
-104.7,0.21,1.75,0.0375,290.4556,0.0909,0,10,5,289000.0,1.0
-116.3,0.61,6.825,0.3131,-494.9279,0.0,0,8,5,83000.0,0.0
-115.2,0.36,7.675,0.0256,-186.2271,0.0,0,8,5,83000.0,0.0
-128.8175,1.6507,-5.9118,0.9899,-433.1234,0.0,0,8,5,83000.0,2.0
-129.1211,0.3074,-5.4089,0.328,-454.5007,0.0678,0,8,5,83000.0,2.0
-113.5,0.25,8.75,0.025,211.6026,0.0,0,10,5,289000.0,0.0
-102.7451,0.5289,-3.8161,1.0373,190.0806,0.0,0,12,8,1450000.0,1.0
-109.3687,0.0,0.5616,0.0,3745.2456,1.0,16,12,8,0.0,1.0
-117.4672,0.406,5.341,0.4259,468.4884,0.0875,0,12,8,1450000.0,0.0
-111.2,0.36,10.45,0.1475,247.6737,0.0,0,10,5,289000.0,0.0
-117.4,0.44,5.55,0.2225,-617.4015,0.0,0,8,5,83000.0,0.0
-114.0,0.2,8.175,0.0131,209.5055,0.0,0,10,5,289000.0,0.0
-131.7337,0.4566,-8.7364,0.2946,64.8337,0.0,0,12,8,1450000.0,2.0
-120.5695,0.315,-1.9059,0.3024,23.5236,0.0,0,10,5,289000.0,2.0
-109.1667,0.7222,-4.1667,2.3889,-504.7146,0.0,0,8,5,83000.0,1.0
-102.0,0.4,11.825,0.0631,-482.3449,0.0,0,8,5,83000.0,0.0
-108.5873,0.7415,6.8985,0.7368,228.1033,0.0525,0,12,8,1450000.0,0.0
-112.9,0.69,9.225,0.3556,172.3859,0.0,0,10,5,289000.0,0.0
-132.7938,0.0496,-10.7228,0.0392,230.7877,0.0,0,12,8,1450000.0,2.0
-119.3,0.61,3.575,0.1506,-145.9618,0.0,0,8,5,83000.0,0.0
-131.9248,0.5334,-9.3182,0.421,170.6728,0.0,0,12,8,1450000.0,2.0
-100.475,1.7056,-3.775,0.0306,105.0149,0.0,0,12,8,1450000.0,1.0
-115.1,1.89,7.6,1.165,-474.7952,0.0,0,8,5,83000.0,0.0
-113.0,0.6,9.15,0.04,9.6469,0.0,0,10,5,289000.0,0.0
-119.8711,0.7286,-1.7616,0.8378,460.0945,0.0,0,8,5,83000.0,2.0
-112.5,0.45,9.975,0.0431,258.9983,0.0909,0,10,5,289000.0,0.0
-117.1742,0.383,7.7071,0.3551,173.3183,0.0805,1,12,8,1450000.0,0.0
-128.0083,4.0055,-3.7501,2.8822,-417.406,0.2346,0,10,5,289000.0,2.0
-104.15,0.2025,-1.95,0.0725,304.9258,0.0909,0,10,5,289000.0,1.0
-113.4,0.84,8.775,0.5931,256.4817,0.0909,0,10,5,289000.0,0.0
-115.9,0.29,6.75,0.025,-478.1507,0.0,0,8,5,83000.0,0.0
-114.2161,1.0608,6.6311,0.1985,320.0804,0.172,2,12,8,1450000.0,0.0
-111.2,0.36,9.525,0.2556,262.7732,0.0909,0,10,5,289000.0,0.0
-101.25,1.1875,-1.25,0.0875,110.6248,0.0,0,12,8,1450000.0,1.0
-111.4375,0.4492,-6.1875,0.1055,-532.6766,0.0,0,8,5,83000.0,1.0
-134.9662,0.7033,-11.5374,0.4654,263.7719,0.0,0,12,8,1450000.0,2.0
-132.4052,0.4654,-8.6603,0.39,193.4686,0.0,0,12,8,1450000.0,2.0
-113.8583,0.5392,-9.1988,0.8563,42.1901,0.0186,2,12,8,1450000.0,1.0
-103.1,0.265,-0.475,0.1056,339.9483,0.0909,0,10,5,289000.0,1.0
-110.8,0.36,10.65,0.0275,252.7068,0.0,0,10,5,289000.0,0.0
-113.7993,0.442,12.0143,0.6916,433.228,0.0546,0,12,8,1450000.0,0.0
-110.6737,2.8493,-9.9817,0.3872,210.196,0.1715,1,12,8,1450000.0,1.0
-132.4421,2.4207,-9.5466,1.9348,243.424,0.0,0,12,8,1450000.0,2.0
-111.819,2.3778,-6.6506,2.4338,145.4059,0.0644,2,12,8,1450000.0,1.0
-110.3,3.01,9.3,0.0975,218.5232,0.0,0,10,5,289000.0,0.0
-106.7613,0.6364,10.8911,0.2067,394.9046,0.0682,0,12,8,1450000.0,0.0
-117.2,0.16,5.175,0.0131,-116.6016,0.0,0,8,5,83000.0,0.0
-129.5587,34.9196,-4.8237,17.8123,-622.9323,0.3545,0,10,5,289000.0,2.0
-135.6125,0.3446,-11.6915,0.276,139.7454,0.0,0,12,8,1450000.0,2.0
-117.2258,0.0,6.8065,0.0,2588.156,1.0,2735,8,5,0.0,1.0
-127.0926,0.1574,-4.5592,0.0801,-443.2732,0.0,0,8,5,83000.0,2.0
-102.3,0.21,11.625,0.0406,-499.1221,0.0,0,8,5,83000.0,0.0
-116.3305,0.9779,-4.4823,0.4991,-540.5341,0.0,0,8,5,83000.0,2.0
-106.5333,0.6477,10.8994,0.2147,163.4745,0.1,0,12,8,1450000.0,0.0
-104.2207,0.3199,11.0166,0.3135,294.1609,0.0,0,12,8,1450000.0,0.0
-107.7,0.81,11.425,0.8631,-252.0776,0.0,0,10,5,289000.0,0.0
-104.075,0.7506,-0.975,0.0056,293.3916,0.0909,0,10,5,289000.0,1.0
-999.0,0.0,-999.0,0.0,0.0,1.0,0,8,5,0.0,2.0
-104.2397,0.4125,11.896,0.5887,152.2526,0.1639,0,12,8,1450000.0,0.0
-133.1973,7.557,-9.6423,5.5627,564.9371,0.1,0,12,8,1450000.0,2.0
-127.7542,1.5479,-4.8274,1.1897,482.3512,0.0013,0,8,5,83000.0,2.0
-111.2077,0.6203,5.8893,0.582,236.5447,0.048,0,12,8,1450000.0,0.0
-122.0462,1.9591,-0.7122,3.6019,41.3553,0.0,0,10,5,289000.0,2.0
-125.0063,1.8821,-2.592,1.6573,-455.0769,0.0,0,8,5,83000.0,2.0
-107.0,0.0,3.7,0.0,2839.334,1.0,256,10,5,0.0,1.0
-111.0,0.0,10.0312,0.0,2313.4214,1.0,1025,8,5,0.0,1.0
-116.581,0.4212,5.7483,0.191,165.3442,0.1999,1,12,8,1450000.0,0.0
-125.5691,6.023,-2.8932,3.681,242.7908,0.0944,0,8,5,83000.0,2.0
-115.8841,0.2927,7.9745,0.5796,433.7506,0.0682,1,12,8,1450000.0,0.0
-113.6,0.84,8.725,0.2056,257.74,0.0,0,10,5,289000.0,0.0
-111.3125,0.1367,-6.8125,0.1992,-524.288,0.0,0,8,5,83000.0,1.0
-999.0,0.0,-999.0,0.0,0.0,1.0,0,10,5,0.0,1.0
-105.1694,0.2411,10.9812,0.3401,469.3292,0.1,0,12,8,1450000.0,0.0
-102.0311,0.0,5.0961,0.0,2653.2008,1.0,950,12,8,0.0,1.0
-100.625,0.5281,-1.15,1.1025,61.3417,0.0,0,12,8,1450000.0,1.0
-102.2,0.4725,-6.4,0.1525,61.3941,0.0,0,12,8,1450000.0,1.0
-104.95,0.16,-5.15,0.19,319.606,0.0909,0,10,5,289000.0,1.0
-117.6,1.04,5.125,0.9406,-477.3118,0.0,0,8,5,83000.0,0.0
-109.9,0.49,8.725,0.1431,222.5078,0.0,0,10,5,289000.0,0.0
-130.079,1.0845,-6.4385,1.0568,-79.5686,0.0,0,12,8,1450000.0,2.0
-110.6,0.44,9.3,0.9975,154.1407,0.0,0,10,5,289000.0,0.0
-101.6,0.44,11.825,0.0756,-490.7336,0.0,0,8,5,83000.0,0.0
-107.8984,0.0845,-12.3158,0.0946,231.578,0.0248,0,8,5,83000.0,2.0
-104.525,0.5431,-3.025,0.3181,298.4247,0.0909,0,10,5,289000.0,1.0
-104.3353,0.4595,11.381,0.2037,274.6701,0.0909,0,12,8,1450000.0,0.0
-109.0625,0.2305,-4.3125,0.0117,-524.288,0.0,0,8,5,83000.0,1.0
-115.5,0.25,7.35,0.015,-480.6672,0.0,0,8,5,83000.0,0.0
-113.868,6.0136,-7.0309,6.1509,145.5676,0.0641,0,8,5,83000.0,2.0
-132.0363,0.5264,-9.5074,0.4648,315.9283,0.0,0,12,8,1450000.0,2.0
-111.0,0.6,10.45,0.0975,252.9165,0.0,0,10,5,289000.0,0.0
-112.7,0.21,9.25,0.025,-208.0375,0.0,0,8,5,83000.0,0.0
-130.3921,0.2467,-7.3773,0.2088,-61.7258,0.0,0,12,8,1450000.0,2.0
-112.6057,0.0,6.4025,0.0,2180.0,1.0,629,8,5,0.0,1.0
-123.4124,11.5872,-1.0605,13.9583,231.3741,0.2003,0,8,5,83000.0,2.0
-104.9,0.29,-4.1,0.34,295.4887,0.0909,0,10,5,289000.0,1.0
-129.6357,9.5316,-6.0968,7.5275,195.6116,0.2727,0,12,8,1450000.0,2.0
-103.8,0.36,0.1,0.015,288.5681,0.0909,0,10,5,289000.0,1.0
-114.2,0.16,8.45,0.035,-493.2502,0.0,0,8,5,83000.0,0.0
-121.4166,0.1128,-1.4619,0.1072,-613.8583,0.0,0,10,5,289000.0,2.0
-111.5,0.25,9.1,0.19,-107.3742,0.0,0,8,5,83000.0,0.0
-118.4912,0.4036,8.2477,0.0346,-604.2756,0.7579,90,8,5,83000.0,1.0
-131.6609,0.3274,-8.2613,0.2775,-48.1598,0.0,0,12,8,1450000.0,2.0
-112.3,2.81,8.65,0.54,163.9973,0.2308,0,10,5,289000.0,0.0
-116.4768,0.69,6.586,0.1978,297.1206,0.1586,1,12,8,1450000.0,0.0
-114.2,0.36,8.5,0.0125,-494.9278,0.0,0,8,5,83000.0,0.0
-111.8,0.56,10.3,0.0225,256.9011,0.0909,0,10,5,289000.0,0.0
-113.1995,1.0692,7.7067,0.0631,2430.0975,0.8506,1856,8,5,0.0,1.0
-110.6,0.24,8.8,0.1225,257.5303,0.0909,0,10,5,289000.0,0.0
-105.4686,0.1475,11.2391,0.2526,438.959,0.0,1,12,8,1450000.0,0.0
-111.8,0.36,10.25,0.0125,124.7805,0.0,0,10,5,289000.0,0.0
-118.6526,1.9566,9.8869,0.5404,-614.3244,0.4279,69,8,5,83000.0,1.0
-121.5116,1.7612,-0.493,1.7164,-618.1968,0.0,0,10,5,289000.0,2.0
-115.1895,0.8155,8.1676,0.9912,2621.765,0.2631,1366,8,5,83000.0,1.0
-109.1925,0.426,9.3753,0.5727,397.7248,0.1239,1,12,8,1450000.0,0.0
-105.509,0.1507,12.7132,0.3458,458.053,0.0,0,12,8,1450000.0,0.0
-111.558,0.7157,7.9292,0.3573,209.0471,0.1147,0,12,8,1450000.0,0.0
-126.4498,6.755,-3.6017,6.7861,-450.8932,0.0732,0,8,5,83000.0,2.0
-102.175,2.6131,-3.0,21.175,58.0387,0.0,0,12,8,1450000.0,1.0
-103.2056,0.165,13.1401,0.0914,274.1277,0.0,0,12,8,1450000.0,0.0
-99.7,0.66,-1.6,0.04,67.5807,0.0,0,12,8,1450000.0,1.0
-108.7435,0.1994,9.3769,0.0488,442.6497,0.1908,1,12,8,1450000.0,0.0
-112.5,0.25,9.575,0.0256,251.4485,0.0,0,10,5,289000.0,0.0
-124.2789,3.1646,1.7252,3.2185,-427.1876,0.1797,0,10,5,289000.0,2.0
-123.6482,3.9819,0.9881,3.0807,-427.1221,0.23,0,10,5,289000.0,2.0
-128.0507,0.3093,-4.351,0.2257,-407.9283,0.0,0,10,5,289000.0,2.0
-110.25,2.0417,-5.9167,0.9306,-535.4728,0.0,0,8,5,83000.0,1.0
-118.6,0.64,4.425,0.3381,-623.2736,0.0,0,8,5,83000.0,0.0
-111.9167,0.8889,-5.9167,0.2222,-515.8994,0.0,0,8,5,83000.0,1.0
-109.5,0.375,-4.8333,0.0972,-496.326,0.0,0,8,5,83000.0,1.0
-120.5475,0.2906,-1.5494,0.1465,30.9435,0.0,0,10,5,289000.0,2.0
-118.2,0.36,4.65,0.065,-139.2509,0.0,0,8,5,83000.0,0.0
-130.9923,0.9057,-7.6159,0.7907,240.1059,0.0,0,12,8,1450000.0,2.0
-115.4,0.24,7.425,0.4756,-477.3118,0.0,0,8,5,83000.0,0.0
-114.1014,0.2659,7.8232,0.1744,464.5199,0.0234,0,12,8,1450000.0,0.0
-132.2026,0.2802,-9.4041,0.2142,261.2379,0.1667,0,12,8,1450000.0,2.0
-132.2883,0.784,-9.149,0.7145,-86.8676,0.0,0,12,8,1450000.0,2.0
-101.025,1.3181,-8.125,0.3531,100.8206,0.0,0,12,8,1450000.0,1.0
-118.8,0.76,3.875,0.5656,-525.1269,0.0,0,8,5,83000.0,0.0
-106.2858,0.3137,13.0602,0.0839,462.3292,0.0,0,12,8,1450000.0,0.0
-114.5,0.25,8.25,0.0125,-187.9048,0.0,0,8,5,83000.0,0.0
-104.4751,0.4163,11.5235,0.217,354.6094,0.0,0,12,8,1450000.0,0.0
-107.8,0.0,2.7,0.0,2873.3079,1.0,12,10,5,0.0,1.0
-118.2,0.36,4.6,0.0275,-513.3828,0.0,0,8,5,83000.0,0.0
-101.5,0.25,11.775,0.0806,-473.9564,0.0,0,8,5,83000.0,0.0
-105.2718,0.0,2.488,0.0,2689.3777,1.0,843,12,8,0.0,1.0
-114.825,3.2756,-4.525,1.0806,-537.7098,0.0,0,8,5,83000.0,1.0
-102.7654,0.1215,6.6782,2.4807,-287.803,0.8195,0,12,8,1450000.0,1.0
-113.1,0.09,9.225,0.0181,72.3517,0.0,0,10,5,289000.0,0.0
-127.9144,5.6154,-6.4599,5.7936,253.6366,0.0844,0,8,5,83000.0,2.0
-106.2215,6.2537,-13.93,3.753,-468.1925,0.0755,0,8,5,83000.0,2.0
-105.4932,0.1032,11.1108,0.128,245.1397,0.0,1,12,8,1450000.0,0.0
-129.842,1.1795,-5.932,0.9498,-595.2792,0.0,0,10,5,289000.0,2.0
-110.8,0.56,9.625,0.0906,-113.2462,0.0,0,8,5,83000.0,0.0
-123.7298,10.3214,-1.5876,2.958,-436.407,0.0015,0,8,5,83000.0,2.0
-113.1,0.09,9.325,0.0131,247.6736,0.0,0,10,5,289000.0,0.0
-101.2,0.6475,-9.1,7.5775,91.5407,0.0,0,12,8,1450000.0,1.0
-123.8451,1.3726,-0.1049,1.4288,-441.6026,0.0,0,10,5,289000.0,2.0
-103.375,0.4281,-0.675,0.1131,335.3346,0.1667,0,10,5,289000.0,1.0
-134.1185,1.9979,-10.1467,1.5963,134.3212,0.0,0,12,8,1450000.0,2.0
-111.7,0.81,9.9,0.115,122.8931,0.0,0,10,5,289000.0,0.0
-117.0938,0.0,6.9141,0.0,2584.2156,1.0,2672,8,5,0.0,1.0
-130.7116,0.0594,-7.9295,0.0529,459.3733,0.0,0,12,8,1450000.0,2.0
-117.8,0.36,5.125,0.0156,-493.2502,0.0,0,8,5,83000.0,0.0
-101.3567,0.2051,-2.9504,0.4276,229.5147,0.0,0,12,8,1450000.0,1.0
-133.9144,0.2353,-10.0515,0.1922,-24.8851,0.0,0,12,8,1450000.0,2.0
-128.144,0.011,-5.9966,0.0108,-462.341,0.0,0,8,5,83000.0,2.0
-112.5,0.25,9.6,0.04,-240.7531,0.0,0,8,5,83000.0,0.0
-109.9573,0.7873,8.68,0.0773,462.128,0.0742,0,12,8,1450000.0,0.0
-102.3,2.81,11.4,0.3275,-465.5678,0.0,0,8,5,83000.0,0.0
-121.9027,0.3761,0.995,0.452,-422.192,0.0,0,10,5,289000.0,2.0
-102.8,0.36,11.65,0.0275,-482.3449,0.0,0,8,5,83000.0,0.0
-110.4,0.64,9.225,0.0806,258.1594,0.0,0,10,5,289000.0,0.0
-110.8366,0.7764,7.9887,0.4247,411.3598,0.1001,1,12,8,1450000.0,0.0
-100.8,0.36,11.2,0.1475,-448.7905,0.0,0,8,5,83000.0,0.0
-104.5,0.9125,0.6,17.1025,288.7778,0.0909,0,10,5,289000.0,1.0
-124.0983,0.1373,-0.4708,0.0632,48.7415,0.0,0,10,5,289000.0,2.0
-113.6,0.24,9.15,0.015,254.3846,0.0,0,10,5,289000.0,0.0
-121.9007,0.2791,0.6577,0.371,-464.0549,0.0,0,10,5,289000.0,2.0
-105.7438,0.273,12.5903,0.1235,415.1328,0.0,1,12,8,1450000.0,0.0
-106.2649,0.1593,12.8355,0.1928,244.754,0.0,0,12,8,1450000.0,0.0
-110.5,0.25,9.1,0.065,255.6428,0.0,0,10,5,289000.0,0.0
-109.15,0.49,0.075,0.7006,286.4709,0.0909,0,10,5,289000.0,1.0
-113.2,0.16,9.1,0.0525,140.5092,0.0,0,10,5,289000.0,0.0
-127.4286,0.3614,-4.0057,0.266,240.4161,0.089,0,8,5,83000.0,2.0
-108.3675,0.4821,10.0592,0.3768,289.259,0.103,1,12,8,1450000.0,0.0
-112.8,0.36,9.425,0.0131,248.3028,0.0,0,10,5,289000.0,0.0
-116.0,1.2,6.85,1.215,-613.2072,0.0,0,8,5,83000.0,0.0
-104.0104,0.4598,12.6778,0.0327,370.5475,0.0,1,12,8,1450000.0,0.0
-132.3854,0.1385,-8.5827,0.0902,11.158,0.0,0,12,8,1450000.0,2.0
-113.2,0.36,9.15,0.015,141.348,0.0,0,10,5,289000.0,0.0
-110.9167,0.0556,-4.5833,2.3889,-535.4728,0.0,0,8,5,83000.0,1.0
-99.775,1.2556,-3.275,0.0306,107.7412,0.0,0,12,8,1450000.0,1.0
-108.625,0.3156,-2.725,0.0806,299.4733,0.0909,0,10,5,289000.0,1.0
-103.7495,0.5101,10.5681,0.0201,303.9062,0.1,0,12,8,1450000.0,0.0
-130.8724,0.4133,-8.5848,0.3411,423.5399,0.0,0,12,8,1450000.0,2.0
-114.225,1.4931,-3.825,0.1131,-540.2264,0.0,0,8,5,83000.0,1.0
-103.0531,0.0,3.956,0.0,2736.7729,1.0,871,12,8,0.0,1.0
-110.2,0.16,10.5,0.0625,-77.1752,0.0909,0,8,5,83000.0,0.0
-123.3224,0.383,0.4123,0.3036,-62.8932,0.0,0,10,5,289000.0,2.0
-124.6875,1.3025,-2.1743,0.7112,242.8766,0.0,0,8,5,83000.0,2.0
-112.6189,0.4662,5.7429,0.1344,449.3608,0.1962,0,12,8,1450000.0,0.0
-104.025,0.2556,-0.625,0.0156,285.8418,0.0909,0,10,5,289000.0,1.0
-110.1807,0.3947,-5.0703,2.0016,357.2537,0.0822,0,12,8,1450000.0,1.0
-111.4267,0.937,8.313,0.2467,335.0672,0.0547,0,12,8,1450000.0,0.0
-128.0559,0.2759,-5.3458,0.2007,451.4937,0.0,0,8,5,83000.0,2.0
-113.775,1.2306,-4.075,0.0756,-544.4206,0.0,0,8,5,83000.0,1.0
-99.843,0.424,-12.811,1.9144,122.0845,0.0,0,12,8,1450000.0,1.0
-117.4,0.44,5.325,0.2131,-522.6104,0.0,0,8,5,83000.0,0.0
-127.511,1.361,-5.9564,0.4707,-574.0789,0.267,1400,8,5,0.0,1.0
-124.222,1.8106,-0.698,1.0469,-542.4662,0.0,0,8,5,83000.0,2.0
-122.0235,6.1237,-0.5947,3.9127,-96.4863,0.2147,0,10,5,289000.0,2.0
-102.8,0.96,11.5,0.1375,-460.5346,0.0,0,8,5,83000.0,0.0
-113.7,0.21,8.625,0.0281,209.0861,0.0,0,10,5,289000.0,0.0
-105.25,0.225,-5.05,0.285,321.074,0.0909,0,10,5,289000.0,1.0
-130.9807,0.4199,-8.4088,0.3268,214.0618,0.0,0,12,8,1450000.0,2.0
-106.4905,0.3402,12.3075,0.2117,448.1152,0.1,0,12,8,1450000.0,0.0
-101.0,1.0625,-10.3,0.3225,111.6733,0.0,0,12,8,1450000.0,1.0
-130.424,11.5629,-5.9602,10.8366,474.5545,0.1233,0,8,5,83000.0,2.0
-101.7,0.41,11.775,0.0431,-490.7336,0.0,0,8,5,83000.0,0.0
-129.382,1.052,-7.4525,0.9212,83.8187,0.0,0,12,8,1450000.0,2.0
-122.336,0.3759,0.7131,0.4959,-95.7237,0.0,0,10,5,289000.0,2.0
-117.1372,0.9545,6.3666,0.3364,158.7259,0.0696,1,12,8,1450000.0,0.0
-131.9132,18.5391,-9.895,18.239,498.3098,0.0,0,12,8,1450000.0,2.0
-128.8944,5.5759,-5.4747,3.497,-459.07,0.0896,0,8,5,83000.0,2.0
-113.6,0.24,8.8,0.035,176.3705,0.0,0,10,5,289000.0,0.0
-114.2,0.16,8.65,0.015,-498.2833,0.0,0,8,5,83000.0,0.0
-101.0,0.2,10.2,0.16,-425.3024,0.0,0,8,5,83000.0,0.0
-110.736,1.6312,3.3171,2.2495,268.7208,0.3749,7,12,8,1450000.0,1.0
-104.8357,0.3768,12.6732,0.2029,235.9591,0.1818,0,12,8,1450000.0,0.0
-113.1875,0.1367,-1.1875,0.1367,-541.0652,0.0,0,8,5,83000.0,1.0
-116.4,0.24,6.575,0.0131,-476.473,0.0,0,8,5,83000.0,0.0
-110.2,0.36,10.225,0.0431,-77.1752,0.0909,0,8,5,83000.0,0.0
-126.1841,0.6762,-3.1536,0.3403,-553.7826,0.0,0,8,5,83000.0,2.0
-131.05,2.3985,-8.4648,2.1448,325.9362,0.1,0,12,8,1450000.0,2.0
-133.8579,20.4007,-9.942,17.6318,26.9787,0.0,0,12,8,1450000.0,2.0
-102.3333,0.2222,0.25,0.0417,317.0194,0.7,0,10,5,289000.0,1.0
-115.0833,0.2639,-3.75,0.0417,-546.6577,0.0,0,8,5,83000.0,1.0
-131.5879,10.7494,-9.9386,6.6753,106.7428,0.0,0,12,8,1450000.0,2.0
-126.9974,0.3528,-3.355,0.4112,-406.2301,0.0,0,10,5,289000.0,2.0
-132.2042,1.1717,-9.0566,1.2228,231.8746,0.0,0,12,8,1450000.0,2.0
-126.0598,2.3591,-3.1646,2.8456,238.0629,0.0,0,8,5,83000.0,2.0
-105.3445,0.5801,10.6105,0.0367,330.5492,0.0,0,12,8,1450000.0,0.0
-124.7233,0.0388,-3.2755,0.0245,230.3422,0.0,0,8,5,83000.0,2.0
-113.2,0.16,9.025,0.0306,58.0911,0.0,0,10,5,289000.0,0.0
-126.7334,1.2017,-3.225,0.6379,176.547,0.0,0,8,5,83000.0,2.0
-122.1112,40.0011,1.114,43.8971,-602.9258,0.4516,0,10,5,289000.0,2.0
-130.7638,1.1209,-7.6127,0.7282,160.6876,0.0,0,12,8,1450000.0,2.0
-112.7,0.21,9.625,0.0156,250.6096,0.0,0,10,5,289000.0,0.0
-104.95,0.11,0.1,0.0525,293.3916,0.0909,0,10,5,289000.0,1.0
-122.0934,2.0865,-0.2555,0.9004,32.51,0.0,0,10,5,289000.0,2.0
-118.3,0.21,4.4,0.015,-119.9571,0.0,0,8,5,83000.0,0.0
-107.021,1.5825,4.5613,0.084,-196.2028,0.63,12,12,8,1450000.0,1.0
-106.4749,0.5743,11.4065,0.2935,208.1451,0.0,0,12,8,1450000.0,0.0
-104.45,0.6725,-3.65,0.2025,287.5195,0.0909,0,10,5,289000.0,1.0
-114.8,0.56,7.9,0.49,-477.3118,0.0,0,8,5,83000.0,0.0
-125.9119,1.229,-3.7658,0.6181,489.4919,0.0,0,8,5,83000.0,2.0
-114.9672,1.0501,3.0886,0.7506,-613.2953,0.4216,119,8,5,83000.0,1.0
-113.3,0.41,9.05,0.035,151.6241,0.0,0,10,5,289000.0,0.0
-132.3915,2.2453,-10.0836,1.8907,245.5609,0.1667,0,12,8,1450000.0,2.0
-117.8,0.96,4.925,0.3881,-481.506,0.0,0,8,5,83000.0,0.0
-106.25,0.0,3.0,0.0,2860.5154,1.0,76,10,5,0.0,1.0
-112.8,0.76,9.25,0.4625,252.4971,0.0,0,10,5,289000.0,0.0
-129.1405,0.2566,-6.7561,0.1972,35.2128,0.0,0,12,8,1450000.0,2.0
-111.8031,1.0902,8.8996,0.5554,220.405,0.1229,0,12,8,1450000.0,0.0
-127.4168,16.3557,-5.3688,8.0885,204.6651,0.1175,0,8,5,83000.0,2.0
-114.0,0.0,0.3333,0.0972,-541.0652,0.0,0,8,5,83000.0,1.0
-110.0,0.2,10.675,0.1131,-75.4975,0.0909,0,8,5,83000.0,0.0
-119.1,0.09,3.0,0.125,-136.7343,0.0,0,8,5,83000.0,0.0
-121.0968,0.9466,-1.3117,0.6179,-588.177,0.0,0,10,5,289000.0,2.0
-105.0707,0.1273,11.2989,0.2321,234.681,0.1,0,12,8,1450000.0,0.0
-130.3309,0.0758,-7.2886,0.0674,545.848,0.0,0,12,8,1450000.0,2.0
-101.7272,1.3783,-5.1914,1.3696,41.12,0.0,0,12,8,1450000.0,1.0
-107.0,0.0,3.875,0.0,2831.6794,1.0,301,10,5,0.0,1.0
-114.8333,0.2222,-2.1667,0.2222,-546.6577,0.0,0,8,5,83000.0,1.0
-130.4191,0.1531,-6.9319,0.2081,-115.477,0.0,0,8,5,83000.0,2.0
-105.2008,0.5914,10.7229,0.0956,259.3022,0.0,0,12,8,1450000.0,0.0
-130.0738,1.9914,-7.0314,1.8716,79.7323,0.0,0,12,8,1450000.0,2.0
-135.5917,0.3811,-12.8294,0.3299,-21.5853,0.0,0,12,8,1450000.0,2.0
-129.5614,0.3651,-5.1113,0.4527,-459.3065,0.0,0,8,5,83000.0,2.0
-109.0,0.6,9.65,0.5025,-152.8824,0.0,0,10,5,289000.0,0.0
-104.2339,0.5974,12.8163,0.2355,288.6047,0.0,0,12,8,1450000.0,0.0
-121.5643,1.5647,-15.3403,0.2548,-544.1487,0.4721,30,8,5,83000.0,1.0
-125.1736,3.1093,-3.9856,2.573,2401.0401,0.336,1,8,5,0.0,1.0
-99.9234,1.3696,3.1596,2.2496,-63.1336,0.0,0,12,8,1450000.0,1.0
-112.2,0.96,9.65,0.615,19.0841,0.0,0,10,5,289000.0,0.0
-132.5328,0.2283,-9.7569,0.1846,-74.9109,0.0,0,12,8,1450000.0,2.0
-112.1,0.09,10.25,0.025,157.7058,0.0,0,10,5,289000.0,0.0
-120.849,0.232,-1.8532,0.1758,25.8458,0.0,0,10,5,289000.0,2.0
-105.2392,0.5154,12.2004,0.1707,426.0719,0.0,0,12,8,1450000.0,0.0
-108.875,1.0781,-3.625,0.0781,-530.5795,0.0,0,8,5,83000.0,1.0
-104.2153,0.4821,12.0702,0.0178,266.574,0.0,0,12,8,1450000.0,0.0
-131.5288,14.0098,-9.5,17.2446,-595.7906,0.2052,0,10,5,289000.0,2.0
-127.4431,1.5716,-4.298,0.6448,447.3393,0.0,0,8,5,83000.0,2.0
-125.7837,2.1294,-2.9651,1.4718,-536.5301,0.0558,0,8,5,83000.0,2.0
-121.407,0.0809,-3.3647,0.1057,-79.3383,0.0,0,10,5,289000.0,2.0
-100.55,1.835,-1.85,1.015,103.809,0.0,0,12,8,1450000.0,1.0
-133.9188,0.5377,-12.4502,0.4285,72.5477,0.0,0,12,8,1450000.0,2.0
-101.15,2.4525,-2.35,5.0025,105.4343,0.0,0,12,8,1450000.0,1.0
-100.8,0.36,11.425,0.0881,-440.4019,0.0,0,8,5,83000.0,0.0
-113.5,0.5417,-7.1667,0.4306,-515.8994,0.0,0,8,5,83000.0,1.0
-113.2,0.36,9.325,0.0256,256.0623,0.0909,0,10,5,289000.0,0.0
-118.8,0.36,4.175,0.3256,-623.2735,0.0,0,8,5,83000.0,0.0
-110.923,0.7276,9.2985,0.4982,179.5594,0.153,1,12,8,1450000.0,0.0
-110.9198,1.4099,2.5147,0.2131,-277.2584,0.5151,14,12,8,1450000.0,1.0
-103.9456,0.3691,12.7489,0.231,271.2358,0.0909,0,12,8,1450000.0,0.0
-103.15,0.6775,-0.85,0.0775,344.3523,0.2308,0,10,5,289000.0,1.0
-122.0233,0.3896,0.2782,0.1649,-614.8716,0.0,0,10,5,289000.0,2.0
-132.1795,0.2824,-9.4469,0.2286,-38.6404,0.0,0,12,8,1450000.0,2.0
-103.3028,0.2627,10.4895,0.049,398.2992,0.1818,0,12,8,1450000.0,0.0
-108.5119,2.0664,-11.5263,1.5578,445.5861,0.0,0,8,5,83000.0,2.0
-110.2838,0.8151,-11.1447,3.0672,218.2592,0.1791,0,12,8,1450000.0,1.0
-121.2948,0.4487,-0.0301,0.457,-485.7736,0.0,0,10,5,289000.0,2.0
-118.0,13.9845,4.2959,11.496,-469.6532,0.2182,0,10,5,289000.0,2.0
-110.1667,1.2639,-4.8333,1.0972,-515.8994,0.0,0,8,5,83000.0,1.0
-124.12,6.4704,-1.878,3.7509,248.3257,0.088,0,8,5,83000.0,2.0
-121.0725,0.7631,-0.2752,0.6793,29.3877,0.0,0,10,5,289000.0,2.0
-104.1909,0.0,4.9413,0.0,3058.4969,1.0,21,12,8,0.0,1.0
-132.6188,2.3969,-9.7712,2.3999,-69.7919,0.0,0,12,8,1450000.0,2.0
-117.575,2.8506,-6.475,1.3056,-536.8709,0.0,0,8,5,83000.0,1.0
-115.3399,1.6379,-11.0214,1.5838,146.3257,0.1771,0,12,8,1450000.0,1.0
-105.075,0.2381,-5.275,0.0681,324.8488,0.0909,0,10,5,289000.0,1.0
-111.6875,0.3867,-7.6875,0.1367,-505.4136,0.0,0,8,5,83000.0,1.0
-131.965,6.2076,-9.4365,5.4332,586.378,0.0,0,12,8,1450000.0,2.0
-105.8235,0.4962,12.2534,0.0639,212.9087,0.1818,1,12,8,1450000.0,0.0
-125.0,0.6192,-1.795,0.298,-87.2352,0.0,0,10,5,289000.0,2.0
-131.1161,0.1798,-8.556,0.1499,337.1484,0.0,0,12,8,1450000.0,2.0
-105.2565,0.454,12.9517,0.2484,469.92,0.0,0,12,8,1450000.0,0.0
-100.325,2.0381,-1.525,4.9181,95.4728,0.0,0,12,8,1450000.0,1.0
-118.2,0.16,4.325,0.0381,-136.7343,0.0,0,8,5,83000.0,0.0
-129.5298,13.863,-7.3309,13.0495,426.3219,0.1667,0,12,8,1450000.0,2.0
-109.6335,0.0,8.9569,0.0,2354.8218,1.0,1100,8,5,0.0,1.0
-124.0521,45.0,-2.1877,29.5255,-420.7428,0.1587,0,8,5,83000.0,2.0
-129.0021,0.3255,-4.9117,0.3464,-67.6795,0.0,0,10,5,289000.0,2.0
-108.5917,1.0936,5.3626,0.0376,378.7585,0.0297,1,12,8,1450000.0,0.0
-114.4,0.24,7.675,0.0131,170.2887,0.0,0,10,5,289000.0,0.0
-131.1298,0.3114,-8.2454,0.2178,-22.4856,0.0,0,12,8,1450000.0,2.0
-105.0833,0.0,-0.4167,0.0,2809.834,1.0,6,10,5,0.0,1.0
-121.1805,0.5033,0.8457,0.5227,-421.2206,0.0,0,10,5,289000.0,2.0
-113.6,1.64,8.85,1.84,250.8194,0.0,0,10,5,289000.0,0.0
-103.075,1.0131,-0.475,0.0431,290.4556,0.0909,0,10,5,289000.0,1.0
-103.7768,0.1437,11.9498,0.2802,456.6691,0.0,0,12,8,1450000.0,0.0
-134.2893,1.7887,-11.0596,1.2748,447.1309,0.0,0,12,8,1450000.0,2.0
-109.1667,0.0556,-4.1667,0.0556,-529.8804,0.0,0,8,5,83000.0,1.0
-118.4,0.24,4.725,0.3306,-622.4347,0.0,0,8,5,83000.0,0.0
-115.0833,0.2222,-0.75,0.0,-546.6577,0.0,0,8,5,83000.0,1.0
-103.0,0.0,0.0,0.0,319.8157,0.9091,1,10,5,289000.0,1.0
-104.125,1.2656,-1.125,0.0156,362.8073,0.75,3,10,5,289000.0,1.0
-109.375,0.9219,-4.875,0.2969,-526.3852,0.0,0,8,5,83000.0,1.0
-102.202,0.0,3.2354,0.0,2626.2159,1.0,121,12,8,0.0,1.0
-113.6377,0.0,10.2898,0.0,2272.4409,1.0,915,8,5,0.0,1.0
-103.2396,0.1904,10.9065,0.2596,402.917,0.0,0,12,8,1450000.0,0.0
-116.4041,1.6606,5.7799,0.4958,2525.5663,0.8208,1479,8,5,0.0,1.0
-114.3,0.21,8.625,0.0531,-493.2502,0.0,0,8,5,83000.0,0.0
-113.8901,2.4697,7.673,0.9053,-509.9921,0.8186,83,8,5,83000.0,1.0
-109.1048,0.0,8.924,0.0,2372.8089,1.0,1163,8,5,0.0,1.0
-115.818,2.0832,-0.8725,1.0565,-614.2639,0.0,0,10,5,289000.0,2.0
-110.8,0.76,8.75,0.0625,256.6914,0.0909,0,10,5,289000.0,0.0
-112.5,0.85,9.95,0.41,247.8833,0.0,0,10,5,289000.0,0.0
-131.6781,3.441,-9.3121,2.6227,560.1009,0.1,0,12,8,1450000.0,2.0
-114.1,0.09,8.725,0.0056,-167.7722,0.0,0,8,5,83000.0,0.0
-117.7,0.81,4.975,0.6181,-625.7901,0.0,0,8,5,83000.0,0.0
-105.4,0.24,2.325,0.0881,293.6013,0.0909,0,10,5,289000.0,1.0
-110.25,0.0417,-5.5833,0.2639,-513.1032,0.0,0,8,5,83000.0,1.0
-106.6,0.0,3.65,0.0,2848.5615,1.0,171,10,5,0.0,1.0
-109.5833,0.1806,-4.9167,0.5139,-518.6956,0.0,0,8,5,83000.0,1.0
-999.0,0.0,-999.0,0.0,0.0,1.0,0,10,5,0.0,1.0
-116.0,0.875,-4.0,0.0417,-549.4538,0.0,0,8,5,83000.0,1.0
-113.0,0.2,9.35,0.065,255.0137,0.0,0,10,5,289000.0,0.0
-109.8686,0.0,8.6254,0.0,2426.1497,1.0,1255,8,5,0.0,1.0
-121.7434,3.6025,0.7166,3.3272,-626.1978,0.2279,0,10,5,289000.0,2.0
-106.9404,24.0744,-12.6672,19.5304,-468.1759,0.1673,0,8,5,83000.0,2.0
-114.0,0.4,8.725,0.0306,-157.7058,0.0,0,8,5,83000.0,0.0
-101.4,0.815,-8.8,0.335,92.5368,0.0,0,12,8,1450000.0,1.0
-105.3,0.21,7.55,0.935,291.9236,0.0909,0,10,5,289000.0,1.0
-130.9,3.6355,-7.9341,3.7482,144.2924,0.0349,0,8,5,83000.0,2.0
-114.2,0.36,8.8,0.01,-499.1221,0.0,0,8,5,83000.0,0.0
-108.0625,0.1367,-4.0625,0.1367,-528.4823,0.0,0,8,5,83000.0,1.0
-109.1,0.09,9.05,0.035,231.7353,0.0,0,10,5,289000.0,0.0
-112.7977,0.3749,-6.9721,0.2791,156.3748,0.0,0,8,5,83000.0,2.0
-110.4,0.24,9.15,0.2775,262.7732,0.0909,0,10,5,289000.0,0.0
-110.8,0.36,8.7,0.2225,-93.1135,0.0909,0,8,5,83000.0,0.0
-130.9,3.2411,-6.9715,3.2588,-447.7267,0.1213,0,8,5,83000.0,2.0
-103.3649,0.5182,11.7786,0.1211,314.8919,0.0,0,12,8,1450000.0,0.0
-109.3125,0.043,-6.5625,0.0742,-517.9966,0.0,0,8,5,83000.0,1.0
-114.9959,0.8808,5.8137,0.1196,185.7559,0.1826,0,12,8,1450000.0,0.0
-112.1569,0.469,5.9282,0.0353,422.5651,0.1775,1,12,8,1450000.0,0.0
-109.9,0.29,10.6,0.0275,-78.0141,0.0909,0,8,5,83000.0,0.0
-122.6532,0.5531,-0.0975,0.4458,-85.6189,0.0,0,10,5,289000.0,2.0
-101.3589,0.8721,-1.3509,2.8455,106.0815,0.0,0,12,8,1450000.0,1.0
-106.55,0.0,-0.35,0.0,2803.6829,1.0,24,10,5,0.0,1.0
-127.8121,14.8509,-4.7351,10.4949,-548.9675,0.1157,0,8,5,83000.0,2.0
-112.5,0.1667,-0.0833,0.0972,-541.0652,0.0,0,8,5,83000.0,1.0
-114.9076,1.8774,3.0388,1.162,-678.6825,0.4689,27,8,5,83000.0,1.0
-100.5455,0.0,4.2727,0.0,2753.2747,1.0,57,10,5,0.0,1.0
-104.65,0.44,-3.65,0.04,299.8928,0.0909,0,10,5,289000.0,1.0
-114.2,0.56,7.875,0.8281,-168.611,0.0,0,8,5,83000.0,0.0
-132.8742,5.4258,-9.8197,5.0981,343.248,0.0,0,12,8,1450000.0,2.0
-104.25,0.9375,-0.85,0.1775,296.5373,0.0909,0,10,5,289000.0,1.0
-103.9458,2.2058,3.6656,1.3477,-305.9815,0.8525,3,12,8,1450000.0,1.0
-116.4,0.44,6.325,0.0631,-478.1507,0.0,0,8,5,83000.0,0.0
-111.7,0.41,9.85,0.04,217.8941,0.0,0,10,5,289000.0,0.0
-129.8256,3.1539,-7.6862,2.3008,36.1619,0.0,0,12,8,1450000.0,2.0
-108.27,0.0,3.8951,0.0,3516.7588,1.0,26,12,8,0.0,1.0
-126.0598,2.3591,-3.1646,2.8456,238.0629,0.0,0,8,5,83000.0,2.0
-133.5517,0.9584,-10.7578,0.7069,117.5345,0.0,0,12,8,1450000.0,2.0
-117.7721,0.2113,-4.0009,0.1774,469.1507,0.0,0,8,5,83000.0,2.0
-126.1902,0.7856,-3.522,0.5705,138.1503,0.0,0,8,5,83000.0,2.0
-113.5,0.25,8.35,0.015,162.3196,0.0,0,10,5,289000.0,0.0
-118.0,1.0,4.95,0.76,-493.2502,0.0,0,8,5,83000.0,0.0
-127.1341,3.8303,-4.14,3.2035,449.6924,0.0855,0,8,5,83000.0,2.0
-114.0,0.0,8.375,1.9406,170.2887,0.0,0,10,5,289000.0,0.0
-109.9,0.49,10.65,0.0275,-76.3363,0.0909,0,8,5,83000.0,0.0
-103.4598,0.2902,11.8193,0.116,341.4793,0.0,0,12,8,1450000.0,0.0
-129.2307,0.7218,-5.8659,0.7404,-610.9174,0.0,0,10,5,289000.0,2.0
-105.525,0.2306,0.575,0.3631,329.882,0.0909,0,10,5,289000.0,1.0
-109.7,0.41,8.475,0.0306,249.5611,0.0,0,10,5,289000.0,0.0
-106.3945,0.2965,10.864,0.2045,265.8865,0.0,0,12,8,1450000.0,0.0
-102.7,0.685,-4.4,0.015,121.9494,0.0,0,12,8,1450000.0,1.0
-104.7844,0.2111,10.9987,0.1946,224.4507,0.1,0,12,8,1450000.0,0.0
-121.3783,0.3734,-0.4168,0.3249,-69.9489,0.0,0,10,5,289000.0,2.0
-100.3636,0.0,3.9545,0.0,2748.3176,1.0,35,10,5,0.0,1.0
-108.5,0.275,-3.0,0.075,298.215,0.2308,0,10,5,289000.0,1.0
-134.6695,2.0694,-11.4309,2.0149,386.0024,0.09,0,12,8,1450000.0,2.0
-112.3,0.41,9.525,0.0556,-243.2697,0.0,0,8,5,83000.0,0.0
-999.0,0.0,-999.0,0.0,0.0,1.0,0,10,5,0.0,1.0
-113.5625,0.1992,-1.0625,0.1367,-543.1624,0.0,0,8,5,83000.0,1.0
-129.174,5.4197,-5.9778,4.067,431.3933,0.0,0,12,8,1450000.0,2.0
-131.1293,4.2933,-7.0682,3.4063,524.2682,0.0,0,12,8,1450000.0,2.0
-111.5,0.25,8.875,0.2031,-114.9239,0.0,0,8,5,83000.0,0.0
-133.8051,0.0537,-11.5525,0.0433,26.3664,0.0,0,12,8,1450000.0,2.0
-101.45,1.085,-8.15,1.165,115.1336,0.0,0,12,8,1450000.0,1.0
-112.4,0.24,9.85,0.0525,214.9581,0.0,0,10,5,289000.0,0.0
-133.8503,0.1285,-10.8786,0.1254,71.3326,0.0,0,12,8,1450000.0,2.0
-106.6,0.0,3.6,0.0,2835.1399,1.0,265,10,5,0.0,1.0
-112.4632,1.2603,8.1068,0.8575,421.5459,0.1851,0,12,8,1450000.0,0.0
-135.6302,0.3884,-12.9243,0.3351,53.2131,0.0,0,12,8,1450000.0,2.0
-117.7,0.81,4.975,1.2931,-480.6672,0.0,0,8,5,83000.0,0.0
-115.1,3.315,-2.9,0.665,-522.6103,0.0,0,8,5,83000.0,1.0
-127.556,0.3006,-4.2351,0.1517,240.2087,0.0156,0,8,5,83000.0,2.0
-128.3554,1.5681,-5.016,1.0097,-629.7446,0.0,0,10,5,289000.0,2.0
-110.35,0.09,-4.45,0.06,278.2921,0.0909,0,10,5,289000.0,1.0
-119.7031,1.8053,-11.0063,0.248,44.5906,0.1283,0,12,8,1450000.0,1.0
-103.45,0.585,-0.85,0.415,326.7363,0.0909,0,10,5,289000.0,1.0
-128.8839,2.0137,-4.6876,1.3209,227.6932,0.0,0,8,5,83000.0,2.0
-105.1,0.2525,-4.6,0.0525,313.5242,0.0909,0,10,5,289000.0,1.0
-103.7242,0.9064,7.6173,0.1462,72.3383,0.5156,5,12,8,1450000.0,1.0
-109.025,0.1431,-2.925,0.0381,284.3738,0.0909,0,10,5,289000.0,1.0
-105.0,0.6,0.175,0.0131,327.7849,0.2308,0,10,5,289000.0,1.0
-112.3,1.01,9.625,0.6906,251.4485,0.0,0,10,5,289000.0,0.0
-121.6411,0.3622,-1.988,0.3024,37.9494,0.0,0,10,5,289000.0,2.0
-111.8,0.36,10.175,0.1506,262.144,0.0909,0,10,5,289000.0,0.0
-122.5906,0.5988,0.9913,0.5135,4.9035,0.0,0,10,5,289000.0,2.0
-105.2519,0.0,3.0255,0.0,2591.4116,1.0,687,12,8,0.0,1.0
-124.9332,2.0776,-2.9713,2.1062,-435.4153,0.0752,0,8,5,83000.0,2.0
-131.9678,7.3816,-9.1307,5.611,385.2309,0.09,0,12,8,1450000.0,2.0
-125.897,1.5877,-2.6284,1.0503,226.7878,0.0318,0,8,5,83000.0,2.0
-132.8905,0.1099,-10.0632,0.086,197.6111,0.0,0,12,8,1450000.0,2.0
-104.6054,0.26,13.0435,0.2784,443.3626,0.0,0,12,8,1450000.0,0.0
-108.7,0.21,9.7,0.01,234.4616,0.0,0,10,5,289000.0,0.0
-113.6,0.24,8.9,0.04,80.9501,0.0,0,10,5,289000.0,0.0
-104.2742,1.076,13.2594,0.7325,427.2771,0.1991,0,12,8,1450000.0,0.0
-127.6417,3.4727,-5.4809,1.2964,453.2527,0.1034,0,8,5,83000.0,2.0
-123.907,1.1906,-1.4347,0.6144,-547.7877,0.0,0,8,5,83000.0,2.0
-99.975,1.9056,-0.5,12.7625,78.6956,0.0,0,12,8,1450000.0,1.0
-111.0,0.2,8.9,0.065,254.804,0.0,0,10,5,289000.0,0.0
-105.2,0.36,0.25,0.025,329.6723,0.0909,0,10,5,289000.0,1.0
-117.7,0.41,5.225,0.0306,-494.089,0.0,0,8,5,83000.0,0.0
-113.0,0.2,9.425,0.0131,247.6737,0.0,0,10,5,289000.0,0.0
-134.1447,2.0465,-11.604,1.7188,506.9692,0.0,0,12,8,1450000.0,2.0
-126.8758,3.38,-4.4402,2.1009,-467.0252,0.1079,0,10,5,289000.0,2.0
-115.55,0.485,-5.55,1.935,-540.2264,0.0,0,8,5,83000.0,1.0
-110.0,0.0,10.45,0.0225,-75.4975,0.0909,0,8,5,83000.0,0.0
-112.0833,0.0139,-8.0833,0.0139,-521.4918,0.0,0,8,5,83000.0,1.0
-104.3475,0.121,13.2154,0.2196,424.0344,0.0,0,12,8,1450000.0,0.0
-127.2694,0.7701,-10.682,3.5818,2144.3329,0.7045,150,8,5,0.0,1.0
-122.8055,0.1394,0.4451,0.1311,-440.1248,0.0,0,10,5,289000.0,2.0
-128.1474,5.4209,-4.0261,3.6558,226.8272,0.0222,0,8,5,83000.0,2.0
-123.3373,0.1753,0.5916,0.1151,-612.4806,0.0,0,10,5,289000.0,2.0
-117.8,0.76,5.1,1.165,-622.4347,0.0,0,8,5,83000.0,0.0
-113.2,1.56,8.9,0.2025,-192.938,0.0,0,8,5,83000.0,0.0
-109.8125,0.1055,-5.0625,0.3867,-520.0937,0.0,0,8,5,83000.0,1.0
-101.5639,0.1505,-11.8569,2.2396,-11.4833,0.0,0,12,8,1450000.0,1.0
-999.0,0.0,-999.0,0.0,0.0,1.0,0,8,5,0.0,2.0
-103.8839,0.4091,10.6074,0.1316,375.5077,0.0,0,12,8,1450000.0,0.0
-126.9922,2.7133,-3.9564,1.5706,-445.2906,0.0,0,8,5,83000.0,2.0
-111.0,0.6,9.1,0.7025,260.8857,0.0909,0,10,5,289000.0,0.0
-117.3,0.21,5.55,0.06,-620.757,0.0,0,8,5,83000.0,0.0
-108.9375,0.1367,-3.4375,0.0742,-520.0937,0.0,0,8,5,83000.0,1.0
-120.262,0.7307,-1.6863,0.8794,23.9786,0.0,0,10,5,289000.0,2.0
-110.0,0.125,-5.3333,0.0139,-518.6956,0.0,0,8,5,83000.0,1.0
-128.4455,5.1179,-3.5297,4.9428,-597.4994,0.2631,0,10,5,289000.0,2.0
-114.1343,0.2883,-11.691,0.1105,201.7356,0.0806,1,12,8,1450000.0,1.0
-129.7965,2.2357,-6.3482,1.6577,-556.0687,0.0,0,8,5,83000.0,2.0
-124.5679,0.6815,-1.2709,0.5493,-612.6792,0.0,0,10,5,289000.0,2.0
-127.1341,3.8303,-4.14,3.2035,449.6924,0.0855,0,8,5,83000.0,2.0
-104.6,2.04,11.45,0.0975,-339.7386,0.0,0,8,5,83000.0,0.0
-128.2074,3.4566,-5.4855,2.5927,-423.8181,0.0905,0,8,5,83000.0,2.0
-117.8,0.16,4.575,0.1006,-130.8623,0.0,0,8,5,83000.0,0.0
-101.6,0.44,11.95,0.0475,-492.4113,0.0,0,8,5,83000.0,0.0
-106.381,3.7645,-12.7472,2.2872,-565.1614,0.0873,0,8,5,83000.0,2.0
-133.6159,13.8181,-10.0105,12.5923,489.7189,0.0,0,12,8,1450000.0,2.0
-107.8333,0.2222,-2.8333,0.2222,-529.8804,0.0,0,8,5,83000.0,1.0
-109.35,0.69,-1.55,0.16,300.3122,0.0909,0,10,5,289000.0,1.0
-123.3938,2.2513,-0.9581,1.6401,-128.8624,0.0,0,8,5,83000.0,2.0
-128.7832,15.4476,-5.9269,16.0048,-453.6251,0.1394,0,8,5,83000.0,2.0
-106.1076,0.4304,6.8923,0.6857,398.0772,0.168,1,12,8,1450000.0,0.0
-125.2804,0.5266,-2.7658,0.313,-538.2899,0.0,0,8,5,83000.0,2.0
-110.5,0.25,8.975,0.0556,127.7166,0.0,0,10,5,289000.0,0.0
-101.2,1.785,-3.2,0.785,112.8268,0.0,0,12,8,1450000.0,1.0
-122.3161,2.2755,-0.6679,1.1648,-500.8907,0.0,0,10,5,289000.0,2.0
-111.6,0.44,10.2,0.01,197.5517,0.0,0,10,5,289000.0,0.0
-109.6667,0.2639,-5.3333,0.0972,-513.1032,0.0,0,8,5,83000.0,1.0
-113.1511,0.8626,10.2332,0.8393,363.9663,0.11,0,12,8,1450000.0,0.0
-116.2,0.36,6.4,0.3525,-616.5626,0.0,0,8,5,83000.0,0.0
-110.6,0.24,9.125,0.0906,246.6251,0.0,0,10,5,289000.0,0.0
-109.9167,0.0972,-5.25,0.0417,-504.7146,0.0,0,8,5,83000.0,1.0
-107.575,1.6006,-0.05,3.6225,292.5527,0.0909,0,10,5,289000.0,1.0
-107.0,0.0,3.6875,0.0,2838.4951,1.0,251,10,5,0.0,1.0
-113.7,0.21,8.6,0.0525,111.149,0.0,0,10,5,289000.0,0.0
-125.3744,0.9644,-3.5146,0.5774,460.141,0.0,0,8,5,83000.0,2.0
-113.7,0.41,8.625,0.0406,110.5199,0.0,0,10,5,289000.0,0.0
-131.9687,0.829,-8.8296,0.681,79.2347,0.0,0,12,8,1450000.0,2.0
-107.15,0.4775,-1.15,0.2775,293.3916,0.0909,0,10,5,289000.0,1.0
-113.3378,0.6907,7.9083,0.0449,-510.3875,0.2142,97,8,5,83000.0,1.0
-101.9,0.49,11.425,0.0631,-390.9091,0.0,0,8,5,83000.0,0.0
-107.7,0.41,11.05,0.86,-262.9829,0.0,0,10,5,289000.0,0.0
-103.8794,0.188,10.7701,0.0464,288.4392,0.0,0,12,8,1450000.0,0.0
-103.6667,0.2222,0.25,0.0417,317.0195,0.0,0,10,5,289000.0,1.0
-103.825,0.1256,-1.025,0.0556,339.1095,0.0909,0,10,5,289000.0,1.0
-110.8125,0.168,-6.5625,0.0117,-536.8709,0.0,0,8,5,83000.0,1.0
-101.6661,1.0351,-4.3461,1.7913,62.3966,0.0,0,12,8,1450000.0,1.0
-109.1667,0.0139,-4.5,0.125,-510.307,0.0,0,8,5,83000.0,1.0
-123.2697,3.9761,0.4144,4.3535,-606.4732,0.0989,0,10,5,289000.0,2.0
-124.33,0.0621,-1.4656,0.0402,-560.664,0.0,0,8,5,83000.0,2.0
-121.9134,0.4398,-4.1873,0.4295,-91.9002,0.0,0,10,5,289000.0,2.0
-109.8125,2.8555,-4.3125,0.043,-515.8994,0.0,0,8,5,83000.0,1.0
-112.8,0.76,9.35,0.54,42.1528,0.0,0,10,5,289000.0,0.0
-119.3,0.21,3.425,0.3506,-618.2404,0.0,0,8,5,83000.0,0.0
-122.7949,1.7036,0.9564,0.8331,-595.8128,0.0,0,10,5,289000.0,2.0
-124.6095,19.5161,-2.1314,17.6823,-446.293,0.1245,0,8,5,83000.0,2.0
-109.3125,0.1367,-5.3125,0.1367,-484.4421,0.0,0,8,5,83000.0,1.0
-105.1165,2.1788,1.5509,2.6611,-290.8485,0.6923,8,12,8,1450000.0,1.0
-104.5216,0.565,10.749,0.264,153.6362,0.0,1,12,8,1450000.0,0.0
-110.6,0.44,9.175,0.1131,246.4154,0.0,0,10,5,289000.0,0.0
-101.0193,0.7185,-2.0057,1.811,253.0168,0.0,0,12,8,1450000.0,1.0
-133.5146,0.3317,-11.2953,0.2646,585.5571,0.5,0,12,8,1450000.0,2.0
-113.4,0.24,9.45,0.01,253.9651,0.0,0,10,5,289000.0,0.0
-110.5833,0.0139,-6.5833,0.0139,-527.0842,0.0,0,8,5,83000.0,1.0
-107.45,0.1725,-1.45,0.1725,288.1487,0.0909,0,10,5,289000.0,1.0
-999.0,0.0,-999.0,0.0,0.0,1.0,0,8,5,0.0,1.0
-113.1,0.49,9.15,0.14,-233.2033,0.0,0,8,5,83000.0,0.0
-102.6,0.44,11.725,0.0556,-482.3449,0.0,0,8,5,83000.0,0.0
-112.9,0.69,9.175,0.2256,198.6003,0.0,0,10,5,289000.0,0.0
-100.0109,2.0553,-6.0792,1.1084,346.0332,0.0,0,12,8,1450000.0,1.0
-115.5,0.675,-7.8,0.285,-526.8046,0.0,0,8,5,83000.0,1.0
-121.9749,0.2334,-1.178,0.1465,-93.2864,0.0,0,10,5,289000.0,2.0
-112.4,2.44,8.85,0.2525,214.5387,0.0,0,10,5,289000.0,0.0
-110.4273,0.8504,5.5257,0.2446,159.1321,0.0588,1,12,8,1450000.0,0.0
-108.6,0.8775,-2.7,0.0975,284.1641,0.0909,0,10,5,289000.0,1.0
-105.9368,0.0,4.4819,0.0,2628.4308,1.0,1053,12,8,0.0,1.0
-116.8532,0.7998,6.9926,0.3667,437.3389,0.1353,1,12,8,1450000.0,0.0
-106.25,0.0,2.6328,0.0,2799.8633,1.0,433,10,5,0.0,1.0
-118.0072,3.7215,3.9712,1.2717,148.0086,0.0242,0,8,5,83000.0,2.0
-120.2679,0.3081,-1.4973,0.0955,235.5655,0.0,0,8,5,83000.0,2.0
-127.2908,1.4419,-2.7188,1.3358,-100.2359,0.0,0,10,5,289000.0,2.0
-114.4,0.44,8.7,0.035,-498.2833,0.0,0,8,5,83000.0,0.0
-117.6,1.44,5.2,1.335,-515.8994,0.0,0,8,5,83000.0,0.0
-112.2,0.36,10.0,0.175,198.81,0.0,0,10,5,289000.0,0.0
-104.3156,0.0,7.5203,0.0,2700.1898,1.0,377,12,8,0.0,1.0
-110.25,1.2917,-5.9167,0.0139,-485.1411,0.0,0,8,5,83000.0,1.0
-105.1482,0.4525,11.937,0.2707,256.0514,0.0,0,12,8,1450000.0,0.0
-109.8881,1.4927,4.1947,2.7988,-279.1559,0.8585,7,12,8,1450000.0,1.0
-109.8,0.96,8.825,0.0381,-189.7922,0.0,0,10,5,289000.0,0.0
-107.0,0.0,3.8125,0.0,2840.5923,1.0,229,10,5,0.0,1.0
-110.0,0.2,10.6,0.015,-113.2462,0.0,0,8,5,83000.0,0.0
-121.3,0.3986,-2.23,0.4348,11.7693,0.0,0,10,5,289000.0,2.0
-113.7241,0.8279,8.8746,0.0873,2750.8154,0.322,1194,8,5,0.0,1.0
-114.8,0.16,8.3,0.0225,-493.2502,0.0,0,8,5,83000.0,0.0
-121.4146,1.672,-0.8352,1.683,-88.9933,0.0,0,10,5,289000.0,2.0
-116.275,1.1556,-8.775,0.5306,-532.6766,0.0,0,8,5,83000.0,1.0
-130.2759,0.3288,-7.4461,0.2676,397.8741,0.0,0,12,8,1450000.0,2.0
-105.2786,0.4356,13.0174,0.3166,466.116,0.0,0,12,8,1450000.0,0.0
-105.325,0.1256,-0.2,0.0475,296.3276,0.0909,0,10,5,289000.0,1.0
-108.75,0.5,-3.75,0.5,-524.288,0.0,0,8,5,83000.0,1.0
-117.5223,0.198,6.3452,0.3624,231.4872,0.0797,0,12,8,1450000.0,0.0
-105.8263,0.2949,11.843,0.0983,170.6006,0.0,0,12,8,1450000.0,0.0
-104.2,1.96,11.5,0.4,-333.0277,0.0,0,8,5,83000.0,0.0
-103.025,0.2056,0.775,0.2306,290.4556,0.0909,0,10,5,289000.0,1.0
-131.4017,0.8516,-8.152,0.6145,407.8269,0.0,0,12,8,1450000.0,2.0
-106.375,0.3281,-0.875,0.0531,297.5859,0.0909,0,10,5,289000.0,1.0
-126.8952,0.5005,-3.238,0.4877,24.0766,0.0,0,10,5,289000.0,2.0
-115.725,0.8806,-6.825,0.1256,-530.16,0.0,0,8,5,83000.0,1.0
-110.8125,0.0,9.875,0.0,2368.9951,1.0,1247,8,5,0.0,1.0
-133.6408,1.9835,-11.8503,1.583,247.6198,0.0,0,12,8,1450000.0,2.0
-128.4092,10.4603,-5.217,7.5211,-440.8613,0.1045,0,8,5,83000.0,2.0
-124.6405,0.2232,-0.4562,0.1051,-415.0862,0.0,0,10,5,289000.0,2.0
-109.9167,0.0972,-4.25,0.0417,-541.0652,0.0,0,8,5,83000.0,1.0
-106.9219,0.0,2.9258,0.0,2767.5208,1.0,113,10,5,0.0,1.0
-131.253,0.189,-8.2025,0.1653,12.5985,0.0,0,12,8,1450000.0,2.0
-104.9002,0.0,3.1882,0.0,2743.9186,1.0,149,12,8,0.0,1.0
-108.8333,0.4306,-3.5,0.0417,-496.326,0.0,0,8,5,83000.0,1.0
-127.7659,0.023,-6.1726,0.0106,463.8054,0.0,0,8,5,83000.0,2.0
-103.8,0.435,-0.1,0.1275,286.2612,0.0909,0,10,5,289000.0,1.0
-116.25,0.0,7.5078,0.0,2570.5847,1.0,2482,8,5,0.0,1.0
-114.2034,0.794,5.3813,0.1159,181.3937,0.0298,1,12,8,1450000.0,0.0
-115.8,0.56,7.175,0.2756,-477.3118,0.0,0,8,5,83000.0,0.0
-133.8129,0.6922,-10.7354,0.6459,584.0171,0.0,0,12,8,1450000.0,2.0
-117.8563,0.7188,7.1758,0.212,290.2638,0.007,1,12,8,1450000.0,0.0
-116.3,1.21,6.45,0.5725,-476.473,0.0,0,8,5,83000.0,0.0
-122.2051,105.0,0.0898,61.8295,-613.6682,0.6164,0,10,5,289000.0,2.0
-101.4,0.24,12.0,0.075,-367.421,0.0,0,8,5,83000.0,0.0
-130.6971,0.5893,-8.4426,0.4426,387.0622,0.3,0,12,8,1450000.0,2.0
-133.0846,2.7467,-9.3408,2.4648,457.2098,0.0,0,12,8,1450000.0,2.0
-112.3065,0.3818,8.9903,0.2403,168.8437,0.0228,0,12,8,1450000.0,0.0
-103.4769,0.6015,13.3078,0.1589,251.6382,0.0,0,12,8,1450000.0,0.0
-131.9757,0.6613,-9.3716,0.5293,-93.1535,0.0,0,12,8,1450000.0,2.0
-106.8125,0.0,3.2383,0.0,2781.6748,1.0,240,10,5,0.0,1.0
-130.3052,0.2521,-6.8907,0.3172,240.7362,0.0,0,8,5,83000.0,2.0
-130.6461,0.8973,-7.7147,0.8771,88.5065,0.0,0,12,8,1450000.0,2.0
-118.6856,1.6785,-4.1223,2.475,-35.4773,0.0628,0,12,8,1450000.0,1.0
-112.9535,0.7274,9.7229,0.7701,467.07,0.1952,1,12,8,1450000.0,0.0
-115.7,0.21,6.975,0.0556,-481.5062,0.0,0,8,5,83000.0,0.0
-118.5,0.85,4.05,0.6725,-518.416,0.0,0,8,5,83000.0,0.0
-103.3695,0.428,13.123,0.1533,162.3829,0.0,0,12,8,1450000.0,0.0
-114.3567,6.2506,-6.4035,3.9766,-437.9993,0.0757,0,8,5,83000.0,2.0
-133.9405,1.5313,-11.2339,1.0063,-0.5906,0.0,0,12,8,1450000.0,2.0
-116.5199,0.4979,6.7804,0.5044,262.3536,0.1764,0,12,8,1450000.0,0.0
-104.5757,0.2649,10.4017,0.1542,315.4274,0.0909,0,12,8,1450000.0,0.0
-117.6,0.44,5.4,0.065,-487.3781,0.0,0,8,5,83000.0,0.0
-127.1249,0.1025,-4.3776,0.0966,-408.565,0.0,0,10,5,289000.0,2.0
-132.9169,0.3168,-9.942,0.223,500.4097,0.0909,0,12,8,1450000.0,2.0
-126.4727,2.43,-3.1446,1.1083,-477.7349,0.0,0,10,5,289000.0,2.0
-130.1757,0.1276,-7.7993,0.105,122.2882,0.0,0,12,8,1450000.0,2.0
-113.5,0.45,9.25,0.025,257.3206,0.0909,0,10,5,289000.0,0.0
-111.3176,0.0,1.4727,0.0,2234.7193,1.0,27,12,8,0.0,1.0
-120.5769,0.2803,-0.016,0.2328,-95.7675,0.0,0,10,5,289000.0,2.0
-129.0126,0.7366,-5.2864,0.6129,-442.4139,0.0,0,8,5,83000.0,2.0
-101.7,0.21,11.9,0.065,-490.7336,0.0,0,8,5,83000.0,0.0
-107.6969,1.5138,1.4654,0.0695,19.1052,0.9184,12,12,8,1450000.0,1.0
-100.1531,0.2547,-4.8833,1.277,83.9743,0.0,0,12,8,1450000.0,1.0
-121.5116,0.9134,-2.0453,0.7224,-52.7954,0.0,0,10,5,289000.0,2.0
-109.0339,2.0941,3.1151,1.3056,-99.4065,0.7296,2,12,8,1450000.0,1.0
-103.7248,1.6587,-6.3587,0.5036,-40.0827,0.0,0,12,8,1450000.0,1.0
-100.0279,1.3774,-5.5571,1.6869,273.8001,0.0,0,12,8,1450000.0,1.0
-110.5,0.2917,-6.5,0.2917,-527.0842,0.0,0,8,5,83000.0,1.0
-101.3,0.41,11.25,0.125,-412.7195,0.0,0,8,5,83000.0,0.0
-110.6988,12.3906,9.696,10.5955,159.4663,0.1402,0,8,5,83000.0,2.0
-121.354,0.3973,-1.0071,1.2958,-1.2052,0.0815,0,12,8,1450000.0,1.0
-110.8,0.36,9.675,0.0381,250.1902,0.0,0,10,5,289000.0,0.0
-129.0391,1.2475,-6.3908,1.8414,456.3539,0.0,0,8,5,83000.0,2.0
-102.2,0.56,11.7,0.0225,-490.7336,0.0,0,8,5,83000.0,0.0
-113.8,0.36,8.825,0.0131,-161.9001,0.0,0,8,5,83000.0,0.0
-114.1009,0.9927,6.9143,0.1767,235.6954,0.1583,2,12,8,1450000.0,0.0
-125.8344,1.1397,-3.437,0.9733,217.355,0.0,0,8,5,83000.0,2.0
-115.38,0.0,10.389,0.0,2391.9198,1.0,1380,8,5,0.0,1.0
-130.6965,0.481,-8.0021,0.4096,238.0593,0.0,0,8,5,83000.0,2.0
-105.9,0.29,2.2,1.7725,300.1025,0.0909,0,10,5,289000.0,1.0
-134.5795,0.48,-10.6461,0.3415,170.0186,0.0,0,12,8,1450000.0,2.0
-105.6324,0.0,8.4234,0.0,2699.264,1.0,264,12,8,0.0,1.0
-121.5504,0.1349,0.0158,0.1617,-448.9658,0.041,0,8,5,83000.0,2.0
-131.4577,1.7222,-8.8179,1.2096,47.5998,0.0,0,12,8,1450000.0,2.0
-104.875,0.3781,-5.275,0.2181,317.7185,0.0909,0,10,5,289000.0,1.0
-101.6,0.24,11.75,0.0625,-499.1221,0.0,0,8,5,83000.0,0.0
-116.2,0.935,-8.1,1.465,-554.487,0.0,0,8,5,83000.0,1.0
-112.2,0.76,9.725,0.0806,214.9581,0.0,0,10,5,289000.0,0.0
-103.9812,1.4368,-0.9473,2.5763,266.6081,0.0,0,12,8,1450000.0,1.0
-102.4,0.24,11.85,0.065,-482.3449,0.0,0,8,5,83000.0,0.0
-105.0161,0.1257,13.1367,0.1339,409.2364,0.0909,0,12,8,1450000.0,0.0
-129.1429,62.6451,-7.653,75.9462,-600.8028,0.5206,0,10,5,289000.0,2.0
-104.875,0.5781,-4.475,0.0181,313.3145,0.0909,0,10,5,289000.0,1.0
-111.6462,0.8582,9.0805,0.467,157.8149,0.1361,1,12,8,1450000.0,0.0
-125.8222,0.7251,-3.9523,0.3941,-533.4996,0.0,0,8,5,83000.0,2.0
-131.0507,1.3335,-7.7573,1.1353,226.8199,0.0,0,12,8,1450000.0,2.0
-133.6579,2.6768,-9.8569,2.1263,91.7578,0.0,0,12,8,1450000.0,2.0
-115.5665,0.5828,6.227,0.5068,355.3126,0.1882,0,12,8,1450000.0,0.0
-131.032,0.2027,-8.3614,0.1699,-37.2788,0.0,0,12,8,1450000.0,2.0
-120.8606,1.9278,-1.0083,1.5709,-388.7813,0.0,0,10,5,289000.0,2.0
-104.825,0.5381,-4.425,0.0381,293.6013,0.0909,0,10,5,289000.0,1.0
-102.525,0.6556,-8.625,0.0406,112.5122,0.0,0,12,8,1450000.0,1.0
-126.5283,3.0757,-4.4039,1.9775,234.8835,0.0,0,8,5,83000.0,2.0
-103.975,0.2681,-4.275,0.0931,293.3916,0.0909,0,10,5,289000.0,1.0
-115.2,0.56,7.9,0.3025,-193.7768,0.0,0,8,5,83000.0,0.0
-110.5161,0.0,9.9919,0.0,2330.2742,1.0,1088,8,5,0.0,1.0
-109.1919,0.0,1.3461,0.0,2766.0245,1.0,24,12,8,0.0,1.0
-111.7759,2.3571,-10.8728,2.6204,210.1822,0.1549,0,12,8,1450000.0,1.0
-110.2,0.16,8.9,0.2775,222.9273,0.0,0,10,5,289000.0,0.0
-112.1285,0.8378,6.5377,0.545,411.2871,0.159,0,12,8,1450000.0,0.0
-121.8607,1.9974,-13.9836,1.2242,34.3587,0.0855,1,12,8,1450000.0,1.0
-121.6582,1.7524,0.1096,1.2887,-107.4384,0.0,0,8,5,83000.0,2.0
-101.8,0.785,-3.6,0.015,117.6502,0.0,0,12,8,1450000.0,1.0
-102.4,0.24,11.825,0.0381,-345.6106,0.0,0,8,5,83000.0,0.0
-109.1,1.09,9.725,1.4931,236.7685,0.0,0,10,5,289000.0,0.0
-105.6286,0.389,12.6967,0.0906,253.9956,0.0,0,12,8,1450000.0,0.0
-109.1,0.09,9.15,0.0275,258.9983,0.0,0,10,5,289000.0,0.0
-102.2,0.16,11.8,0.0475,-432.8521,0.0,0,8,5,83000.0,0.0
-104.063,0.0,3.4721,0.0,2732.9774,1.0,576,12,8,0.0,1.0
-131.5359,8.1604,-8.7749,5.4212,535.2958,0.0,0,12,8,1450000.0,2.0
-108.15,0.29,-1.55,0.01,296.747,0.0909,0,10,5,289000.0,1.0
-122.9073,0.1661,0.3599,0.098,-481.6575,0.0,0,10,5,289000.0,2.0
-109.1,0.09,9.275,0.1181,224.1855,0.0,0,10,5,289000.0,0.0
-113.1,0.09,9.125,0.0281,-218.1038,0.0,0,8,5,83000.0,0.0
-109.2,0.56,9.05,0.2225,213.6998,0.0,0,10,5,289000.0,0.0
-106.55,0.0,-0.55,0.0,2792.3579,1.0,7,10,5,0.0,1.0
-113.2311,13.2665,-7.4455,11.5147,-465.1763,0.1537,0,8,5,83000.0,2.0
-130.0,0.098,-6.1474,0.0589,-612.33,0.0,0,10,5,289000.0,2.0
-124.2833,1.7221,-2.2894,0.6037,-456.4243,0.0,0,8,5,83000.0,2.0
-115.4,1.64,7.65,1.69,-510.8662,0.0,0,8,5,83000.0,0.0
-101.947,1.7748,-4.8106,2.3979,-22.9281,0.0,0,12,8,1450000.0,1.0
-110.025,0.1181,-4.125,0.0531,280.3892,0.0909,0,10,5,289000.0,1.0
-999.0,0.0,-999.0,0.0,0.0,1.0,0,10,5,0.0,1.0
-122.5957,1.8243,0.4798,2.2052,21.3581,0.0,0,10,5,289000.0,2.0
-124.0507,0.3807,-0.5714,0.315,-458.2804,0.0,0,10,5,289000.0,2.0
-112.2304,1.0908,11.6403,0.1209,300.4248,0.0378,0,12,8,1450000.0,0.0
-105.2,0.16,0.225,0.0681,296.1179,0.0909,0,10,5,289000.0,1.0
-95.9548,0.0,8.1732,0.0,3979.5881,1.0,22,12,8,0.0,1.0
-110.4,0.24,9.55,0.0725,244.7376,0.0,0,10,5,289000.0,0.0
-108.25,0.1625,-2.45,0.0225,299.4733,0.0909,0,10,5,289000.0,1.0
-106.925,1.2006,-0.375,3.9281,295.6985,0.0909,0,10,5,289000.0,1.0
-119.0367,1.6226,-2.4263,0.9086,-541.1298,0.0,0,8,5,83000.0,2.0
-130.7833,2.1469,-8.608,1.7673,-37.4563,0.0,0,12,8,1450000.0,2.0
-134.2848,0.817,-10.217,0.7279,182.9322,0.0,0,12,8,1450000.0,2.0
-128.982,0.3661,-6.3024,0.2922,-465.833,0.0431,0,8,5,83000.0,2.0
-130.3119,5.5136,-6.9379,3.9903,121.8397,0.0,0,12,8,1450000.0,2.0
-126.1328,2.0955,-3.2254,1.6744,460.3424,0.0785,0,8,5,83000.0,2.0
-128.7265,0.5281,-4.2656,0.3347,21.0125,0.0,0,10,5,289000.0,2.0
-131.318,9.2027,-9.1326,6.5823,612.1854,0.0,0,12,8,1450000.0,2.0
-105.349,0.4326,10.7583,0.1863,309.4595,0.0,0,12,8,1450000.0,0.0
-111.7,0.21,10.2,0.0475,118.6988,0.0,0,10,5,289000.0,0.0
-117.8,0.16,4.875,0.0156,-135.8954,0.0,0,8,5,83000.0,0.0
-113.2509,0.3693,9.7002,0.3824,315.0646,0.0235,0,12,8,1450000.0,0.0
-128.5593,23.0005,-5.443,14.065,-440.0421,0.0593,0,8,5,83000.0,2.0
-110.6667,0.2222,-5.6667,0.2222,-521.4918,0.0,0,8,5,83000.0,1.0
-122.8355,1.2027,-0.8787,1.1194,-599.8603,0.0,0,10,5,289000.0,2.0
-106.2468,0.5411,10.362,0.0807,458.4518,0.0,0,12,8,1450000.0,0.0
-106.0651,0.0,2.8945,0.0,2640.9082,1.0,1433,12,8,0.0,1.0
-118.0,2.6452,3.6915,2.0144,-467.0887,0.1572,0,10,5,289000.0,2.0
-111.8,0.36,10.125,0.0406,257.5303,0.0,0,10,5,289000.0,0.0
-126.0211,1.6934,-7.7523,4.8785,-555.3215,0.8114,620,8,5,0.0,1.0
-110.6667,0.0139,-5.6667,0.0139,-524.288,0.0,0,8,5,83000.0,1.0
-109.375,0.0781,-4.375,0.0781,-501.2193,0.0,0,8,5,83000.0,1.0
-105.9763,0.0,7.9158,0.0,2719.5814,1.0,1104,12,8,0.0,1.0
-102.0,0.4,11.825,0.0381,-492.4113,0.0,0,8,5,83000.0,0.0
-114.9493,0.3836,7.3975,0.733,283.2058,0.1212,0,12,8,1450000.0,0.0
-104.0,0.0,0.5,0.0,315.6214,0.875,3,10,5,289000.0,1.0
-130.0605,1.2005,-7.3482,0.997,47.3246,0.0,0,12,8,1450000.0,2.0
-126.8609,0.0473,-3.8775,0.0407,-457.3788,0.0,0,8,5,83000.0,2.0
-134.0908,31.212,-10.9604,29.742,304.4495,0.1,0,12,8,1450000.0,2.0
-130.766,6.9063,-8.3392,6.1837,59.2698,0.0,0,12,8,1450000.0,2.0
-132.8616,0.5074,-10.5697,0.4516,39.5129,0.0,0,12,8,1450000.0,2.0
-125.0,1.3607,-1.712,1.752,-611.916,0.0,0,10,5,289000.0,2.0
-122.0264,0.3962,0.7877,0.4694,-619.1077,0.0,0,10,5,289000.0,2.0
-115.5,0.25,7.225,0.1556,-489.0558,0.0,0,8,5,83000.0,0.0
-106.125,0.0,-0.625,0.0,2820.6694,1.0,4,10,5,0.0,1.0
-131.0398,1.1868,-8.1808,0.8427,539.9037,0.0,0,12,8,1450000.0,2.0
-109.5833,0.2639,-4.5833,0.0972,-501.9184,0.0,0,8,5,83000.0,1.0
-123.7326,1.5413,-0.7573,1.237,-411.1663,0.0,0,10,5,289000.0,2.0
-127.5411,3.4329,-2.6582,2.9014,-604.5929,0.0863,0,10,5,289000.0,2.0
-130.657,0.2488,-7.9893,0.2001,6.5387,0.0,0,12,8,1450000.0,2.0
-101.3,0.21,11.25,0.1625,-392.5869,0.0,0,8,5,83000.0,0.0
-115.6542,0.6663,9.6608,0.3234,315.3791,0.062,0,12,8,1450000.0,0.0
-123.2019,0.868,-0.3695,0.9024,-618.2476,0.0,0,10,5,289000.0,2.0
-113.5,0.25,8.675,0.0506,97.3079,0.0,0,10,5,289000.0,0.0
-125.4695,1.3274,-3.5969,0.6267,-425.2427,0.0,0,8,5,83000.0,2.0
-117.1147,0.9673,8.3629,0.5536,383.1259,0.0746,2,12,8,1450000.0,0.0
-120.6315,1.2317,-1.5568,0.9463,-601.1665,0.0,0,10,5,289000.0,2.0
-110.8333,0.6806,-5.5,0.2917,-535.4728,0.7,7,8,5,83000.0,1.0
-120.2668,1.3045,-0.6449,1.1842,-579.5258,0.0,0,10,5,289000.0,2.0
-110.6,0.24,8.775,0.0681,254.804,0.0,0,10,5,289000.0,0.0
-100.45,0.385,-1.55,0.035,90.5445,0.0,0,12,8,1450000.0,1.0
-127.24,0.5992,-3.2304,0.4591,-410.4868,0.0,0,10,5,289000.0,2.0
-117.8832,1.0547,7.2945,0.426,2499.9226,0.8848,912,8,5,0.0,1.0
-131.6945,0.9416,-9.1918,0.7921,-3.9199,0.0,0,12,8,1450000.0,2.0
-121.0366,1.0914,-3.0886,1.0727,-84.3719,0.0,0,10,5,289000.0,2.0
-114.3,0.61,8.625,0.0156,-493.2502,0.0,0,8,5,83000.0,0.0
-134.2037,1.1838,-11.4684,0.7858,679.0543,0.0,0,12,8,1450000.0,2.0
-131.0222,1.1054,-7.7594,0.8685,32.3732,0.0,0,12,8,1450000.0,2.0
-113.3,0.21,9.55,0.035,258.1594,0.0909,0,10,5,289000.0,0.0
-108.45,0.4725,-2.85,0.1025,298.0053,0.0909,0,10,5,289000.0,1.0
-108.5,0.45,10.05,0.0475,224.8147,0.0,0,10,5,289000.0,0.0
-121.8393,4.8587,2.5776,4.5598,-604.3174,0.1927,0,10,5,289000.0,2.0
-117.3735,0.0,7.7566,0.0,2348.2947,1.0,1071,8,5,0.0,1.0
-110.6667,0.3889,-7.3333,0.0556,-524.288,0.0,0,8,5,83000.0,1.0
-100.4,0.69,-1.9,0.14,114.3996,0.0,0,12,8,1450000.0,1.0
-113.0,0.4,9.4,0.015,247.0445,0.0,0,10,5,289000.0,0.0
-108.5833,0.0556,-3.9167,0.0556,-507.5108,0.0,0,8,5,83000.0,1.0
-121.8222,0.5999,-0.3444,0.6958,30.9531,0.0,0,10,5,289000.0,2.0
-127.2109,0.6841,-4.8289,0.5119,225.2864,0.0,0,8,5,83000.0,2.0
-101.6664,0.3785,0.5968,2.5723,345.7929,0.0,0,12,8,1450000.0,1.0
-125.5016,0.2878,-2.3655,0.1414,239.4109,0.0,0,8,5,83000.0,2.0
-115.9,0.49,6.775,0.0931,-481.5061,0.0,0,8,5,83000.0,0.0
-104.5671,1.1918,11.3162,0.3438,158.4389,0.1908,1,12,8,1450000.0,0.0
-104.0048,0.0,5.7772,0.0,2682.5461,1.0,470,12,8,0.0,1.0
-117.0754,1.8263,8.2864,1.1075,2664.7485,0.5137,393,8,5,0.0,1.0
-123.2796,1.3247,0.3567,1.1011,-606.8211,0.0,0,10,5,289000.0,2.0
-109.5,1.125,-5.5,0.2917,-524.288,0.0,0,8,5,83000.0,1.0
-132.1428,0.1862,-9.4104,0.1433,193.865,0.0,0,12,8,1450000.0,2.0
-113.5,0.25,9.325,0.0256,256.4817,0.0,0,10,5,289000.0,0.0
-107.1,0.315,-1.3,0.085,299.2636,0.0909,0,10,5,289000.0,1.0
-102.325,0.3631,-6.225,0.0181,60.765,0.0,0,12,8,1450000.0,1.0
-130.6699,1.3929,-9.0216,1.0922,8.7543,0.0,0,12,8,1450000.0,2.0
-123.046,0.0062,-0.1442,0.01,-76.8704,0.0,0,10,5,289000.0,2.0
-110.6,0.44,8.7,0.0475,163.9973,0.0,0,10,5,289000.0,0.0
-108.6924,0.7465,8.2145,0.2484,152.2642,0.1435,1,12,8,1450000.0,0.0
-115.6535,0.9075,-1.1565,0.5455,240.6555,0.0505,0,12,8,1450000.0,1.0
-131.948,0.3021,-9.4135,0.2007,384.2238,0.1,0,12,8,1450000.0,2.0
-110.3427,0.2879,7.0161,0.3753,328.3101,0.0921,1,12,8,1450000.0,0.0
-132.4057,7.0945,-9.5538,6.4739,555.4185,0.09,0,12,8,1450000.0,2.0
-130.386,4.2628,-6.6459,3.5672,202.0042,0.0,0,12,8,1450000.0,2.0
-118.2764,0.9537,-11.7303,4.1816,303.8977,0.0092,2,12,8,1450000.0,1.0
-116.8,0.16,5.85,0.0525,-477.3118,0.0,0,8,5,83000.0,0.0
-100.7,0.4225,-3.9,0.1525,112.8792,0.0,0,12,8,1450000.0,1.0
-134.363,0.02,-11.0958,0.0141,-53.3853,0.0,0,12,8,1450000.0,2.0
-117.3,0.61,5.325,0.1631,-119.1182,0.0,0,8,5,83000.0,0.0
-136.4878,5.2763,-14.1906,4.3543,247.5882,0.0,0,12,8,1450000.0,2.0
-106.1454,0.108,0.9813,1.3235,215.8401,0.1426,12,12,8,1450000.0,1.0
-121.2879,4.3152,2.2234,3.599,-76.8736,0.1153,0,10,5,289000.0,2.0
-114.7,0.21,8.225,0.1431,-522.6104,0.0,0,8,5,83000.0,0.0
-130.7106,0.0803,-7.3904,0.0786,-454.5265,0.0,0,8,5,83000.0,2.0
-122.4368,0.1219,0.1865,0.1417,-78.4352,0.0,0,10,5,289000.0,2.0
-106.3,0.21,3.2,1.4475,300.7316,0.0909,0,10,5,289000.0,1.0
-112.884,1.0195,9.4429,0.7649,318.2607,0.0252,1,12,8,1450000.0,0.0
-113.6,0.24,8.9,0.04,16.1481,0.0,0,10,5,289000.0,0.0
-132.5009,0.1629,-9.8126,0.1335,218.8043,0.0,0,12,8,1450000.0,2.0
-104.85,0.415,-4.85,0.015,311.2173,0.0909,0,10,5,289000.0,1.0
-120.182,0.1085,-1.8935,0.1195,-419.1562,0.0,0,10,5,289000.0,2.0
-127.8726,0.0553,-5.9076,0.0588,162.5657,0.0,0,8,5,83000.0,2.0
-125.4118,0.4881,-2.9609,0.2581,-125.088,0.0313,0,8,5,83000.0,2.0
-125.0,0.1866,-1.0058,0.1283,-630.1158,0.0,0,10,5,289000.0,2.0
-121.2451,1.5796,-1.4167,1.2136,-613.6042,0.0,0,10,5,289000.0,2.0
-105.0,0.4,-4.5,0.05,314.3631,0.0909,0,10,5,289000.0,1.0
-109.7,0.41,8.925,0.0756,-310.1688,0.0,0,10,5,289000.0,0.0
-106.564,0.4477,11.438,0.2222,452.2962,0.0,0,12,8,1450000.0,0.0
-125.8736,4.3283,-1.1898,3.2079,-593.711,0.1393,0,10,5,289000.0,2.0
-128.3835,4.6364,-4.9581,6.1842,-608.0933,0.03,0,10,5,289000.0,2.0
-125.0,0.1505,-1.7749,0.1702,-89.9697,0.0,0,10,5,289000.0,2.0
-100.275,1.3056,-2.575,0.0506,109.7335,0.0,0,12,8,1450000.0,1.0
-125.0,0.3671,-2.2681,0.2127,-611.1893,0.0,0,10,5,289000.0,2.0
-111.3125,0.0,9.9297,0.0,2221.408,1.0,709,8,5,0.0,1.0
-122.0702,0.2584,-0.1694,0.1815,-426.4943,0.0,0,10,5,289000.0,2.0
-101.325,1.9631,-11.025,0.7681,118.4367,0.0,0,12,8,1450000.0,1.0
-102.0,0.0,11.725,0.0306,-473.9564,0.0,0,8,5,83000.0,0.0
-105.8838,0.5071,11.3998,0.2951,293.1391,0.0,0,12,8,1450000.0,0.0
-104.4,0.6525,-0.6,0.0525,285.2127,0.0909,0,10,5,289000.0,1.0
-128.5114,0.1924,-4.4007,0.2126,-75.8862,0.0,0,10,5,289000.0,2.0
-107.75,0.2625,-1.95,0.3225,293.6013,0.0909,0,10,5,289000.0,1.0
-108.5,0.5,-3.8333,1.0556,-501.9184,0.0,0,8,5,83000.0,1.0
-125.8432,3.2882,-3.2102,2.2056,-123.4695,0.1102,0,8,5,83000.0,2.0
-110.5,0.0417,-5.5,0.0417,-524.288,0.0,0,8,5,83000.0,1.0
-120.3323,0.4541,-1.826,0.3664,15.2943,0.0,0,10,5,289000.0,2.0
-131.1439,5.5861,-9.3945,4.5501,131.1163,0.0,0,12,8,1450000.0,2.0
-108.6,0.24,9.4,0.1275,256.9011,0.0,0,10,5,289000.0,0.0
-133.9507,16.9507,-11.2601,15.6424,321.6981,0.0,0,12,8,1450000.0,2.0
-106.5,0.0,3.625,0.0,2850.0295,1.0,148,10,5,0.0,1.0
-116.5,0.25,6.15,0.0775,-472.2787,0.0,0,8,5,83000.0,0.0
-113.6,0.64,8.45,0.61,255.2234,0.0909,0,10,5,289000.0,0.0
-115.4,0.84,7.75,0.5875,-480.6672,0.0,0,8,5,83000.0,0.0
-109.75,0.2812,-5.75,0.2812,-507.5108,0.0,0,8,5,83000.0,1.0
-123.1604,0.4012,0.2321,0.4162,4.5616,0.0,0,10,5,289000.0,2.0
-117.3179,3.1014,-5.9736,2.2991,44.2507,0.057,2,12,8,1450000.0,1.0
-131.7272,45.0,-8.9485,42.8914,321.1521,0.2727,0,12,8,1450000.0,2.0
-122.5089,8.171,1.0038,4.068,-587.2583,0.3,0,10,5,289000.0,2.0
-105.6436,0.6245,11.7109,0.1096,228.31,0.0,1,12,8,1450000.0,0.0
-111.0,0.6,9.325,0.2381,250.6096,0.0,0,10,5,289000.0,0.0
-110.5,0.25,8.675,0.0506,-45.7179,0.0,0,10,5,289000.0,0.0
-120.7785,3.0272,-6.1705,2.6387,-601.6,0.7603,0,8,5,0.0,1.0
-129.3225,0.0932,-7.1671,0.0841,-67.0355,0.0,0,12,8,1450000.0,2.0
-109.85,0.5025,-3.75,0.0125,300.3122,0.0909,0,10,5,289000.0,1.0
-100.7,0.21,11.45,0.0225,-452.9849,0.0,0,8,5,83000.0,0.0
-110.972,1.9768,0.8152,1.9885,-248.8543,0.3652,3,12,8,1450000.0,1.0
-104.7363,0.3429,11.3044,0.1382,321.1915,0.0,0,12,8,1450000.0,0.0
-102.575,0.8131,-1.475,0.5181,302.8288,0.0909,0,10,5,289000.0,1.0
-110.9,0.29,9.45,0.0475,258.7886,0.0909,0,10,5,289000.0,0.0
-114.9934,0.7843,-11.0619,0.288,-17.6155,0.0088,0,12,8,1450000.0,1.0
-98.9,0.3275,-0.9,2.965,85.7211,0.0,0,12,8,1450000.0,1.0
-120.7426,0.5618,-0.9364,0.4643,24.3816,0.0,0,10,5,289000.0,2.0
-104.875,0.2156,-5.075,0.1756,316.8797,0.0909,0,10,5,289000.0,1.0
-103.925,0.4756,-0.925,0.0256,299.0539,0.0909,0,10,5,289000.0,1.0
-112.5,0.65,9.75,0.025,42.1528,0.0,0,10,5,289000.0,0.0
-111.7,0.41,10.05,0.035,23.4881,0.0,0,10,5,289000.0,0.0
-108.175,0.0631,-1.275,0.0181,295.0693,0.0909,0,10,5,289000.0,1.0
-113.0,0.8,9.35,0.0275,252.2874,0.0,0,10,5,289000.0,0.0
-111.0,0.4,9.675,0.3256,256.0623,0.0909,0,10,5,289000.0,0.0
-110.625,0.4531,-6.875,0.0781,-536.8709,0.0,0,8,5,83000.0,1.0
-123.1305,0.1805,0.2648,0.1319,-407.9835,0.0,0,10,5,289000.0,2.0
-117.225,0.3556,-9.925,0.5506,-541.9041,0.0,0,8,5,83000.0,1.0
-109.175,0.5506,-3.475,0.1056,277.2435,0.0909,0,10,5,289000.0,1.0
-113.1,0.29,9.325,0.0131,256.272,0.0,0,10,5,289000.0,0.0
-113.1,0.29,8.925,0.0506,-253.336,0.0,0,8,5,83000.0,0.0
-109.3125,0.3867,-4.5625,0.043,-530.5795,0.0,0,8,5,83000.0,1.0
-130.75,1.3944,-7.4378,0.722,161.7958,0.0,0,8,5,83000.0,2.0
-114.3,0.41,8.625,0.0281,-164.4167,0.0,0,8,5,83000.0,0.0
-112.7,0.41,9.5,0.05,202.5849,0.0,0,10,5,289000.0,0.0
-126.5182,4.3233,-4.1239,4.1406,138.1202,0.0731,0,8,5,83000.0,2.0
-109.475,0.2931,-2.1,6.865,286.0515,0.0909,0,10,5,289000.0,1.0
-130.5202,2.498,-7.2915,2.2334,651.0847,0.0,0,12,8,1450000.0,2.0
-110.5,0.25,9.0,0.225,149.3172,0.0,0,10,5,289000.0,0.0
-114.048,1.255,-3.9041,1.0462,-466.6306,0.0,0,10,5,289000.0,2.0
-110.2424,0.7712,13.08,0.8631,222.945,0.1223,1,12,8,1450000.0,0.0
-111.0,0.4,10.05,0.11,252.4971,0.0,0,10,5,289000.0,0.0
-113.2578,0.3629,9.7556,0.152,184.714,0.0159,0,12,8,1450000.0,0.0
-111.4,0.84,9.25,0.1875,168.4013,0.0,0,10,5,289000.0,0.0
-112.4916,0.8501,5.0268,0.2685,205.194,0.1359,0,12,8,1450000.0,0.0
-126.9967,0.6333,-3.1017,0.5743,-422.9844,0.0,0,10,5,289000.0,2.0
-111.3454,0.2208,-7.6122,0.0759,152.1728,0.0,0,8,5,83000.0,2.0
-109.0,0.4,9.425,0.0256,258.5788,0.0,0,10,5,289000.0,0.0
-106.175,0.4506,0.05,0.2725,299.0539,0.0909,0,10,5,289000.0,1.0
-108.75,0.1667,-6.0833,0.0556,-527.0842,0.0,0,8,5,83000.0,1.0
-108.8,0.36,9.275,0.0931,257.74,0.0,0,10,5,289000.0,0.0
-116.6088,1.0843,9.1795,0.4435,248.2272,0.1353,0,12,8,1450000.0,0.0
-116.6923,0.9192,9.3131,0.3171,317.9891,0.0288,1,12,8,1450000.0,0.0
-127.9782,0.6591,-5.3888,0.398,-458.8992,0.0742,0,8,5,83000.0,2.0
-111.9,0.29,9.9,0.065,37.539,0.0,0,10,5,289000.0,0.0
-112.6,0.24,9.85,0.015,255.4331,0.0909,0,10,5,289000.0,0.0
-106.5,0.0,3.6875,0.0,2847.408,1.0,175,10,5,0.0,1.0
-112.6,0.44,9.65,0.015,252.0777,0.0,0,10,5,289000.0,0.0
-114.6667,2.7639,-2.3333,0.2639,-538.269,0.8235,0,8,5,83000.0,1.0
-130.9415,0.1214,-7.3457,0.1034,26.482,0.0,0,12,8,1450000.0,2.0
-102.5935,2.2609,1.2,1.2619,-205.8918,0.2416,3,12,8,1450000.0,1.0
-108.5,0.225,-2.8,0.085,286.471,0.0909,0,10,5,289000.0,1.0
-101.7,0.21,11.85,0.04,-439.563,0.0,0,8,5,83000.0,0.0
-105.15,0.565,-3.35,0.015,300.9413,0.0909,0,10,5,289000.0,1.0
-126.4052,7.7343,-3.6751,2.9272,-455.8512,0.1344,0,8,5,83000.0,2.0
-98.5,0.6625,-0.4,0.0525,106.0635,0.0,0,12,8,1450000.0,1.0
-111.75,0.0937,-6.75,1.2188,-515.8994,0.0,0,8,5,83000.0,1.0
-111.4665,0.8557,6.2036,0.1248,335.9109,0.0287,1,12,8,1450000.0,0.0
-129.3565,1.486,-5.6935,1.3843,226.4489,0.0,0,12,8,1450000.0,2.0
-104.6,0.24,1.85,0.0525,292.1333,0.0909,0,10,5,289000.0,1.0
-129.2569,0.4156,-5.5382,0.4969,-611.2437,0.0,0,10,5,289000.0,2.0
-106.1667,0.0,-0.5,0.0,2781.8721,1.0,8,10,5,0.0,1.0
-132.5065,3.0006,-10.4345,2.0921,96.4981,0.0,0,12,8,1450000.0,2.0
-108.275,0.6306,-2.775,1.4556,287.7292,0.0909,0,10,5,289000.0,1.0
-122.7464,0.6179,0.4925,0.7997,-82.0241,0.0,0,10,5,289000.0,2.0
-115.8,0.16,6.85,0.0275,-478.1506,0.0,0,8,5,83000.0,0.0
-113.7,0.21,8.6,0.0525,104.2285,0.0,0,10,5,289000.0,0.0
-101.8192,1.2664,-0.7904,1.2528,246.7795,0.2455,0,12,8,1450000.0,1.0
-101.125,0.2031,-7.625,0.0281,90.964,0.0,0,12,8,1450000.0,1.0
-101.5,0.9625,-2.0,0.0625,119.2755,0.0,0,12,8,1450000.0,1.0
-104.0303,0.1801,13.2212,0.0898,303.1378,0.0,0,12,8,1450000.0,0.0
-127.7387,38.274,-3.8479,25.6755,-131.0587,0.1979,0,8,5,83000.0,2.0
-117.025,0.5306,-9.625,0.6906,-549.4538,0.0,0,8,5,83000.0,1.0
-108.9444,1.0263,6.5698,0.4822,242.5256,0.0989,1,12,8,1450000.0,0.0
-120.4129,0.1233,-2.8088,0.0698,-62.6897,0.0,0,10,5,289000.0,2.0
-133.1827,45.0,-10.3662,38.03,411.2032,0.1,0,12,8,1450000.0,2.0
-104.575,1.6756,-3.7,7.8225,290.4556,0.0909,0,10,5,289000.0,1.0
-110.4,0.44,8.45,0.085,165.4653,0.0,0,10,5,289000.0,0.0
-132.4725,3.194,-9.9768,2.1936,-1.8358,0.0,0,12,8,1450000.0,2.0
-101.875,0.4906,-8.475,0.0306,112.6695,0.0,0,12,8,1450000.0,1.0
-112.0,0.2,10.175,0.0256,261.0954,0.0909,0,10,5,289000.0,0.0
-125.5669,2.9758,-4.0132,1.5242,-461.3462,0.0421,0,8,5,83000.0,2.0
-114.3,0.41,8.6,0.0275,-490.7336,0.0,0,8,5,83000.0,0.0
-125.4889,0.3867,-2.6683,0.2656,-146.8991,0.0,0,8,5,83000.0,2.0
-104.7765,0.1998,13.0698,0.1051,173.5357,0.1818,0,12,8,1450000.0,0.0
-112.3,0.21,9.675,0.0381,215.5872,0.0,0,10,5,289000.0,0.0
-112.8,0.16,9.375,0.0156,258.3691,0.0,0,10,5,289000.0,0.0
-125.9555,0.2356,-3.2828,0.0986,-128.2699,0.0,0,8,5,83000.0,2.0
-114.8,0.16,8.275,0.0306,-501.6387,0.0,0,8,5,83000.0,0.0
-99.7,0.21,0.45,0.06,56.0988,0.0,0,12,8,1450000.0,1.0
-113.9,0.09,8.0,1.3875,215.1678,0.0,0,10,5,289000.0,0.0
-110.3333,1.7222,-4.3333,0.0556,-529.8804,0.0,0,8,5,83000.0,1.0
-108.5899,0.4256,8.8051,0.2897,276.2472,0.1011,0,12,8,1450000.0,0.0
-110.6,0.64,9.25,0.8875,194.8254,0.0,0,10,5,289000.0,0.0
-89.0711,0.0,8.7083,0.0,3268.4263,1.0,19,12,8,0.0,1.0
-112.2,0.36,10.325,0.0131,113.2462,0.0,0,10,5,289000.0,0.0
-112.6,0.24,9.875,0.0406,-63.1243,0.0,0,10,5,289000.0,0.0
-128.2752,2.9739,-6.9479,1.9362,453.6742,0.0,0,8,5,83000.0,2.0
-111.9816,1.9134,-5.6545,1.7403,79.6959,0.1538,0,12,8,1450000.0,1.0
-100.25,0.9,-2.75,0.05,113.1938,0.0,0,12,8,1450000.0,1.0
-104.6937,0.0,5.5255,0.0,2721.2485,1.0,487,12,8,0.0,1.0
-116.5,1.25,6.125,1.1156,-513.3828,0.0,0,8,5,83000.0,0.0
-110.3922,0.0,6.3471,0.0,2525.0813,1.0,1509,8,5,0.0,1.0
-134.2739,7.6671,-12.1387,6.2365,442.2559,0.0,0,12,8,1450000.0,2.0
-114.825,0.7256,-3.925,0.8006,-536.8709,0.0,0,8,5,83000.0,1.0
-109.625,0.7531,-3.225,0.3431,296.1179,0.0909,0,10,5,289000.0,1.0
-109.75,0.5,-3.75,3.5,-510.307,0.0,0,8,5,83000.0,1.0
-106.2834,0.0,8.6688,0.0,2714.9735,1.0,828,12,8,0.0,1.0
-101.0,0.0,0.0,0.0,317.7185,0.8889,1,10,5,289000.0,1.0
-104.5,0.5125,-0.6,0.0525,285.8418,0.0909,0,10,5,289000.0,1.0
-101.0,0.6,11.075,0.3381,-471.4398,0.0,0,8,5,83000.0,0.0
-118.775,1.4056,-5.125,14.0031,-564.5533,0.0,0,8,5,83000.0,1.0
-117.2,0.76,5.5,0.55,-615.7238,0.0,0,8,5,83000.0,0.0
-116.6218,0.3024,5.2264,0.5766,194.8428,0.0619,1,12,8,1450000.0,0.0
-114.6,0.24,8.0,0.0125,-171.1276,0.0,0,8,5,83000.0,0.0
-117.2,0.76,5.5,1.375,-620.757,0.0,0,8,5,83000.0,0.0
-108.75,0.0937,-4.0,0.0312,-532.6766,0.0,0,8,5,83000.0,1.0
-109.35,0.2275,-2.95,0.0475,273.888,0.0909,0,10,5,289000.0,1.0
-105.3555,1.8986,5.1692,0.8912,295.5518,0.4463,7,12,8,1450000.0,1.0
-114.0,0.125,-2.6667,0.6806,-538.269,0.0,0,8,5,83000.0,1.0
-108.125,0.0156,-0.05,0.0475,269.9035,0.0909,0,10,5,289000.0,1.0
-116.4,0.64,6.45,0.4225,-516.7383,0.0,0,8,5,83000.0,0.0
-115.4,0.415,-7.1,0.115,-521.7715,0.0,0,8,5,83000.0,1.0
-104.725,0.0931,-4.625,0.0281,311.6367,0.0909,0,10,5,289000.0,1.0
-104.5575,0.507,10.7305,0.1874,226.9982,0.0,0,12,8,1450000.0,0.0
-105.3,0.41,0.175,0.0256,329.2529,0.2857,0,10,5,289000.0,1.0
-120.114,0.1635,-0.9679,0.151,-81.3694,0.0,0,10,5,289000.0,2.0
-123.7018,1.9649,-0.2717,1.3653,-603.0169,0.0,0,10,5,289000.0,2.0
-103.625,0.1406,-0.125,0.0156,315.6214,0.8889,0,10,5,289000.0,1.0
-128.0955,7.8794,-5.5589,5.1321,-150.8022,0.1335,0,8,5,83000.0,2.0
-132.8951,2.6896,-9.8019,2.3409,4.2911,0.0,0,12,8,1450000.0,2.0
-113.7,0.21,9.075,0.1006,258.9983,0.0909,0,10,5,289000.0,0.0
-105.8,0.16,1.425,0.0506,300.9413,0.0909,0,10,5,289000.0,1.0
-99.45,0.61,-2.75,0.0,99.038,0.0,0,12,8,1450000.0,1.0
-130.9,0.8604,-8.2715,0.7526,-462.4669,0.0,0,8,5,83000.0,2.0
-128.1594,1.9758,-4.7173,1.6346,-617.634,0.0,0,10,5,289000.0,2.0
-111.6613,0.3228,8.6411,0.2172,297.9601,0.1309,1,12,8,1450000.0,0.0
-130.8116,0.4788,-8.6271,0.3483,120.607,0.0,0,12,8,1450000.0,2.0
-110.7,0.41,8.925,0.0631,258.7886,0.0909,0,10,5,289000.0,0.0
-110.6,0.64,9.2,0.4975,154.3504,0.0,0,10,5,289000.0,0.0
-125.0,0.578,-2.1035,0.3175,-88.5994,0.0,0,10,5,289000.0,2.0
-128.1645,40.2189,-5.1179,29.8884,231.5751,0.1921,0,8,5,83000.0,2.0
-105.7,0.41,0.825,0.0756,291.9236,0.0909,0,10,5,289000.0,1.0
-133.2466,0.1069,-10.7028,0.0916,159.6756,0.0,0,12,8,1450000.0,2.0
-106.5,0.0,3.9375,0.0,2833.7769,1.0,278,10,5,0.0,1.0
-117.9891,0.2384,7.629,0.5339,357.3708,0.0139,0,12,8,1450000.0,0.0
-122.2127,0.1861,-0.9762,0.0779,-421.8784,0.0,0,8,5,83000.0,2.0
-105.6278,0.0,6.3785,0.0,2626.6448,1.0,194,12,8,0.0,1.0
-110.7,0.41,8.425,0.1006,254.804,0.0,0,10,5,289000.0,0.0
-115.75,0.3,-6.65,0.14,-532.6766,0.0,0,8,5,83000.0,1.0
-130.317,0.2264,-7.5,0.1686,21.9377,0.0,0,12,8,1450000.0,2.0
-115.3,0.41,7.6,0.2025,-512.5439,0.0,0,8,5,83000.0,0.0
-101.7,0.41,11.55,0.1225,-417.7526,0.0,0,8,5,83000.0,0.0
-130.9,16.0193,-7.8016,10.9768,-147.1775,0.1664,0,8,5,83000.0,2.0
-124.0898,0.1724,-0.8419,0.1457,30.2458,0.0,0,10,5,289000.0,2.0
-115.6356,0.3979,6.4024,0.0393,205.1681,0.0621,1,12,8,1450000.0,0.0
-102.4,0.24,11.75,0.05,-473.9564,0.0,0,8,5,83000.0,0.0
-130.4333,6.4066,-7.6672,5.2767,-454.4932,0.0198,0,8,5,83000.0,2.0
-110.3,0.21,8.275,0.3806,150.3658,0.0,0,10,5,289000.0,0.0
-130.1049,2.6375,-7.0257,2.2115,32.0789,0.0,0,12,8,1450000.0,2.0
-135.2802,3.1102,-12.357,2.6044,397.1531,0.1,0,12,8,1450000.0,2.0
-109.0,1.0,9.575,0.8881,222.7176,0.0,0,10,5,289000.0,0.0
-112.788,1.4276,-4.4699,3.7067,47.1056,0.1446,0,12,8,1450000.0,1.0
-124.0056,0.3336,-1.248,0.3809,-407.1397,0.0,0,10,5,289000.0,2.0
-101.375,0.3281,-8.075,0.1631,97.5176,0.0,0,12,8,1450000.0,1.0
-119.812,0.4405,-0.4033,0.5872,-608.9101,0.0,0,10,5,289000.0,2.0
-132.8983,3.0625,-9.7601,2.4641,166.7539,0.0,0,12,8,1450000.0,2.0
-103.45,0.5975,-0.95,0.4975,346.8689,0.0909,0,10,5,289000.0,1.0
-109.5,0.5417,-4.1667,0.2639,-513.1032,0.0,0,8,5,83000.0,1.0
-111.6076,0.2029,-8.817,0.3357,-115.6244,0.0517,0,8,5,83000.0,2.0
-99.675,0.7381,-2.475,0.3181,105.277,0.0,0,12,8,1450000.0,1.0
-116.7,0.61,6.2,0.7475,-476.473,0.0,0,8,5,83000.0,0.0
-123.7498,0.1158,-0.3241,0.1456,-598.8959,0.0,0,10,5,289000.0,2.0
-113.0,0.4,9.55,0.0475,250.6096,0.0,0,10,5,289000.0,0.0
-105.6827,0.2132,11.1261,0.187,151.1191,0.0909,0,12,8,1450000.0,0.0
-99.9375,0.9533,-2.1465,1.985,176.3838,0.0,0,12,8,1450000.0,1.0
-118.6,0.24,4.15,0.0275,-120.796,0.0,0,8,5,83000.0,0.0
-101.3,0.21,11.175,0.1006,-390.9091,0.0,0,8,5,83000.0,0.0
-117.1563,0.0,7.1875,0.0,2630.877,1.0,3084,8,5,0.0,1.0
-117.6,0.24,5.175,0.0131,-497.4444,0.0,0,8,5,83000.0,0.0
-105.075,0.1006,-0.15,0.04,293.3916,0.0909,0,10,5,289000.0,1.0
-126.1163,2.606,-3.3672,2.1339,-479.661,0.0,0,8,5,83000.0,2.0
-112.3,0.21,9.9,0.015,216.0067,0.0,0,10,5,289000.0,0.0
-110.538,0.1136,-10.4434,1.8077,300.2132,0.0298,2,12,8,1450000.0,1.0
-113.0058,0.965,12.6944,0.2564,420.8842,0.0235,0,12,8,1450000.0,0.0
-112.7984,0.3615,6.9188,0.0865,265.0718,0.0744,0,12,8,1450000.0,0.0
-104.975,0.1931,-4.575,0.0631,307.2327,0.0909,0,10,5,289000.0,1.0
-103.71,0.8563,3.9342,2.6617,-196.4271,0.6893,10,12,8,1450000.0,1.0
-113.0,0.4,9.45,0.01,248.5125,0.0,0,10,5,289000.0,0.0
-113.3,0.61,9.325,0.0256,247.4639,0.0,0,10,5,289000.0,0.0
-112.7,0.21,9.525,0.0181,251.868,0.0,0,10,5,289000.0,0.0
-126.8056,3.2652,-4.3215,1.7108,256.1423,0.0538,0,8,5,83000.0,2.0
-110.1,0.49,8.625,0.0656,150.1561,0.0,0,10,5,289000.0,0.0
-101.875,0.5656,-8.375,0.0906,109.1568,0.0,0,12,8,1450000.0,1.0
-127.6249,2.5154,-4.6543,1.8114,-481.0601,0.0,0,10,5,289000.0,2.0
-105.525,0.2806,0.125,0.0406,326.946,0.8958,0,10,5,289000.0,1.0
-118.1,0.29,4.3,0.0225,-125.8291,0.0,0,8,5,83000.0,0.0
-106.4141,0.5941,12.6219,0.2589,390.6034,0.1,0,12,8,1450000.0,0.0
-132.2258,7.7916,-9.3064,9.4062,-477.0614,0.0901,0,10,5,289000.0,2.0
-112.0653,1.031,7.65,0.3941,390.8746,0.0045,2,12,8,1450000.0,0.0
-110.0,0.0,8.775,0.2931,149.1075,0.0,0,10,5,289000.0,0.0
-999.0,0.0,-999.0,0.0,0.0,1.0,0,8,5,0.0,1.0
-104.9309,0.0,1.7817,0.0,2656.2861,1.0,408,12,8,0.0,1.0
-119.2971,1.5128,3.1956,0.5164,-648.1651,0.4168,90,8,5,83000.0,1.0
-102.4,0.515,-9.4,0.015,98.7759,0.0,0,12,8,1450000.0,1.0
-113.3,0.21,8.975,0.0306,78.0141,0.0,0,10,5,289000.0,0.0
-121.2227,0.0964,-1.931,0.0652,7.1412,0.0,0,10,5,289000.0,2.0
-114.1,0.29,8.55,0.0725,-494.089,0.0,0,8,5,83000.0,0.0
-126.0222,0.3787,-3.9015,0.2055,240.3458,0.0,0,8,5,83000.0,2.0
-103.8,0.385,-2.8,0.135,287.3098,0.0909,0,10,5,289000.0,1.0
-101.0247,0.8806,0.7019,0.0426,268.3272,0.0,0,12,8,1450000.0,1.0
-109.25,0.0937,-4.25,0.2187,-526.3851,0.0,0,8,5,83000.0,1.0
-133.3363,0.1363,-10.8057,0.1095,214.6983,0.0,0,12,8,1450000.0,2.0
-117.5713,0.0,6.8725,0.0,2454.3385,1.0,1318,8,5,0.0,1.0
-113.4,0.24,8.975,0.0556,103.5993,0.0,0,10,5,289000.0,0.0
-103.2306,0.1839,11.5017,0.0795,243.4478,0.0,1,12,8,1450000.0,0.0
-103.7563,0.1889,12.1009,0.268,220.7969,0.0,0,12,8,1450000.0,0.0
-114.4731,0.2909,6.5841,0.3677,215.2599,0.1829,0,12,8,1450000.0,0.0
-104.444,0.5076,10.7604,0.2307,306.4828,0.0,0,12,8,1450000.0,0.0
-110.962,0.0717,2.6753,2.7518,195.7749,0.2826,2,12,8,1450000.0,1.0
-108.375,0.2781,0.05,0.0725,270.7423,0.0909,0,10,5,289000.0,1.0
-104.4242,0.6405,10.5879,0.1597,319.86,0.0909,0,12,8,1450000.0,0.0
-120.9517,6.3136,2.6538,8.3773,-399.6897,0.1377,0,10,5,289000.0,2.0
-121.0233,0.3856,-0.0808,0.3581,-81.2223,0.0,0,10,5,289000.0,2.0
-103.05,0.5225,-0.55,0.3725,324.8488,0.0909,0,10,5,289000.0,1.0
-120.5378,0.1327,-1.4342,0.0892,-627.9687,0.0,0,10,5,289000.0,2.0
-102.7,0.41,11.8,0.0225,-481.506,0.0,0,8,5,83000.0,0.0
-110.1,0.29,8.325,0.0381,258.1594,0.0,0,10,5,289000.0,0.0
-110.6,0.44,8.525,0.1181,249.1416,0.0,0,10,5,289000.0,0.0
-122.7988,1.1068,-0.2527,0.7138,-471.7956,0.0,0,10,5,289000.0,2.0
-101.475,1.5056,-3.775,0.0306,107.846,0.0,0,12,8,1450000.0,1.0
-100.9,0.665,-2.0,0.075,116.5492,0.0,0,12,8,1450000.0,1.0
-108.8405,0.8958,3.4125,1.6605,331.9825,0.5268,9,12,8,1450000.0,1.0
-106.0814,2.0951,1.5257,1.2547,418.0618,0.5059,4,12,8,1450000.0,1.0
-124.4963,0.4584,-2.7155,0.3553,-442.5029,0.0257,0,8,5,83000.0,2.0
-113.8,0.16,8.75,0.05,180.5648,0.2308,0,10,5,289000.0,0.0
-101.5347,1.4188,-1.3983,1.0126,184.8471,0.1,0,12,8,1450000.0,1.0
-107.4375,0.0,-0.9375,0.0,2823.8152,1.0,8,10,5,0.0,1.0
-130.9,8.0113,-7.4066,4.101,-549.7225,0.024,0,8,5,83000.0,2.0
-127.3745,2.4952,-3.35,2.8,-458.0443,0.0,0,8,5,83000.0,2.0
-110.6,0.24,9.975,0.0431,252.7068,0.0,0,10,5,289000.0,0.0
-113.7574,0.1058,-8.0376,3.7196,257.8839,0.1346,0,12,8,1450000.0,1.0
-110.7,0.41,9.275,0.1181,250.8194,0.0,0,10,5,289000.0,0.0
-102.375,0.5781,-9.375,0.0281,106.2732,0.0,0,12,8,1450000.0,1.0
-114.9872,1.0256,10.9588,0.1969,349.2004,0.1161,0,12,8,1450000.0,0.0
-126.0498,45.0,-3.0641,23.1873,163.4514,0.2167,0,8,5,83000.0,2.0
-122.0985,0.0478,-1.1749,0.0389,29.485,0.0,0,10,5,289000.0,2.0
-121.9989,0.5858,-1.2761,0.4809,-606.7795,0.0,0,10,5,289000.0,2.0
-103.475,1.0431,-1.075,0.0631,336.8026,0.0909,0,10,5,289000.0,1.0
-113.2,0.16,9.3,0.01,0.6291,0.0,0,10,5,289000.0,0.0
-128.9871,0.1498,-4.6279,0.0976,-422.9086,0.0,0,10,5,289000.0,2.0
-115.1,0.29,7.775,0.0431,-475.6341,0.0,0,8,5,83000.0,0.0
-115.9,1.49,7.125,1.7656,-512.5439,0.0,0,8,5,83000.0,0.0
-114.1667,0.0556,0.8333,2.3889,-532.6766,0.0,0,8,5,83000.0,1.0
-113.7,0.21,8.35,0.0775,162.3196,0.0,0,10,5,289000.0,0.0
-91.9755,0.0,6.787,0.0,2318.2447,1.0,14,12,8,0.0,1.0
-103.4992,0.6074,13.1301,0.0703,271.962,0.0,0,12,8,1450000.0,0.0
-123.456,1.0196,-7.3283,0.8157,2744.4015,0.5653,1400,8,5,83000.0,1.0
-110.7,0.21,9.125,0.0781,256.9011,0.0,0,10,5,289000.0,0.0
-100.9994,2.2219,-4.6056,2.9473,83.3386,0.0,0,12,8,1450000.0,1.0
-113.9232,0.0,6.7363,0.0,2556.0576,1.0,1635,8,5,0.0,1.0
-118.0,0.2,4.75,0.025,-515.0605,0.0,0,8,5,83000.0,0.0
-127.4614,0.8188,-5.7988,0.3636,468.9638,0.0,0,8,5,83000.0,2.0
-124.0712,2.5183,-0.5934,2.9849,-624.7517,0.1355,0,10,5,289000.0,2.0
-109.0,0.6,9.625,0.0156,227.3313,0.0,0,10,5,289000.0,0.0
-111.8,0.16,10.0,0.1375,-84.0958,0.0,0,10,5,289000.0,0.0
-130.9159,1.8165,-7.713,1.5352,610.4052,0.0,0,12,8,1450000.0,2.0
-100.6729,1.9892,-4.3684,0.4991,159.4423,0.0,0,12,8,1450000.0,1.0
-119.4389,0.1472,8.3314,0.141,2412.5652,0.3809,1057,8,5,0.0,1.0
-130.6013,1.5566,-7.6422,1.1694,302.7091,0.0,0,12,8,1450000.0,2.0
-113.6,0.24,8.425,0.0631,213.9095,0.0,0,10,5,289000.0,0.0
-107.5657,0.5438,10.1543,0.1569,214.8972,0.0645,1,12,8,1450000.0,0.0
-107.225,0.4556,-1.725,0.3806,298.215,0.0909,0,10,5,289000.0,1.0
-133.4682,9.8194,-9.5096,6.456,61.6725,0.0,0,12,8,1450000.0,2.0
-117.5824,2.2103,-3.544,1.4085,-443.9793,0.0,0,8,5,83000.0,2.0
-126.2673,4.0371,-3.8007,2.3833,-133.8615,0.0012,0,8,5,83000.0,2.0
-106.3,0.41,9.075,0.0631,294.4402,0.0909,0,10,5,289000.0,1.0
-111.8,0.36,10.1,0.015,168.1916,0.0,0,10,5,289000.0,0.0
-103.572,0.2236,-2.3196,0.5365,140.1499,0.0,0,12,8,1450000.0,1.0
-100.4,0.89,-1.5,0.0,92.2223,0.0,0,12,8,1450000.0,1.0
-115.6,1.84,7.175,1.9256,-474.7952,0.0,0,8,5,83000.0,0.0
-117.1,0.69,5.675,0.2756,-474.7952,0.0,0,8,5,83000.0,0.0
-133.6426,17.804,-11.5571,13.2081,530.0749,0.09,0,12,8,1450000.0,2.0
-111.0,0.2,10.175,0.0631,253.7554,0.0,0,10,5,289000.0,0.0
-126.6441,3.4721,-3.7446,2.7948,-155.0175,0.0,0,8,5,83000.0,2.0
-128.7681,0.6358,-6.8193,0.6134,30.9103,0.0,0,12,8,1450000.0,2.0
-113.835,0.5696,9.2419,0.3819,436.0391,0.1937,1,12,8,1450000.0,0.0
-103.5313,1.0004,10.7784,0.6806,460.6685,0.0273,0,12,8,1450000.0,0.0
-116.7,0.21,6.35,0.14,-515.0605,0.0,0,8,5,83000.0,0.0
-109.2,0.36,9.35,0.0525,258.3691,0.0,0,10,5,289000.0,0.0
-123.4998,5.6,0.9807,6.0275,-482.4379,0.2378,0,10,5,289000.0,2.0
-103.9535,2.4634,-11.8163,2.6595,189.0443,0.0,0,12,8,1450000.0,1.0
-112.3,0.61,9.85,0.015,-78.4335,0.0,0,10,5,289000.0,0.0
-134.4375,0.0262,-11.421,0.0232,187.0637,0.0,0,12,8,1450000.0,2.0
-126.8344,1.4148,-15.8716,0.4715,-703.1822,0.8271,980,8,5,0.0,1.0
-105.125,0.2031,-4.825,0.0381,311.427,0.0909,0,10,5,289000.0,1.0
-119.5,0.25,3.025,0.2181,-614.8849,0.0,0,8,5,83000.0,0.0
-111.9,0.29,10.075,0.0131,137.3634,0.0,0,10,5,289000.0,0.0
-110.6,0.24,8.875,0.2656,-33.9739,0.0,0,10,5,289000.0,0.0
-115.6,0.44,7.325,0.5131,-507.5108,0.0,0,8,5,83000.0,0.0
-99.8373,1.4881,-2.5903,1.9936,210.0238,0.0625,0,12,8,1450000.0,1.0
-132.6913,0.0907,-10.1716,0.061,-22.276,0.0,0,12,8,1450000.0,2.0
-128.6834,23.9504,-6.2416,14.0464,458.7201,0.1167,0,8,5,83000.0,2.0
-104.575,0.5631,-4.875,0.4281,293.811,0.0909,0,10,5,289000.0,1.0
-108.3333,0.0139,-3.3333,0.0139,-527.0842,0.0,0,8,5,83000.0,1.0
-98.7,0.835,-0.65,0.3275,78.8005,0.0,0,12,8,1450000.0,1.0
-105.6875,0.0,-0.1875,0.0,2807.5623,1.0,6,10,5,0.0,1.0
-104.3178,0.3037,12.6606,0.2112,213.8511,0.0,0,12,8,1450000.0,0.0
-105.9044,0.1308,11.5255,0.2451,348.7101,0.0,0,12,8,1450000.0,0.0
-105.0,0.2,0.125,0.0281,295.9082,0.0909,0,10,5,289000.0,1.0
-110.1,0.29,10.625,0.0156,-119.1182,0.0,0,8,5,83000.0,0.0
-105.3,0.21,1.2,0.0225,294.8596,0.0909,0,10,5,289000.0,1.0
-135.3338,8.3014,-12.0614,5.9572,605.0214,0.09,0,12,8,1450000.0,2.0
-132.3979,1.0538,-9.5177,0.7226,-41.8373,0.0,0,12,8,1450000.0,2.0
-116.0,1.5375,-5.6,2.0775,-536.871,0.0,0,8,5,83000.0,1.0
-103.9965,2.08,-2.9057,1.641,-26.8503,0.1,0,12,8,1450000.0,1.0
-115.147,0.5451,-6.4735,27.9994,-536.1533,0.9375,0,8,5,83000.0,1.0
-122.3599,0.0914,0.2825,0.061,-390.159,0.0,0,10,5,289000.0,2.0
-114.3,0.21,8.625,0.0156,-480.6672,0.0,0,8,5,83000.0,0.0
-102.95,0.9475,-0.75,0.2875,325.2683,0.0909,0,10,5,289000.0,1.0
-105.0,0.2375,-0.05,0.0475,293.3916,0.0909,0,10,5,289000.0,1.0
-122.1791,7.8168,-0.2884,4.804,-564.0086,0.123,0,8,5,83000.0,2.0
-114.4,0.24,8.55,0.0225,-169.4499,0.0,0,8,5,83000.0,0.0
-105.55,0.36,0.425,0.7131,295.279,0.0909,0,10,5,289000.0,1.0
-132.0,105.0,-8.7348,110.3737,-597.2207,0.5701,0,10,5,289000.0,2.0
-104.603,1.0569,13.379,0.8002,246.8293,0.1847,0,12,8,1450000.0,0.0
-126.4351,21.3358,-3.5905,14.9482,-553.0807,0.1632,0,8,5,83000.0,2.0
-128.0398,1.1693,-4.2341,1.0074,-108.8604,0.0,0,10,5,289000.0,2.0
-131.3361,6.4625,-8.4749,4.5257,451.1154,0.2727,0,12,8,1450000.0,2.0
-121.1038,1.2936,-3.9184,1.054,-609.3987,0.0,0,10,5,289000.0,2.0
-127.5745,1.2934,-4.8359,0.9238,163.1953,0.0,0,8,5,83000.0,2.0
-122.6689,0.7445,0.9579,0.3953,-70.6232,0.0,0,10,5,289000.0,2.0
-123.2885,33.0637,-1.412,42.508,152.2504,0.2889,0,8,5,83000.0,2.0
-131.3397,3.2399,-8.994,2.6026,494.0287,0.0,0,12,8,1450000.0,2.0
-91.9551,0.0,6.9963,0.0,2105.2375,1.0,14,12,8,0.0,1.0
-126.515,0.4944,-2.9348,0.397,6.8228,0.0,0,10,5,289000.0,2.0
-103.85,0.665,-0.55,0.085,287.3098,0.0909,0,10,5,289000.0,1.0
-104.8804,0.4551,11.8348,0.0307,467.6333,0.0,0,12,8,1450000.0,0.0
-113.3,0.21,9.2,0.01,11.3246,0.0,0,10,5,289000.0,0.0
-129.5873,0.5058,-6.3742,0.3691,435.7029,0.0,0,12,8,1450000.0,2.0
-132.05,0.4646,-8.7892,0.3184,492.0063,0.0,0,12,8,1450000.0,2.0
-110.5,0.25,9.45,0.1475,243.2696,0.0,0,10,5,289000.0,0.0
-102.0,0.4,11.725,0.0306,-482.3449,0.0,0,8,5,83000.0,0.0
-108.6667,0.0139,-3.6667,0.0139,-515.8994,0.0,0,8,5,83000.0,1.0
-109.6667,0.4306,-3.6667,0.5972,-510.307,0.0,0,8,5,83000.0,1.0
-131.629,5.6455,-9.6611,3.3809,262.9574,0.2,0,12,8,1450000.0,2.0
-130.1967,2.791,-6.4093,2.1843,459.1001,0.0537,0,8,5,83000.0,2.0
-129.3109,1.3661,-6.09,0.9179,142.637,0.0,0,8,5,83000.0,2.0
-119.3,0.61,3.175,0.6506,-137.5732,0.0,0,8,5,83000.0,0.0
-110.8183,0.8578,2.1879,2.7184,-45.8276,0.0147,4,12,8,1450000.0,1.0
-111.8,0.56,9.6,0.1525,167.143,0.0,0,10,5,289000.0,0.0
-121.5345,0.0437,-0.7007,0.0243,-423.6478,0.0,0,10,5,289000.0,2.0
-113.4,0.24,9.075,0.0256,147.8492,0.0,0,10,5,289000.0,0.0
-123.3025,0.7169,-1.1788,0.2343,-543.1544,0.0,0,8,5,83000.0,2.0
-110.625,2.2031,-6.625,0.0781,-520.0937,0.0,0,8,5,83000.0,1.0
-115.6,0.44,7.0,0.025,-197.9712,0.0,0,8,5,83000.0,0.0
-131.6792,0.3174,-8.0264,0.2558,-0.7075,0.0,0,12,8,1450000.0,2.0
-103.6058,0.4306,11.3402,0.2169,291.3354,0.0,1,12,8,1450000.0,0.0
-132.7799,45.0,-10.1012,35.1528,408.7911,0.0,0,12,8,1450000.0,2.0
-101.0,2.35,-1.475,38.5306,70.3595,0.0,0,12,8,1450000.0,1.0
-106.2392,0.0,6.1649,0.0,2682.2864,1.0,349,12,8,0.0,1.0
-124.2798,2.9059,-2.9113,2.284,-76.9433,0.0926,0,10,5,289000.0,2.0
-112.2705,0.5918,9.0608,0.1388,157.8181,0.1888,2,12,8,1450000.0,0.0
-104.8615,0.7694,10.1364,0.2302,408.3788,0.0824,0,12,8,1450000.0,0.0
-113.4003,1.5856,6.3144,0.4064,2595.4127,0.8695,1737,8,5,0.0,1.0
-102.405,0.0,4.8253,0.0,2690.6596,1.0,1025,12,8,0.0,1.0
-113.0,0.8,9.375,0.0156,258.7885,0.0,0,10,5,289000.0,0.0
-103.45,0.46,0.15,0.065,290.6653,0.0909,0,10,5,289000.0,1.0
-108.3,0.61,10.35,0.8275,-146.3812,0.0,0,10,5,289000.0,0.0
-123.3402,3.0143,1.0405,3.565,-618.3986,0.1444,0,10,5,289000.0,2.0
-128.8937,1.4591,-4.6996,0.7855,-475.4189,0.0,0,10,5,289000.0,2.0
-112.3,0.21,10.05,0.01,-67.5283,0.0,0,10,5,289000.0,0.0
-115.775,0.5431,-4.875,0.1781,-531.8378,0.0,0,8,5,83000.0,1.0
-128.5097,4.9042,-5.4617,4.0661,-454.4711,0.1032,0,8,5,83000.0,2.0
-106.336,0.0,2.2419,0.0,2612.3257,1.0,1447,12,8,0.0,1.0
-117.9,0.09,4.95,0.0225,-137.5732,0.0,0,8,5,83000.0,0.0
-125.0363,2.764,-2.075,2.0958,238.5153,0.1182,0,8,5,83000.0,2.0
-118.0,0.4,4.675,0.3006,-150.1561,0.0,0,8,5,83000.0,0.0
-131.6014,0.6724,-8.0556,0.5169,206.711,0.0,0,12,8,1450000.0,2.0
-111.4,0.64,9.875,0.3531,20.5521,0.0,0,10,5,289000.0,0.0
-130.9,11.2213,-9.3174,5.9696,-534.0511,0.1014,0,8,5,83000.0,2.0
-104.9252,0.1382,13.3373,0.0853,242.8543,0.0909,1,12,8,1450000.0,0.0
-112.4,0.44,9.475,0.0806,261.7246,0.0909,0,10,5,289000.0,0.0
-122.8585,0.4127,-1.317,0.3807,7.3494,0.0,0,10,5,289000.0,2.0
-127.1839,1.6563,-4.0678,1.1448,441.9087,0.0,0,8,5,83000.0,2.0
-118.5751,5.0685,-3.8496,2.216,141.7739,0.0906,0,8,5,83000.0,2.0
-109.85,0.14,-1.95,0.06,298.6345,0.0909,0,10,5,289000.0,1.0
-123.4391,0.6046,-1.2037,0.611,-422.5496,0.0,0,10,5,289000.0,2.0
-114.575,0.9506,-2.875,0.7156,-520.9326,0.0,0,8,5,83000.0,1.0
-126.1328,2.0955,-3.2254,1.6744,460.3424,0.0785,0,8,5,83000.0,2.0
-124.9056,10.0778,-1.1456,11.2011,-614.2266,0.2176,0,10,5,289000.0,2.0
-127.6533,7.757,-5.1331,7.8402,-614.9884,0.1407,0,10,5,289000.0,2.0
-107.0,0.0,-0.5,0.0,2793.4063,1.0,7,10,5,0.0,1.0
-111.8125,0.1055,-7.3125,0.043,-532.6766,0.0,0,8,5,83000.0,1.0
-130.6683,0.9923,-8.2205,0.8555,609.8399,0.0,0,12,8,1450000.0,2.0
-110.0488,1.136,6.0826,1.4807,-322.0406,0.7925,7,12,8,1450000.0,1.0
-117.8845,0.0,8.0825,0.0,2501.6703,1.0,1572,8,5,0.0,1.0
-116.2222,1.4784,-6.8889,0.9043,-534.5408,0.4706,8,8,5,83000.0,1.0
-129.9721,1.2363,-8.8272,0.862,-8.366,0.0,0,12,8,1450000.0,2.0
-120.725,0.855,-2.3195,0.3477,-589.0091,0.0,0,10,5,289000.0,2.0
-103.15,0.09,0.375,0.2281,294.8596,0.0909,0,10,5,289000.0,1.0
-110.5,0.25,8.35,0.04,253.5457,0.0,0,10,5,289000.0,0.0
-116.1875,0.8555,4.25,16.4688,-538.968,0.0,0,8,5,83000.0,1.0
-108.775,0.0181,-2.775,0.0181,286.2612,0.0909,0,10,5,289000.0,1.0
-116.275,2.1181,-8.175,0.1631,-527.6434,0.0,0,8,5,83000.0,1.0
-124.3451,0.1557,0.1892,0.1616,34.4,0.0,0,10,5,289000.0,2.0
-105.5614,0.2773,12.0455,0.103,177.104,0.0,0,12,8,1450000.0,0.0
-102.875,0.9781,-0.575,0.0631,284.1641,0.0909,0,10,5,289000.0,1.0
-103.9002,1.5134,-3.2054,1.7131,102.1797,0.0,0,12,8,1450000.0,1.0
-121.9832,15.8531,-0.0708,8.5678,-504.9376,0.1331,0,10,5,289000.0,2.0
-102.7,0.21,11.85,0.04,-482.3449,0.0,0,8,5,83000.0,0.0
-122.2257,1.0789,-1.1872,0.8146,-65.7342,0.0,0,10,5,289000.0,2.0
-104.7,0.21,0.1,0.015,291.2944,0.0909,0,10,5,289000.0,1.0
-999.0,0.0,-999.0,0.0,0.0,1.0,0,8,5,0.0,1.0
-112.6,0.44,9.6,0.0775,-98.1467,0.0,0,10,5,289000.0,0.0
-103.0,0.0,0.0,0.0,321.9128,0.75,2,10,5,289000.0,1.0
-105.9443,0.0,7.4168,0.0,2726.5209,1.0,516,12,8,0.0,1.0
-112.1561,0.3795,9.302,0.3989,164.9332,0.029,2,12,8,1450000.0,0.0
-116.1,0.09,6.45,0.06,-479.8284,0.0,0,8,5,83000.0,0.0
-133.6128,0.0602,-11.0612,0.0591,74.2095,0.0,0,12,8,1450000.0,2.0
-117.3731,1.6624,-0.2821,3.4477,179.7078,0.139,0,12,8,1450000.0,1.0
-113.1603,1.0746,-6.4672,0.592,-535.3798,0.0,0,8,5,83000.0,2.0
-133.4974,1.0116,-10.4928,0.7605,446.1829,0.1,0,12,8,1450000.0,2.0
-110.5,0.65,10.5,0.0625,-72.142,0.0909,0,8,5,83000.0,0.0
-106.386,0.1206,11.594,0.1785,300.0606,0.1,0,12,8,1450000.0,0.0
-104.0,0.2875,-1.4,0.0775,296.1179,0.0909,0,10,5,289000.0,1.0
-113.2,0.96,9.45,0.1225,258.1594,0.0909,0,10,5,289000.0,0.0
-106.3837,0.3498,10.5187,0.1629,407.2252,0.0,0,12,8,1450000.0,0.0
-122.5194,0.3246,0.6578,0.2542,-624.3691,0.0,0,10,5,289000.0,2.0
-105.5638,0.1291,12.199,0.0523,310.843,0.0,0,12,8,1450000.0,0.0
-103.6903,0.1364,11.4152,0.1599,395.8347,0.0909,0,12,8,1450000.0,0.0
-131.0102,0.6885,-8.1236,0.5369,71.6061,0.0,0,12,8,1450000.0,2.0
-110.7,0.21,10.25,0.1125,251.0291,0.0,0,10,5,289000.0,0.0
-124.7319,2.0967,-1.7914,1.3623,440.5687,0.0,0,8,5,83000.0,2.0
-114.9843,0.8566,5.8085,0.4628,427.9813,0.0673,1,12,8,1450000.0,0.0
-117.05,0.7725,-9.75,0.4125,-552.8092,0.0,0,8,5,83000.0,1.0
-104.65,0.3025,0.025,0.0431,294.6499,0.0909,0,10,5,289000.0,1.0
-104.8,0.36,1.775,0.0681,292.343,0.0909,0,10,5,289000.0,1.0
-102.0,0.0,0.25,0.0,326.1071,0.9286,0,10,5,289000.0,1.0
-123.3343,0.3499,-0.1956,0.1957,-600.7331,0.0,0,10,5,289000.0,2.0
-119.07,2.0901,9.4971,1.3581,2770.5468,0.8214,345,8,5,83000.0,1.0
-103.05,0.3225,-0.55,0.0225,338.0609,0.0909,0,10,5,289000.0,1.0
-126.6808,7.0649,-2.2472,6.4201,-612.3774,0.1791,0,10,5,289000.0,2.0
-113.9378,1.2605,-1.7989,18.1267,-520.2139,0.75,1,8,5,83000.0,1.0
-115.4,0.64,7.575,0.3131,-481.506,0.0,0,8,5,83000.0,0.0
-123.8159,13.2258,-1.3732,9.2988,-493.5053,0.1734,0,10,5,289000.0,2.0
-127.0029,0.0368,-4.1405,0.048,476.3418,0.0,0,8,5,83000.0,2.0
-108.4375,0.8242,-3.6875,1.168,-501.2193,0.0,0,8,5,83000.0,1.0
-127.5222,0.5518,-3.834,0.6438,27.914,0.0,0,10,5,289000.0,2.0
-105.9251,0.2787,12.4597,0.1158,392.573,0.0,0,12,8,1450000.0,0.0
-110.875,0.0,9.8828,0.0,2414.3472,1.0,1469,8,5,0.0,1.0
-99.2,0.36,3.025,0.0431,-468.9232,0.0,0,8,5,83000.0,0.0
-113.5,0.25,9.075,0.0381,-255.8525,0.0,0,8,5,83000.0,0.0
-122.2464,0.7253,0.3093,0.6739,-400.2433,0.0,0,10,5,289000.0,2.0
-124.9041,0.0981,-1.7574,0.0853,-132.2934,0.0,0,8,5,83000.0,2.0
-131.6373,9.0958,-8.1005,7.4015,-52.074,0.0,0,12,8,1450000.0,2.0
-106.423,0.1596,11.9899,0.1606,295.7771,0.1818,0,12,8,1450000.0,0.0
-104.825,0.7631,-3.325,0.0381,302.619,0.0909,0,10,5,289000.0,1.0
-130.6704,9.2183,-8.6228,7.0766,328.6928,0.2,0,12,8,1450000.0,2.0
-108.7,0.21,9.65,0.04,229.009,0.0,0,10,5,289000.0,0.0
-113.1476,1.0757,-1.0045,7.8158,-544.431,0.25,1,8,5,83000.0,1.0
-103.0,0.0,0.125,0.0156,317.7185,0.7143,2,10,5,289000.0,1.0
-112.3096,0.5507,8.2897,0.5114,333.1483,0.1091,0,12,8,1450000.0,0.0
-129.3606,0.5023,-5.4719,0.6238,-612.6215,0.0,0,10,5,289000.0,2.0
-105.1354,0.2802,10.3492,0.1172,360.6492,0.1818,0,12,8,1450000.0,0.0
-106.6,0.0,3.55,0.0,2850.6587,1.0,153,10,5,0.0,1.0
-104.8206,0.0,5.6598,0.0,2763.8095,1.0,768,12,8,0.0,1.0
-114.8333,0.0139,-3.8333,0.0139,-535.4728,0.0,0,8,5,83000.0,1.0
-114.9206,1.0501,5.6719,0.1184,160.0407,0.0548,1,12,8,1450000.0,0.0
-122.796,0.5526,-0.3741,0.4217,-73.5005,0.0,0,10,5,289000.0,2.0
-106.3,0.21,2.525,0.6306,286.8904,0.0909,0,10,5,289000.0,1.0
-110.5745,0.367,12.9612,0.301,427.7494,0.0085,0,12,8,1450000.0,0.0
-126.3368,0.572,-4.2939,0.3693,464.8177,0.0,0,8,5,83000.0,2.0
-103.25,0.0,-0.25,0.0,372.2445,0.6667,2,10,5,289000.0,1.0
-113.8234,0.4257,5.1082,0.2766,246.1247,0.0104,0,12,8,1450000.0,0.0
-130.6899,12.7695,-8.2797,9.3982,14.6667,0.0,0,12,8,1450000.0,2.0
-129.9223,3.2049,-6.1202,1.5393,239.4128,0.011,0,8,5,83000.0,2.0
-110.4167,0.5139,-5.0833,0.1806,-510.307,0.0,0,8,5,83000.0,1.0
-129.5772,2.5487,-5.6961,1.9357,-90.8219,0.0,0,10,5,289000.0,2.0
-110.6667,2.1806,-6.6667,0.0139,-527.0842,0.0,0,8,5,83000.0,1.0
-104.4,2.2025,-12.9,0.2025,-19.9229,0.0,0,12,8,1450000.0,1.0
-115.9,0.29,6.725,0.1806,-481.506,0.0,0,8,5,83000.0,0.0
-102.8,0.5475,0.7,1.1725,322.542,0.0909,0,10,5,289000.0,1.0
-120.7133,0.8508,1.9196,0.5287,-483.6632,0.14,0,10,5,289000.0,2.0
-100.6,0.715,-1.6,0.015,84.6201,0.0,0,12,8,1450000.0,1.0
-126.1658,2.2898,-2.7547,1.0401,-547.0145,0.0,0,8,5,83000.0,2.0
-115.5,4.0417,-3.5,7.0417,-546.6576,0.0,0,8,5,83000.0,1.0
-103.975,0.3806,-1.275,0.0556,337.8512,0.0909,0,10,5,289000.0,1.0
-125.1304,4.3531,-2.5745,2.6482,-108.8413,0.0277,0,8,5,83000.0,2.0
-102.0,0.0,0.75,0.0,326.1071,0.9,0,10,5,289000.0,1.0
-103.1024,1.1047,7.924,0.153,174.1432,0.0605,0,12,8,1450000.0,0.0
-120.2351,0.0241,-1.9186,0.0147,19.6688,0.0,0,10,5,289000.0,2.0
-133.3589,1.5585,-10.9091,1.4044,-15.9248,0.0,0,12,8,1450000.0,2.0
-110.6,0.24,8.7,0.385,220.6204,0.0,0,10,5,289000.0,0.0
-107.1412,2.9485,-1.1258,0.7754,-46.07,0.0141,0,12,8,1450000.0,1.0
-130.1111,1.0869,-6.8165,0.9956,-23.5028,0.0,0,12,8,1450000.0,2.0
-111.6076,0.2029,-8.817,0.3357,-115.6244,0.0517,0,8,5,83000.0,2.0
-101.4,1.015,-1.5,0.075,105.5392,0.0,0,12,8,1450000.0,1.0
-104.0,0.0,5.0,0.0417,337.292,0.25,0,10,5,289000.0,1.0
-112.9,0.29,9.375,0.0156,246.6251,0.0,0,10,5,289000.0,0.0
-103.9,1.2525,-3.4,2.3025,290.4556,0.0909,0,10,5,289000.0,1.0
-132.2742,45.0,-9.7628,32.7258,236.8671,0.0,0,12,8,1450000.0,2.0
-122.2652,0.6328,0.9635,0.3336,-417.0189,0.0,0,10,5,289000.0,2.0
-111.0,0.6,10.325,0.1006,252.2874,0.0,0,10,5,289000.0,0.0
-128.3532,5.103,-4.79,4.528,-487.8133,0.1245,0,10,5,289000.0,2.0
-130.9772,0.3348,-7.8069,0.2789,153.7064,0.0,0,12,8,1450000.0,2.0
-104.2764,0.3672,11.1731,0.1708,343.7325,0.0,0,12,8,1450000.0,0.0
-125.7651,2.0178,-2.3395,2.1438,-596.8595,0.0,0,10,5,289000.0,2.0
-105.075,0.0506,0.7,0.4225,294.0207,0.0909,0,10,5,289000.0,1.0
-122.1673,6.621,-1.0987,5.0839,-71.7554,0.03,0,10,5,289000.0,2.0
-125.2688,1.5697,-2.3881,1.366,218.9503,0.0,0,8,5,83000.0,2.0
-104.3545,0.0,2.7459,0.0,2667.8574,1.0,1144,12,8,0.0,1.0
-120.624,84.2704,1.4054,130.4793,-463.1597,0.4749,0,10,5,289000.0,2.0
-113.1,0.09,9.4,0.015,250.6096,0.0,0,10,5,289000.0,0.0
-111.2,0.16,9.9,0.0275,-77.1752,0.0909,0,8,5,83000.0,0.0
-111.1334,1.6602,9.7192,1.9743,-429.0046,0.0,0,8,5,83000.0,2.0
-132.0333,1.5804,-8.4383,1.2405,63.6741,0.0,0,12,8,1450000.0,2.0
-110.7543,0.1993,6.9226,0.1228,413.2311,0.0346,2,12,8,1450000.0,0.0
-123.0496,0.5025,-1.842,0.3346,-622.7935,0.0,0,10,5,289000.0,2.0
-116.6964,1.1195,-14.4552,3.8379,-56.9452,0.058,1,12,8,1450000.0,1.0
-106.2147,0.5694,12.7698,0.2971,198.6822,0.0,1,12,8,1450000.0,0.0
-111.5,0.25,8.75,0.125,-106.5353,0.0,0,8,5,83000.0,0.0
-104.625,0.2531,-5.025,0.0931,320.0254,0.0909,0,10,5,289000.0,1.0
-117.9,0.29,4.975,0.0431,-137.5732,0.0,0,8,5,83000.0,0.0
-102.675,0.7131,-4.075,0.0631,114.9239,0.0,0,12,8,1450000.0,1.0
-114.6667,0.1806,-3.3333,0.5139,-535.4728,0.0,0,8,5,83000.0,1.0
-126.2171,7.9365,-5.1514,3.9151,-129.9173,0.0937,0,8,5,83000.0,2.0
-115.875,1.1719,-4.125,0.1719,-547.3566,0.0,0,8,5,83000.0,1.0
-110.5,0.25,9.0,0.0625,126.8777,0.0,0,10,5,289000.0,0.0
-114.975,0.4806,-4.775,0.0306,-524.288,0.0,0,8,5,83000.0,1.0
-102.45,0.4225,0.55,0.5475,324.4294,0.0909,0,10,5,289000.0,1.0
-101.8,0.56,11.4,0.4275,-473.9564,0.0,0,8,5,83000.0,0.0
-999.0,0.0,-999.0,0.0,0.0,1.0,0,8,5,0.0,1.0
-134.008,0.3714,-11.3178,0.2896,22.0432,0.0,0,12,8,1450000.0,2.0
-105.7295,0.5128,12.5855,0.1918,222.4661,0.0,0,12,8,1450000.0,0.0
-109.625,0.2656,-3.625,0.2656,-503.3165,0.0,0,8,5,83000.0,1.0
-102.3,0.41,11.65,0.0525,-473.9564,0.0,0,8,5,83000.0,0.0
-100.3,0.935,-4.8,0.785,59.0873,0.0,0,12,8,1450000.0,1.0
-130.632,8.5808,-7.9952,6.5284,93.1478,0.0,0,12,8,1450000.0,2.0
-131.7822,6.2076,-8.3764,5.8792,330.692,0.2,0,12,8,1450000.0,2.0
-117.1563,0.0,6.9766,0.0,2586.8369,1.0,2704,8,5,0.0,1.0
-103.9904,2.1315,-5.4896,1.3263,143.5116,0.0,0,12,8,1450000.0,1.0
-105.42,0.0,4.0506,0.0,2641.4353,1.0,631,12,8,0.0,1.0
-105.9899,0.3469,10.4995,0.2086,184.7763,0.0,0,12,8,1450000.0,0.0
-108.875,0.0781,-4.125,0.0781,-520.0937,0.0,0,8,5,83000.0,1.0
-109.75,0.1667,-5.4167,1.0556,-515.8994,0.0,0,8,5,83000.0,1.0
-130.4559,0.1717,-8.3067,0.1266,54.0291,0.0,0,12,8,1450000.0,2.0
-117.0,1.2,5.725,0.8681,-621.5958,0.0,0,8,5,83000.0,0.0
-122.3232,0.4353,-0.833,0.5284,-413.7125,0.0,0,10,5,289000.0,2.0
-132.0,6.222,-8.9967,3.3801,-467.7873,0.1572,0,10,5,289000.0,2.0
-108.275,0.2181,-1.275,0.0181,295.4887,0.0909,0,10,5,289000.0,1.0
-106.6875,0.0,-0.6875,0.0,2819.0967,1.0,8,10,5,0.0,1.0
-111.4119,1.0429,5.1418,0.5422,231.9399,0.0178,0,12,8,1450000.0,0.0
-133.0203,2.402,-9.7031,1.9938,24.0775,0.0,0,12,8,1450000.0,2.0
-100.4,0.2775,-0.275,0.0681,87.8707,0.0,0,12,8,1450000.0,1.0
-128.6786,5.2253,-6.3067,3.9073,244.9736,0.0756,0,8,5,83000.0,2.0
-115.775,1.0556,-6.375,0.5656,-528.4823,0.0,0,8,5,83000.0,1.0
-127.4659,0.5927,-3.8457,0.4849,32.8942,0.0,0,10,5,289000.0,2.0
-111.3,0.21,8.75,0.075,-88.9192,0.0909,0,8,5,83000.0,0.0
-106.4037,0.2557,10.8078,0.0176,336.2273,0.0,0,12,8,1450000.0,0.0
-105.2511,0.4791,10.4663,0.1889,248.0156,0.0,1,12,8,1450000.0,0.0
-110.3086,0.3174,8.8461,0.4944,164.1419,0.0607,0,12,8,1450000.0,0.0
-111.125,0.6406,-5.875,0.7656,-517.9966,0.0,0,8,5,83000.0,1.0
-112.7,0.61,9.15,0.5775,158.9641,0.0,0,10,5,289000.0,0.0
-105.475,0.3306,-0.125,0.0531,296.9567,0.0909,0,10,5,289000.0,1.0
-130.2284,0.1855,-7.6294,0.1634,2.1774,0.0,0,12,8,1450000.0,2.0
-116.275,0.2431,-8.175,0.1381,-528.4823,0.0,0,8,5,83000.0,1.0
-112.125,0.2656,-7.875,0.1406,-522.1909,0.0,0,8,5,83000.0,1.0
-105.3,0.26,0.725,1.2056,306.1842,0.0909,0,10,5,289000.0,1.0
-101.0401,2.049,-3.2436,0.0314,151.113,0.0,0,12,8,1450000.0,1.0
-114.8156,0.8912,5.6908,0.0922,256.3402,0.0074,2,12,8,1450000.0,0.0
-111.7,0.61,10.3,0.0225,258.9983,0.0909,0,10,5,289000.0,0.0
-112.5818,0.7587,9.6607,0.4234,287.9601,0.0271,0,12,8,1450000.0,0.0
-98.35,0.19,0.05,0.035,93.533,0.0,0,12,8,1450000.0,1.0
-106.2402,0.2862,10.7574,0.1565,310.8229,0.0,0,12,8,1450000.0,0.0
-103.8,1.4725,3.05,12.935,288.7778,0.0909,0,10,5,289000.0,1.0
-118.3,0.21,4.05,0.035,-121.6348,0.0,0,8,5,83000.0,0.0
-106.4,0.0,3.1,0.0,2842.6895,1.0,202,10,5,0.0,1.0
-133.5039,5.8225,-9.7981,5.0655,188.4055,0.0,0,12,8,1450000.0,2.0
-112.3,1.01,9.875,0.2781,-19.5035,0.0,0,10,5,289000.0,0.0
-110.3,5.21,10.1,1.2275,-117.4405,0.0,0,8,5,83000.0,0.0
-103.375,0.3406,-0.675,0.0256,338.0609,0.0909,0,10,5,289000.0,1.0
-106.3252,0.0,7.0317,0.0,2670.6839,1.0,996,12,8,0.0,1.0
-122.8042,0.2758,0.9115,0.2861,-477.0532,0.0,0,10,5,289000.0,2.0
-126.1261,0.6295,-14.0302,1.3284,2568.0498,0.5836,300,8,5,0.0,1.0
-103.304,0.3143,11.9513,0.2824,307.1329,0.1,0,12,8,1450000.0,0.0
-125.9936,0.2239,-3.405,0.2113,-537.0304,0.0,0,8,5,83000.0,2.0
-106.875,0.0,-0.625,0.0,2794.4551,1.0,4,10,5,0.0,1.0
-101.8,0.36,11.8,0.0725,-490.7336,0.0,0,8,5,83000.0,0.0
-129.5817,0.7694,-5.39,0.5055,-399.6917,0.0,0,10,5,289000.0,2.0
-125.0647,5.6105,-2.531,3.386,231.7211,0.0145,0,8,5,83000.0,2.0
-105.275,0.5181,-3.175,0.0131,299.2636,0.0909,0,10,5,289000.0,1.0
-131.2609,0.3907,-8.8243,0.318,-57.6898,0.0,0,12,8,1450000.0,2.0
-101.25,1.475,-2.05,0.035,114.7666,0.0,0,12,8,1450000.0,1.0
-111.5603,0.9106,7.4217,0.5602,387.099,0.1772,0,12,8,1450000.0,0.0
-107.225,0.5806,-1.425,0.0506,286.8904,0.0909,0,10,5,289000.0,1.0
-113.5,0.25,8.8,0.035,87.6609,0.0,0,10,5,289000.0,0.0
-111.1,0.49,9.35,0.1525,-79.6918,0.0909,0,8,5,83000.0,
-110.4,1.44,9.075,1.2131,-110.3102,0.0,0,10,5,289000.0,0.0
-112.4,0.64,9.65,0.015,218.1038,0.0,0,10,5,289000.0,0.0
-101.9,0.09,11.8,0.085,-475.6341,0.0,0,8,5,83000.0,0.0
-128.2484,1.2875,-4.0314,1.1584,-601.5016,0.0,0,10,5,289000.0,2.0
-128.1462,33.5343,-3.963,14.7732,-609.8955,0.4559,0,10,5,289000.0,2.0
-133.1403,3.5751,-10.5465,2.9954,297.4581,0.09,0,12,8,1450000.0,2.0
-104.425,0.4631,-3.125,0.1281,287.5196,0.0909,0,10,5,289000.0,1.0
-110.5,0.2917,-6.8333,0.0139,-515.8994,0.0,0,8,5,83000.0,1.0
-113.0,0.8,9.1,0.315,255.0137,0.0,0,10,5,289000.0,0.0
-102.7,0.41,11.675,0.0381,-499.1221,0.0,0,8,5,83000.0,0.0
-114.4,0.9525,-3.6,0.3025,-537.7097,0.0,0,8,5,83000.0,1.0
-115.3721,1.0026,6.355,0.1292,2551.5892,0.9375,548,8,5,83000.0,1.0
-131.9188,1.1982,-9.3671,0.9838,115.1705,0.0,0,12,8,1450000.0,2.0
-111.8125,0.0,9.6484,0.0,2307.1294,1.0,993,8,5,0.0,1.0
-103.8098,0.0,7.6916,0.0,2664.84,1.0,1078,12,8,0.0,1.0
-116.1,0.09,7.0,0.0875,-496.6056,0.0,0,8,5,83000.0,0.0
-126.2652,0.1777,-2.5966,0.1436,-621.0027,0.0,0,10,5,289000.0,2.0
-136.5398,0.0703,-12.8798,0.0644,-59.6869,0.0,0,12,8,1450000.0,2.0
-114.4167,0.4306,-3.0833,0.0972,-546.6576,0.0,0,8,5,83000.0,1.0
-102.6667,0.2222,0.0833,0.0139,317.0195,0.0,0,10,5,289000.0,1.0
-134.6256,1.3919,-11.5552,1.4145,548.6255,0.5,0,12,8,1450000.0,2.0
-115.1667,0.1806,-3.8333,0.0139,-532.6766,0.0,0,8,5,83000.0,1.0
-107.0625,0.0,-0.5625,0.0,2797.0764,1.0,8,10,5,0.0,1.0
-113.4,0.24,9.425,0.0381,254.804,0.0,0,10,5,289000.0,0.0
-108.3501,1.5669,-11.4503,1.0503,149.3885,0.0,0,8,5,83000.0,2.0
-117.0,0.0,5.6,0.0275,-626.629,0.0,0,8,5,83000.0,0.0
-123.7223,5.4561,-2.9897,5.2028,-471.1219,0.0862,0,10,5,289000.0,2.0
-99.5,1.0125,-0.475,0.0931,107.7412,0.0,0,12,8,1450000.0,1.0
-99.875,0.8031,-4.675,0.1131,58.9824,0.0,0,12,8,1450000.0,1.0
-110.1667,0.8472,-4.8333,1.3472,-499.1222,0.0,0,8,5,83000.0,1.0
-123.6239,0.5794,-0.3432,0.7675,-430.186,0.0,0,10,5,289000.0,2.0
-134.2662,0.2345,-10.9196,0.2034,159.4106,0.0,0,12,8,1450000.0,2.0
-110.0,0.5417,-5.0,0.0417,-521.4918,0.0,0,8,5,83000.0,1.0
-131.3832,5.1642,-8.2535,4.0458,268.8215,0.0,0,12,8,1450000.0,2.0
-117.5,0.85,5.425,0.5881,-513.3828,0.0,0,8,5,83000.0,0.0
-127.6491,105.0,-2.0584,114.9295,-600.4925,0.4963,0,10,5,289000.0,2.0
-107.3,0.0,-0.9,0.0,2821.718,1.0,5,10,5,0.0,1.0
-110.8,0.36,8.7,0.2225,-93.1135,0.0909,0,8,5,83000.0,0.0
-121.6196,0.633,-0.7991,1.0542,-604.848,0.0,0,10,5,289000.0,2.0
-128.8839,2.0137,-4.6876,1.3209,227.6932,0.0,0,8,5,83000.0,2.0
-113.3125,0.543,1.4375,1.3242,-547.3567,0.0,0,8,5,83000.0,1.0
-121.1403,1.0561,-2.4915,1.0114,-609.058,0.0,0,10,5,289000.0,2.0
-103.541,2.074,-3.0633,1.9943,56.1386,0.0,0,12,8,1450000.0,1.0
-110.5833,0.4306,-7.25,0.0417,-529.8804,0.0,0,8,5,83000.0,1.0
-131.8557,4.5108,-8.7781,4.0831,280.834,0.0,0,12,8,1450000.0,2.0
-107.15,0.1525,-1.45,0.0225,292.9721,0.0909,0,10,5,289000.0,1.0
-132.8687,0.4925,-10.1755,0.4512,177.1514,0.0,0,12,8,1450000.0,2.0
-100.55,0.91,-2.55,0.01,108.947,0.0,0,12,8,1450000.0,1.0
-131.9513,0.3674,-8.5385,0.2957,-52.118,0.0,0,12,8,1450000.0,2.0
-111.705,32.1872,-7.5708,13.5675,146.7402,0.1725,0,8,5,83000.0,2.0
-123.7525,4.8474,-0.5122,1.8611,454.2464,0.0539,0,8,5,83000.0,2.0
-117.1247,0.1657,8.1372,0.5553,311.2145,0.1951,2,12,8,1450000.0,0.0
-133.4704,6.6606,-9.0689,6.3466,596.8529,0.3,0,12,8,1450000.0,2.0
-127.4835,0.4669,-6.2289,0.1902,-476.093,0.0,0,8,5,83000.0,2.0
-130.1685,0.1252,-7.2208,0.1042,45.2685,0.0,0,12,8,1450000.0,2.0
-101.5,0.25,11.75,0.025,-490.7336,0.0,0,8,5,83000.0,0.0
-105.3879,0.1157,12.1736,0.0206,253.7924,0.0,0,12,8,1450000.0,0.0
-111.0833,0.3889,-7.4167,0.0556,-501.9184,0.0,0,8,5,83000.0,1.0
-103.3895,0.4547,11.7839,0.0797,218.2549,0.1818,0,12,8,1450000.0,0.0
-121.9266,0.5853,0.0757,0.4565,48.1907,0.0,0,10,5,289000.0,2.0
-104.775,0.1431,-4.675,0.0381,311.6367,0.0909,0,10,5,289000.0,1.0
-115.5911,0.3902,6.4066,0.105,159.2803,0.097,0,12,8,1450000.0,0.0
-108.115,1.2196,-3.0037,4.3543,226.7766,0.0144,1,12,8,1450000.0,1.0
-131.3548,0.7849,-9.3702,0.6613,438.1337,0.0,0,12,8,1450000.0,2.0
-105.35,0.265,-5.05,0.085,285.2127,0.0909,0,10,5,289000.0,1.0
-111.9,0.29,10.075,0.0256,256.272,0.0,0,10,5,289000.0,0.0
-102.0,0.2,11.425,0.3381,-456.3403,0.0,0,8,5,83000.0,0.0
-104.0,0.0,0.25,0.0,317.7185,0.6667,2,10,5,289000.0,1.0
-126.1457,0.9536,-2.832,0.9117,-463.4975,0.0,0,10,5,289000.0,2.0
-118.3,0.21,4.5,0.0125,-508.3496,0.0,0,8,5,83000.0,0.0
-114.7875,0.5105,8.7941,0.1936,171.8141,0.1187,2,12,8,1450000.0,0.0
-107.1868,1.619,2.2006,0.7623,-239.3851,0.788,14,12,8,1450000.0,1.0
-129.5949,0.8536,-6.2466,1.3667,-424.8463,0.0,0,8,5,83000.0,2.0
-129.318,0.446,-6.7207,0.3534,-134.612,0.0,0,8,5,83000.0,2.0
-101.95,0.8475,-8.45,0.0475,97.4651,0.0,0,12,8,1450000.0,1.0
-101.5,0.675,-3.7,0.135,120.1144,0.0909,0,12,8,1450000.0,1.0
-104.1456,0.1695,11.6062,0.206,324.7034,0.1818,0,12,8,1450000.0,0.0
-124.7489,5.0606,-2.1196,3.2269,238.9507,0.1319,0,8,5,83000.0,2.0
-128.7134,0.0358,-4.987,0.0197,19.1424,0.0,0,10,5,289000.0,2.0
-101.8117,0.3915,-3.0757,1.0681,334.415,0.1,0,12,8,1450000.0,1.0
-114.85,0.6525,-4.35,0.3025,-525.1268,0.0,0,8,5,83000.0,1.0
-113.7,1.21,8.975,0.3181,249.5611,0.0,0,10,5,289000.0,0.0
-123.2441,1.4013,-1.2091,0.7171,264.6178,0.0,0,8,5,83000.0,2.0
-128.6528,0.4922,-5.6183,0.3022,-465.5141,0.0,0,10,5,289000.0,2.0
-109.7,0.41,8.475,0.0681,215.797,0.0,0,10,5,289000.0,0.0
-103.9946,0.5641,11.5813,0.1414,218.3205,0.0,0,12,8,1450000.0,0.0
-129.5556,3.2619,-4.1758,2.6957,-465.6361,0.0384,0,10,5,289000.0,2.0
-101.0387,2.3199,4.271,1.1646,174.799,0.354,0,12,8,1450000.0,1.0
-105.1394,0.2493,11.8825,0.1455,319.7306,0.0,0,12,8,1450000.0,0.0
-113.4,0.24,8.625,0.0281,213.6998,0.0,0,10,5,289000.0,0.0
-135.4039,0.5209,-12.7466,0.4741,489.2728,0.0,0,12,8,1450000.0,2.0
-105.0127,0.4841,12.5357,0.3355,391.7298,0.0,0,12,8,1450000.0,0.0
-133.6784,0.4793,-9.9583,0.3955,506.9792,0.0,0,12,8,1450000.0,2.0
-110.1563,0.0,10.0547,0.0,2466.25,1.0,1690,8,5,0.0,1.0
-114.3,0.21,8.55,0.01,-499.961,0.0,0,8,5,83000.0,0.0
-117.2274,12.8804,4.916,7.4423,-606.0069,0.23,0,10,5,289000.0,2.0
-114.8339,0.6464,6.3406,0.3081,321.3464,0.0071,2,12,8,1450000.0,0.0
-108.9,0.89,9.525,0.2056,-210.1346,0.0,0,10,5,289000.0,0.0
-99.85,2.1775,-2.75,0.0375,107.3218,0.0,0,12,8,1450000.0,1.0
-130.9858,11.3339,-8.6988,10.4282,428.4173,0.2,0,12,8,1450000.0,2.0
-112.7,0.61,9.5,0.775,262.144,0.0909,0,10,5,289000.0,0.0
-112.5,0.85,9.575,0.1506,149.7367,0.0,0,10,5,289000.0,0.0
-104.025,0.7181,-3.425,0.0881,292.343,0.0909,0,10,5,289000.0,1.0
-116.1,0.29,6.15,0.09,-150.9949,0.0,0,8,5,83000.0,0.0
-112.6,0.24,10.075,0.0131,-12.1635,0.0,0,10,5,289000.0,0.0
-125.5016,0.2878,-2.3655,0.1414,239.4109,0.0,0,8,5,83000.0,2.0
-103.125,0.3406,-0.425,0.3256,297.5859,0.0909,0,10,5,289000.0,1.0
-122.5111,2.3334,0.5234,2.1148,7.1126,0.0,0,10,5,289000.0,2.0
-102.2,0.56,11.475,0.3806,-482.3449,0.0,0,8,5,83000.0,0.0
-114.1,0.09,8.125,0.0406,164.207,0.0,0,10,5,289000.0,0.0
-129.7486,0.2654,-6.7254,0.1144,-536.2497,0.0,0,8,5,83000.0,2.0
-103.725,0.1681,-0.725,0.0181,336.3832,0.0909,0,10,5,289000.0,1.0
-113.719,1.1852,9.8599,0.9962,2766.8087,0.9454,2540,8,5,0.0,1.0
-108.7,0.41,9.4,0.14,-284.5835,0.0,0,10,5,289000.0,0.0
-106.0,0.0,-0.5,0.0,2804.9409,1.0,5,10,5,0.0,1.0
-124.5835,1.7243,-1.4663,1.3049,-620.3815,0.0,0,10,5,289000.0,2.0
-103.0133,0.1025,6.276,1.2366,64.9752,0.2348,12,12,8,1450000.0,1.0
-116.15,0.515,-5.85,0.915,-540.2263,0.0,0,8,5,83000.0,1.0
-121.4752,2.1399,0.8906,1.57,19.9018,0.0,0,10,5,289000.0,2.0
-110.5313,0.0,10.1406,0.0,2323.6443,1.0,1057,8,5,0.0,1.0
-129.2311,0.118,-5.2786,0.1253,-58.363,0.0,0,10,5,289000.0,2.0
-111.9,2.69,8.975,0.1306,127.5068,0.0,0,10,5,289000.0,0.0
-115.5,3.65,6.975,2.3556,-525.1269,0.0,0,8,5,83000.0,0.0
-103.475,0.5931,0.025,0.0431,284.5835,0.0909,0,10,5,289000.0,1.0
-112.4,0.24,9.925,0.0256,256.9011,0.0909,0,10,5,289000.0,0.0
-106.8482,0.1097,-5.2177,2.2284,97.8512,0.0629,2,12,8,1450000.0,1.0
-114.3399,0.202,-4.1771,25.1854,-526.8557,0.0,30,8,5,83000.0,1.0
-102.5509,0.5352,5.0662,2.4165,-39.3845,0.0,0,12,8,1450000.0,1.0
-110.9041,2.1329,2.53,2.6238,-308.6824,0.3843,14,12,8,1450000.0,1.0
-121.0489,0.864,-2.7236,0.5988,7.174,0.0,0,10,5,289000.0,2.0
-114.8,0.16,8.35,0.1525,-521.7715,0.0,0,8,5,83000.0,0.0
-120.8547,0.4863,-2.1011,0.3285,-94.7657,0.0,0,10,5,289000.0,2.0
-130.6611,0.9132,-7.2007,0.767,10.2534,0.0,0,12,8,1450000.0,2.0
-129.3431,6.5482,-6.6802,3.6565,226.4194,0.1067,0,8,5,83000.0,2.0
-105.025,0.0056,0.125,0.0281,294.0207,0.0909,0,10,5,289000.0,1.0
-124.7489,5.0606,-2.1196,3.2269,238.9507,0.1319,0,8,5,83000.0,2.0
-130.2994,2.736,-6.9398,1.9511,465.8404,0.0,0,12,8,1450000.0,2.0
-122.5977,0.07,-4.5248,0.0601,-604.7281,0.0,0,10,5,289000.0,2.0
-109.9167,0.2222,-4.5833,0.8889,-513.1032,0.0,0,8,5,83000.0,1.0
-99.425,0.5006,-2.525,0.0056,101.974,0.0,0,12,8,1450000.0,1.0
-115.5506,0.741,5.6398,0.4614,190.3093,0.1368,0,12,8,1450000.0,0.0
-110.9,0.29,8.7,0.11,255.0137,0.0,0,10,5,289000.0,0.0
-999.0,0.0,-999.0,0.0,0.0,1.0,0,8,5,0.0,1.0
-131.6686,0.5345,-8.642,0.49,-62.6907,0.0,0,12,8,1450000.0,2.0
-126.9659,0.3587,-3.071,0.2729,-400.72,0.0,0,10,5,289000.0,2.0
-115.9472,0.9787,9.2369,0.1591,307.7414,0.0729,0,12,8,1450000.0,0.0
-119.8759,13.0954,1.1974,6.7667,-133.8143,0.0736,0,8,5,83000.0,2.0
-128.002,2.3353,-4.8779,2.0601,-597.2254,0.0,0,10,5,289000.0,2.0
-121.4958,0.0637,0.6842,0.0408,-93.9389,0.0,0,10,5,289000.0,2.0
-122.5311,0.0319,-1.7092,0.0174,-454.1912,0.0,0,8,5,83000.0,2.0
-101.125,0.2031,-7.625,0.0281,90.964,0.0,0,12,8,1450000.0,1.0
-113.4,0.24,9.15,0.0525,13.2121,0.0,0,10,5,289000.0,0.0
-113.7335,0.3734,7.0481,0.4284,443.239,0.1361,0,12,8,1450000.0,0.0
-126.7698,4.6215,-4.5878,2.5157,-586.4067,0.102,0,10,5,289000.0,2.0
-134.3509,5.6745,-11.1007,4.9579,316.5003,0.5,0,12,8,1450000.0,2.0
-115.0878,0.1833,9.0677,0.4281,306.8708,0.1136,1,12,8,1450000.0,0.0
-120.6513,0.5568,-2.8036,0.6774,-606.1848,0.0,0,10,5,289000.0,2.0
-112.0,0.4,10.05,0.0475,169.6596,0.0,0,10,5,289000.0,0.0
-114.9996,0.4176,3.6371,1.1579,-596.3206,0.8356,118,8,5,83000.0,1.0
-99.4,0.215,-0.175,0.5631,90.7543,0.0,0,12,8,1450000.0,1.0
-104.713,0.3648,12.8188,0.0922,396.657,0.0,0,12,8,1450000.0,0.0
-109.5792,1.5412,-9.0333,0.3472,-55.6841,0.1618,0,12,8,1450000.0,1.0
-99.9,1.165,-1.5,0.125,79.5345,0.0,0,12,8,1450000.0,1.0
-111.631,0.4063,6.4469,1.1298,2470.8209,0.4505,372,8,5,0.0,1.0
-106.0,1.351,-13.1726,0.6036,-457.117,0.0,0,8,5,83000.0,2.0
-131.4123,1.1186,-8.7036,0.8308,32.7072,0.0,0,12,8,1450000.0,2.0
-110.0,0.25,-3.8,0.06,300.5219,0.0909,0,10,5,289000.0,1.0
-105.5059,0.5768,11.1302,0.1855,235.2829,0.1818,1,12,8,1450000.0,0.0
-124.4017,1.8088,-1.7124,1.0209,-454.9602,0.0413,0,8,5,83000.0,2.0
-114.2,0.36,8.175,0.4381,254.1748,0.0,0,10,5,289000.0,0.0
-123.4483,1.5832,-0.1495,1.1453,-626.2388,0.0,0,10,5,289000.0,2.0
-113.8,0.36,8.425,0.0256,208.4569,0.0,0,10,5,289000.0,0.0
-128.6405,8.9845,-5.5027,2.8989,442.726,0.18,0,8,5,83000.0,2.0
-122.3688,0.675,-0.7192,0.766,-136.3239,0.0,0,8,5,83000.0,2.0
-130.7431,2.1537,-7.3223,1.9484,316.144,0.0,0,12,8,1450000.0,2.0
-130.2279,2.0682,-7.537,1.4145,-38.1155,0.0,0,12,8,1450000.0,2.0
-106.1024,0.0954,11.7129,0.2175,173.4875,0.0,0,12,8,1450000.0,0.0
-132.1557,15.022,-9.473,13.918,137.1297,0.0,0,12,8,1450000.0,2.0
-132.7243,3.7839,-10.4229,3.2696,253.4537,0.1,0,12,8,1450000.0,2.0
-109.125,0.3156,-2.025,0.4806,298.4247,0.0909,0,10,5,289000.0,1.0
-123.0253,1.7332,-0.106,1.1691,-403.5579,0.0,0,10,5,289000.0,2.0
-113.3821,3.1319,-7.0755,1.7348,438.8396,0.0364,0,8,5,83000.0,2.0
-108.65,0.2275,-2.95,0.2975,288.3584,0.0909,0,10,5,289000.0,1.0
-109.825,0.4881,-2.725,0.1431,285.2126,0.0909,0,10,5,289000.0,1.0
-122.9186,9.3921,0.324,6.8543,-453.1749,0.2238,0,10,5,289000.0,2.0
-125.2032,0.3803,-2.1899,0.4214,-610.9528,0.0,0,10,5,289000.0,2.0
-125.9342,2.6971,-4.6198,1.3521,250.4656,0.0,0,8,5,83000.0,2.0
-113.4375,0.1992,-2.9375,0.0117,-543.1624,0.0,0,8,5,83000.0,1.0
-100.675,1.2256,-3.575,0.0506,103.7566,0.0,0,12,8,1450000.0,1.0
-119.911,0.0417,-0.5573,0.0324,16.3185,0.0,0,10,5,289000.0,2.0
-127.6347,0.9063,-5.2355,0.6464,240.7535,0.0,0,8,5,83000.0,2.0
-124.2828,3.3813,-1.7399,1.2006,258.0542,0.0048,0,8,5,83000.0,2.0
-103.2821,0.8622,3.0753,0.9858,-97.0924,0.565,6,12,8,1450000.0,1.0
-129.9396,3.6614,-7.1243,3.9994,564.0227,0.3,0,12,8,1450000.0,2.0
-111.2,0.16,8.85,0.09,-87.2415,0.0909,0,8,5,83000.0,0.0
-103.4,0.465,-0.5,0.125,348.7563,0.0909,0,10,5,289000.0,1.0
-112.3333,0.2639,-7.0,1.0417,-510.307,0.0,0,8,5,83000.0,1.0
-999.0,0.0,-999.0,0.0,0.0,1.0,0,8,5,0.0,2.0
-131.5586,0.4905,-8.253,0.3764,17.2199,0.0,0,12,8,1450000.0,2.0
-118.2,0.96,4.7,0.4475,-520.9326,0.0,0,8,5,83000.0,0.0
-102.5873,2.2506,-4.6928,0.6135,162.9579,0.0,0,12,8,1450000.0,1.0
-108.0,0.0625,-4.75,0.125,-522.1909,0.0,0,8,5,83000.0,1.0
-101.088,4.8605,-3.2914,0.3266,111.1368,0.0,0,12,8,1450000.0,1.0
-119.1,0.09,3.275,0.0431,-145.9618,0.0,0,8,5,83000.0,0.0
-114.75,2.0417,-2.6667,4.3472,-552.25,0.0,0,8,5,83000.0,1.0
-107.8457,0.8755,8.5795,0.3154,156.7579,0.0213,0,12,8,1450000.0,0.0
-109.375,0.6656,-1.625,1.9781,296.3276,0.0909,0,10,5,289000.0,1.0
-131.5033,0.4258,-8.3708,0.3723,-33.1859,0.0,0,12,8,1450000.0,2.0
-124.1045,0.3701,-1.7632,0.2674,463.2522,0.0381,0,8,5,83000.0,2.0
-105.25,0.1375,-0.15,0.0275,297.7956,0.0909,0,10,5,289000.0,1.0
-107.325,0.0381,-1.325,0.0381,292.1333,0.0909,0,10,5,289000.0,1.0
-110.0,0.125,-5.6667,0.0139,-471.1602,0.0,0,8,5,83000.0,1.0
-115.2479,0.7815,6.3726,0.1215,445.8612,0.16,0,12,8,1450000.0,0.0
-106.25,0.0,3.25,0.0,2844.2622,1.0,197,10,5,0.0,1.0
-104.675,1.2381,-11.175,0.4131,47.5005,0.0,0,12,8,1450000.0,1.0
-122.4258,3.3483,0.0485,1.2215,-485.6813,0.2937,0,10,5,289000.0,2.0
-131.3792,7.7151,-8.3858,5.8559,94.0758,0.0,0,12,8,1450000.0,2.0
-114.8,0.16,8.45,0.085,-523.4492,0.0,0,8,5,83000.0,0.0
-122.9066,0.9633,-0.6129,0.6118,-469.2062,0.0,0,10,5,289000.0,2.0
-113.0,0.4,9.525,0.0181,250.1902,0.0,0,10,5,289000.0,0.0
-120.643,0.7835,-0.5442,0.5926,-63.7966,0.0,0,10,5,289000.0,2.0
-115.5108,1.8101,-0.1462,2.6132,63.7223,0.113,0,12,8,1450000.0,1.0
-112.0178,1.5212,-5.5746,0.3272,-2.2868,0.1154,0,12,8,1450000.0,1.0
-116.4,0.24,6.325,0.5506,-478.1507,0.0,0,8,5,83000.0,0.0
-130.0519,0.5832,-8.3142,0.4554,12.8904,0.0,0,12,8,1450000.0,2.0
-124.3493,10.6691,-1.5282,5.9738,-444.6088,0.1518,0,8,5,83000.0,2.0
-111.225,0.2181,-2.925,0.1131,299.2636,0.0909,0,10,5,289000.0,1.0
-111.4,0.64,10.0,0.7875,195.4546,0.0,0,10,5,289000.0,0.0
-134.3962,4.0676,-11.1725,2.235,605.8395,0.0,0,12,8,1450000.0,2.0
-999.0,0.0,-999.0,0.0,0.0,1.0,0,10,5,0.0,1.0
-101.7,0.41,11.35,0.1775,-416.075,0.0,0,8,5,83000.0,0.0
-103.4481,0.3003,10.4674,0.251,331.1974,0.0,0,12,8,1450000.0,0.0
-111.1,1.29,9.125,0.3656,216.6358,0.0,0,10,5,289000.0,0.0
-131.8841,1.0059,-7.9215,0.8294,169.0462,0.0,0,12,8,1450000.0,2.0
-116.0,0.2,6.475,0.0181,-151.8338,0.0,0,8,5,83000.0,0.0
-116.3,0.21,6.675,0.0256,-476.473,0.0,0,8,5,83000.0,0.0
-133.6785,0.6481,-9.9102,0.5398,-2.9249,0.0,0,12,8,1450000.0,2.0
-117.8411,0.8781,6.9974,0.1779,426.4186,0.1227,0,12,8,1450000.0,0.0
-135.3333,10.3846,-12.7074,6.1443,225.8063,0.1667,0,12,8,1450000.0,2.0
-114.3125,0.793,-0.25,0.0937,-536.8709,0.0,0,8,5,83000.0,1.0
-108.9375,1.168,-4.1875,0.8867,-509.608,0.0,0,8,5,83000.0,1.0
-116.3,0.41,6.725,0.3806,-482.3449,0.0,0,8,5,83000.0,0.0
-117.3333,0.6806,-6.6667,0.1806,-549.4538,0.0,0,8,5,83000.0,1.0
-128.3019,0.0969,-6.0159,0.0447,-453.7395,0.0,0,8,5,83000.0,2.0
-116.3559,0.2414,5.7799,0.4161,433.8674,0.038,1,12,8,1450000.0,0.0
-103.485,0.4657,-5.258,2.4404,-26.9952,0.0,0,12,8,1450000.0,1.0
-132.0602,2.9965,-7.1964,1.911,-614.4004,0.1556,0,10,5,289000.0,2.0
-131.5107,2.619,-9.03,1.9254,478.0009,0.1667,0,12,8,1450000.0,2.0
-108.9167,0.2639,-5.9167,0.0972,-524.288,0.0,0,8,5,83000.0,1.0
-111.6,0.24,10.275,0.0056,158.5447,0.2308,0,10,5,289000.0,0.0
-102.2046,2.183,4.501,0.2801,70.8038,0.3122,13,12,8,1450000.0,1.0
-101.9,0.09,11.725,0.0556,-490.7336,0.0,0,8,5,83000.0,0.0
-129.1383,0.4568,-7.2081,0.3151,60.4257,0.0,0,12,8,1450000.0,2.0
-125.9996,1.8,-3.4927,1.1647,-449.5278,0.0,0,8,5,83000.0,2.0
-111.4811,0.3554,6.6591,0.3948,261.6032,0.0541,2,12,8,1450000.0,0.0
-133.9002,7.8998,-10.9252,5.1366,287.7649,0.1,0,12,8,1450000.0,2.0
-109.7,0.1725,-4.1,0.0525,282.2766,0.0909,0,10,5,289000.0,1.0
-125.0,0.8351,-1.8767,0.6916,-605.0008,0.0,0,10,5,289000.0,2.0
-116.5,0.2917,-5.8333,0.0139,-541.0652,0.0,0,8,5,83000.0,1.0
-126.9406,0.4516,-1.9644,0.2298,-430.9905,0.0,0,10,5,289000.0,2.0
-115.1242,0.2612,6.8159,0.1111,176.8677,0.1276,2,12,8,1450000.0,0.0
-128.0559,0.2759,-5.3458,0.2007,451.4937,0.0,0,8,5,83000.0,2.0
-113.4,0.64,9.225,0.0431,143.2355,0.0,0,10,5,289000.0,0.0
-117.0602,2.2113,-2.7913,1.3823,-456.9929,0.0,0,10,5,289000.0,2.0
-117.7,0.41,5.25,0.1,-620.7569,0.0,0,8,5,83000.0,0.0
-104.8694,0.8911,13.1987,0.2705,260.3093,0.0093,1,12,8,1450000.0,0.0
-121.203,2.1139,-16.5164,5.9136,-547.4677,0.9112,66,8,5,83000.0,1.0
-104.0,0.0,0.25,0.0,317.7185,0.8889,0,10,5,289000.0,1.0
-127.0197,7.2698,-4.7866,8.5703,-450.8221,0.0602,0,8,5,83000.0,2.0
-112.3417,0.58,-7.6657,0.4733,-562.4159,0.0,0,8,5,83000.0,2.0
-109.675,0.2131,-4.175,0.1381,283.9544,0.0909,0,10,5,289000.0,1.0
-103.225,1.4306,-0.825,0.6006,332.6083,0.0909,0,10,5,289000.0,1.0
-114.0,0.2,8.2,0.01,209.0861,0.0,0,10,5,289000.0,0.0
-114.9,0.69,8.15,1.09,-515.8994,0.0,0,8,5,83000.0,0.0
-111.9,0.29,9.65,0.015,215.1678,0.0,0,10,5,289000.0,0.0
-110.5,0.25,8.8,0.0725,258.9983,0.0909,0,10,5,289000.0,0.0
-111.0,0.0,9.9141,0.0,2189.4272,1.0,614,8,5,0.0,1.0
-105.8,0.0,3.3,0.0,2859.4668,1.0,81,10,5,0.0,1.0
-102.9,0.64,-1.8,0.41,300.3122,0.0909,0,10,5,289000.0,1.0
-114.3808,0.1811,7.1034,0.8038,2590.5607,0.3251,200,8,5,0.0,1.0
-104.7286,0.3615,13.0308,0.1469,396.9377,0.0,1,12,8,1450000.0,0.0
-121.7863,0.1205,-1.3164,0.1528,-84.92,0.0,0,10,5,289000.0,2.0
-123.1126,0.475,-1.562,0.4635,45.6887,0.1047,0,10,5,289000.0,2.0
-127.703,5.2866,-3.6066,3.0834,452.3769,0.0864,0,8,5,83000.0,2.0
-111.009,0.0035,-8.1147,0.01,-448.6352,0.0,0,8,5,83000.0,2.0
-113.9,0.29,8.625,0.0656,93.533,0.0,0,10,5,289000.0,0.0
-101.2,0.6475,-9.1,7.5775,91.5407,0.0,0,12,8,1450000.0,1.0
-124.4424,0.3694,-1.3227,0.2397,-422.5667,0.0,0,10,5,289000.0,2.0
-107.275,0.2431,-1.375,0.0781,291.7139,0.0909,0,10,5,289000.0,1.0
-102.9,0.29,11.65,0.065,-499.1221,0.0,0,8,5,83000.0,0.0
-110.7,0.81,9.7,0.91,-175.1122,0.1667,0,10,5,289000.0,0.0
-109.25,0.0417,-3.9167,0.9306,-524.288,0.0,0,8,5,83000.0,1.0
-105.4,0.24,1.875,0.0781,294.6499,0.2308,0,10,5,289000.0,1.0
-113.8,0.36,8.675,0.0506,212.6512,0.0,0,10,5,289000.0,0.0
-103.0,0.0,0.25,0.0,311.4271,0.9091,0,10,5,289000.0,1.0
-114.1875,0.0742,-2.6875,0.1367,-538.968,0.0,0,8,5,83000.0,1.0
-113.9,0.29,8.75,0.0125,-165.2556,0.0,0,8,5,83000.0,0.0
-103.95,1.2975,-3.65,0.0775,299.8928,0.0909,0,10,5,289000.0,1.0
-132.058,1.5993,-9.0676,1.4829,583.1262,0.0,0,12,8,1450000.0,2.0
-116.778,0.718,8.3728,0.3796,403.8362,0.154,1,12,8,1450000.0,0.0
-120.676,0.3285,-1.2073,0.2548,-607.4185,0.0,0,10,5,289000.0,2.0
-121.2771,1.6521,-10.8875,1.4486,235.7306,0.102,0,12,8,1450000.0,1.0
-115.9,0.415,-6.7,0.085,-525.9657,0.0,0,8,5,83000.0,1.0
-134.6795,7.4201,-10.8759,5.751,-55.086,0.0,0,12,8,1450000.0,2.0
-132.2251,0.8083,-9.4622,0.6486,614.8509,0.0,0,12,8,1450000.0,2.0
-106.0,0.0,3.2,0.0,2862.4028,1.0,72,10,5,0.0,1.0
-106.95,0.885,-0.55,0.035,322.9614,0.8077,0,10,5,289000.0,1.0
-120.3695,2.6082,-6.4067,3.3589,2720.3548,0.6255,104,8,5,83000.0,1.0
-130.9,2.2175,-7.4793,2.6543,227.9914,0.0,0,8,5,83000.0,2.0
-102.3,0.41,11.75,0.025,-482.3449,0.0,0,8,5,83000.0,0.0
-103.575,0.2006,-0.275,0.0556,287.7292,0.0909,0,10,5,289000.0,1.0
-119.2633,0.5013,-3.6675,0.3967,-442.5891,0.0,0,10,5,289000.0,2.0
-122.3556,0.1339,0.5677,0.1546,-617.1976,0.0,0,10,5,289000.0,2.0
-109.1582,0.149,-8.9925,0.5843,220.7424,0.1509,1,12,8,1450000.0,1.0
-133.8787,0.9928,-10.8943,0.7743,3.1448,0.0,0,12,8,1450000.0,2.0
-115.0,0.2,8.05,0.0475,-172.8053,0.0,0,8,5,83000.0,0.0
-122.9358,0.9071,0.1918,0.7202,-481.683,0.0,0,10,5,289000.0,2.0
-104.817,0.3789,10.6704,0.3422,238.5871,0.0,0,12,8,1450000.0,0.0
-131.2506,0.5182,-8.0639,0.385,-38.4298,0.0,0,12,8,1450000.0,2.0
-131.1358,3.4926,-7.8966,2.4647,295.7542,0.0,0,12,8,1450000.0,2.0
-112.1667,0.0139,-7.1667,0.0139,-521.4918,0.0,0,8,5,83000.0,1.0
